Order to Dispatch Status Report - TAPARIA IMPEX PVT LTD,,,,,,,,,,,,,,,,,,,,,,,,,,,,,,,,,,,,,,,,,,,,,,,,,,,,,,,,,,,,,,,,,,,,,,,,,,,,,,,,,,,,,,,,,,,,,,,,,,,,,,,,,,,,,,,,,,,,,,,,
Days Left,Image,Sales Order No,Design No,DivisionName,Party Name,Order Date,Design MRP,SO Qty,Lot Qty,Dispatch Qty,Dispatch%,SO Open?,Prod Active?,Order Value,Sale Value,Order Created By,Expected DDemoivery Date,# of Lots,# of Articles,PO Days Diff,Is FabricPORaised,Is TrimsPORaised,Fabric PO Days Diff,Trims PO Days Diff,Last Dispatch Date,Pending Qty,Ready Stock,Assorted Qty,Rejected Qty,Accesories,Accesories_Thread,Consumables,Knits -Fabric,Packing Material,Printing Chemical,Woven-Fabric,Consumption,Accesories,Accesories_Thread,Consumables,Knits -Fabric,Packing Material,Printing Chemical,Woven-Fabric,CUTTING_OutQty,CUTTING_InQty,CUTTING_OutDate,CUTTING_InDate,CUTTING_JWCost,CUTTING_JWName,Pending CUTTING,#Days CUTTING,PRINTING_OutQty,PRINTING_InQty,PRINTING_OutDate,PRINTING_InDate,PRINTING_JWCost,PRINTING_JWName,Pending PRINTING,#Days PRINTING,EMBRODIERY_OutQty,EMBRODIERY_InQty,EMBRODIERY_OutDate,EMBRODIERY_InDate,EMBRODIERY_JWCost,EMBRODIERY_JWName,Pending EMBRODIERY,#Days EMBRODIERY,STITCHING_OutQty,STITCHING_InQty,STITCHING_OutDate,STITCHING_InDate,STITCHING_JWCost,STITCHING_JWName,Pending STITCHING,#Days STITCHING,STITCH_TO_PACK_OutQty,STITCH_TO_PACK_InQty,STITCH_TO_PACK_OutDate,STITCH_TO_PACK_InDate,STITCH_TO_PACK_JWCost,STITCH_TO_PACK_JWName,Pending STITCH_TO_PACK,#Days STITCH_TO_PACK,WASHING_OutQty,WASHING_InQty,WASHING_OutDate,WASHING_InDate,WASHING_JWCost,WASHING_JWName,Pending WASHING,#Days WASHING,IRON_TO_FINISHING_OutQty,IRON_TO_FINISHING_InQty,IRON_TO_FINISHING_OutDate,IRON_TO_FINISHING_InDate,IRON_TO_FINISHING_JWCost,IRON_TO_FINISHING_JWName,Pending IRON_TO_FINISHING,#Days IRON_TO_FINISHING,PACKING_Finishing_OutQty,PACKING_Finishing_InQty,PACKING_Finishing_OutDate,PACKING_Finishing_InDate,PACKING_Finishing_JWCost,PACKING_Finishing_JWName,Pending PACKING_Finishing,#Days PACKING_Finishing,Fabric Days,Trims Days,Total Days,Ideal Days,IDemoe Days,RM Cost,JW Cost,Total Cost,Cost Per Pcs,Cost / CostSheet,GP,Cut To Ship
-117,,03572/25-26,Design,Knits - Kids,HOME2,01/04/25,0.00,10000,0,161587,1615.9,Yes,False,1000000.00,9667247.00,Manoj,11/12/25,0,1,,No,No,,0,06/04/26,-151587,0,0,0,-,-,-,-,-,-,-,,-,-,-,-,-,-,-,-,-,-,-,-,-,-,-,-,-,-,-,-,-,-,-,-,-,-,-,-,-,-,-,-,-,-,-,-,-,-,-,-,-,-,-,-,-,-,-,-,-,-,-,-,-,-,-,-,-,-,-,-,-,-,-,-,-,-,-,-,-,-,-,0,0,0,0,0,0.00,0.00,0.00,51.00,0.00,9667247.00,0
-301,,00049/25-26,Demo-UP-HS-0491-0425,Knits - Kids,Hero123,01/04/25,0.00,750,750,0,0,Yes,False,42000.00,,MALOTI RIKIASON,10/06/25,1,1,2,Yes,No,2,2,,750,0,0,0,815,,,,,,,0.081,489,,,4752,,,,750.00,750.00,02/05/2025,03/05/2025,750.00,"KNITS CUTTING (BLOCK- 4, 1ST FLOOR)",0,1,750.00,750.00,05/05/2025,09/05/2025,6000.00,LAXMI MACHINE MANORANJAN,0,4,-,-,-,-,-,-,0,0,750.00,750.00,09/05/2025,17/05/2025,6750.00,RUKSANA ENTERPRISE,0,8,-,-,-,-,-,-,0,0,-,-,-,-,-,-,0,0,746.00,728.00,21/05/2025,28/05/2025,1019.20,SHANKAR ENTERPRISE IN HOUSE,18,7,-,-,-,-,-,-,0,0,28,0,26,20,6,5241.00,14519.20,19760.20,25.95,0.00,-19760.20,0
84,,00338/25-26,Demo-JB-WO-CA-SH-FS-RF-00598-0425,Woven,Raju mega amrt,08/04/25,299.00,7200,7200,0,0,Yes,True,1080000.00,,MD SAMIM SK,30/06/26,1,1,2,Yes,Yes,2,2,,7200,0,15,23,36,,,,,,,0.731,34389.6,,,,,,647441.25,7200.00,7200.00,24/07/2025,04/08/2025,10800.00,TIPL- LINE NO-8,0,11,-,-,-,-,-,-,0,0,-,-,-,-,-,-,0,0,7200.00,7200.00,05/08/2025,27/08/2025,313200.00,TIPL- LINE NO-8,0,22,-,-,-,-,-,-,0,0,7200.00,7194.00,27/08/2025,11/09/2025,43164.00,RAZA WASHING PROCESS,6,15,-,-,-,-,-,-,0,0,-,-,-,-,-,-,0,0,90,83,49,48,1,681830.85,367164.00,1048994.85,145.69,0.00,-1048994.85,0
84,,00339/25-26,Demo-JB-WO-CA-SH-FS-RF-00599-0425,Woven,Raju mega amrt,08/04/25,299.00,7200,7200,3960,55,Yes,True,1080000.00,677952.00,MD SAMIM SK,30/06/26,1,1,2,Yes,Yes,2,2,26/07/25,3240,3960,0,0,75146,,,,8758,,,0.677,39276.1,,,,11439,,636352.5,7200.00,7205.00,06/06/2025,16/06/2025,10807.50,TIPL- LINE NO-3,0,10,-,-,-,-,-,-,0,0,-,-,-,-,-,-,0,0,7204.00,7204.00,17/06/2025,01/07/2025,285998.80,"BLOCK 4 STICHING BAPI GAZI, TIPL- LINE NO-3",0,14,-,-,-,-,-,-,0,0,7198.00,7192.00,01/07/2025,07/07/2025,43152.00,RAZA WASHING PROCESS,6,6,7191.00,7180.00,07/07/2025,15/07/2025,46670.00,SHANKAR ENTERPRISE IN HOUSE,11,8,-,-,-,-,-,-,0,0,55,67,39,38,1,687067.60,386687.50,1073755.10,131.84,0.00,-395803.10,55
84,,00345/25-26,Demo-JB-WO-CA-SH-FS-RF-00601-0425,Woven,Raju mega amrt,09/04/25,399.00,6000,6000,4200,70,Yes,True,1110000.00,777000.00,MD SAMIM SK,30/06/26,1,1,8,Yes,Yes,8,8,01/08/25,1800,4200,0,29,30,,,,2,,,0.671,18225,,960,,5978,,776030.9,6000.00,6000.00,17/06/2025,28/06/2025,01/02/9000,TIPL- LINE NO- 5,0,11,-,-,-,-,-,-,0,0,-,-,-,-,-,-,0,0,6000.00,6000.00,28/06/2025,16/07/2025,244200.00,"BLOCK 4 (2ND FLOOR) NOOR DA, BLOCK 4 STICHING BAPI GAZI, TIPL- LINE NO- 5",0,18,-,-,-,-,-,-,0,0,6000.00,6000.00,17/07/2025,17/07/2025,36000.00,RAZA WASHING PROCESS,0,1,5994.00,5965.00,23/07/2025,29/07/2025,38772.50,MAHADEV ENTERPRISES AND FINISHING ( SUBHAJIT ),29,6,-,-,-,-,-,-,0,0,68,100,42,36,6,801193.90,329763.52,1130957.42,147.01,0.00,-353957.42,70
129,,00341/25-26,Demo-UP-FS-0723-0425,Knits - Kids,Raju mega amrt,09/04/25,129.00,50000,50040,33336,66.7,Yes,True,3750000.00,2500200.00,MALOTI RIKIASON,14/08/26,10,1,24,Yes,Yes,24,24,19/09/25,16664,33336,0,0,,,,,15,,,0.136,3937.5,41180,,2746006.13,39518,,,50040.00,50280.00,17/07/2025,21/07/2025,50280.00,"KNITS CUTTING (BLOCK- 4, 1ST FLOOR)",0,4,50280.00,50280.00,21/07/2025,26/07/2025,382128.00,LAXMI MACHINE MANORANJAN,0,5,-,-,-,-,-,-,0,0,38568.00,38604.00,01/08/2025,23/08/2025,411502.19,"AKASH GARMENT , GOPALKA GARMENTS ( ADITYA SIR ), MAHAKASH EXIM , STORE, SUMITRA TEXTILE, TAPARIA  BLOCK 4, 2ND FLOOR,( ANIL ) , TAPARIA BLOCK 24 (L SUBRATA), TAPARIA BLOCK 4 4TH FLOOR (L FIROZ), TAPARIA KHILKAPUR ( LAXMI GARMENTS )",0,22,15072.00,14877.00,20/08/2025,01/09/2025,218195.99,"CHICCUBS  CLOTHING PRIVATE LIMITED, GOPALKA GARMENTS ( ADITYA SIR )",195,12,-,-,-,-,-,-,0,0,32942.00,32935.00,25/08/2025,25/08/2025,40155.34,"4TH FLOOR IRONING, PURUSOTTOM 4TH BLOCK 2ND FLOOR, TG ENTERPRISE",7,1,24436.00,24295.00,19/08/2025,25/08/2025,10932.75,RAJ SARKAR (GARMENTS FINISHING CONTRACTOR),141,6,83,104,46,50,-4,2830641.63,1120289.60,3950931.23,78.58,0.00,-1450731.23,66.3
129,,00343/25-26,Demo-UP-FS-0725-0425,Knits - Kids,Raju mega amrt,09/04/25,129.00,50000,50040,33658,67.3,Yes,True,3750000.00,2524350.00,MALOTI RIKIASON,14/08/26,10,1,24,Yes,Yes,24,24,23/09/25,16342,33658,0,0,,,,,18,,,0.139,1087.5,5800,,2568385.49,50619,,,51528.00,49896.00,28/07/2025,30/07/2025,49896.00,"KNITS CUTTING (BLOCK- 4, 1ST FLOOR)",1632,2,49896.00,49896.00,31/07/2025,11/08/2025,316007.98,LAXMI MACHINE MANORANJAN,0,11,-,-,-,-,-,-,0,0,34788.00,34472.00,13/08/2025,27/08/2025,436969.00,"A & B  READY MADE  GARMENTS  , LOKENATH READYMADE FACTORY ( SENTU BISWAS ), MAHAKASH EXIM , MM Textiles, MODERN CREATION , RUKSANA ENTERPRISE, SUMITRA TEXTILE, TAPARIA BLOCK 24 (L SUBRATA), TAPARIA BLOCK 4 4TH FLOOR (L FIROZ), TAPARIA KHILKAPUR ( LAXMI GARMENTS )",316,14,13428.00,13378.00,23/08/2025,13/09/2025,167225.00,"CHICCUBS  CLOTHING PRIVATE LIMITED, GOPALKA GARMENTS ( ADITYA SIR )",50,21,-,-,-,-,-,-,0,0,27968.00,27904.00,03/09/2025,06/09/2025,55808.00,"AP ENTERPRISE ( PRASENJIT HAZRA ), VOLKAN SERVICES OPC PVT. LTD.",64,3,-,-,-,-,-,-,0,0,110,104,47,51,-4,2625891.99,1003927.50,3629819.49,72.13,0.00,-1105469.49,67.5
-194,,00392/25-26,EB-Demo-WO-CA-SH-HS-RF-00606-0425,Woven,intrn lmtd,11/04/25,399.00,2200,2200,0,0,Yes,True,506000.00,,Saikat Kr Das,25/09/25,1,1,132,Yes,Yes,132,132,,2200,0,0,0,4250,,,,714,,,0.84,3961.5,,,,2591.55,,308775.5,2200.00,2372.00,12/01/2026,27/01/2026,3558.00,TIPL- LINE NO-8,0,15,2396.00,2396.00,28/01/2026,02/02/2026,23960.00,LAXMI MACHINE MANORANJAN,0,5,-,-,-,-,-,-,0,0,2372.00,2372.00,24/01/2026,02/03/2026,86578.00,TIPL- LINE NO-8,0,37,-,-,-,-,-,-,0,0,2372.00,2372.00,02/03/2026,05/03/2026,14232.00,SUBHAJIT WASH,0,3,2351.00,2351.00,19/03/2026,01/04/2026,9874.20,SHANKAR ENTERPRISE IN HOUSE,0,13,-,-,-,-,-,-,0,0,132,216,79,73,6,315328.55,138202.20,453530.75,191.20,0.00,-453530.75,0
-342,,01398/25-26,GG_LADIES T-SHIRT,Others,market lmtd,15/04/25,199.00,292691,0,398953,136.3,Yes,True,37757139.00,52727087.00,RAKESH NAYAK,30/04/25,0,1,76,Yes,No,76,76,27/03/26,-106262,0,0,0,-,-,-,-,-,-,-,,-,-,-,-,-,-,-,-,-,-,-,-,-,-,-,-,-,-,-,-,-,-,-,-,-,-,-,-,-,-,-,-,-,-,-,-,-,-,-,-,-,-,-,-,-,-,-,-,-,-,-,-,-,-,-,-,-,-,-,-,-,-,-,-,-,-,-,-,-,-,-,102,0,0,0,0,0.00,0.00,0.00,109.00,0.00,52727087.00,0
-342,,01397/25-26,GG_LADIES T-SHIRT,Others,bangur client,15/04/25,199.00,103528,0,206568,199.5,Yes,True,13355112.00,24548280.00,RAKESH NAYAK,30/04/25,0,1,,No,No,,0,24/03/26,-103040,0,0,0,-,-,-,-,-,-,-,,-,-,-,-,-,-,-,-,-,-,-,-,-,-,-,-,-,-,-,-,-,-,-,-,-,-,-,-,-,-,-,-,-,-,-,-,-,-,-,-,-,-,-,-,-,-,-,-,-,-,-,-,-,-,-,-,-,-,-,-,-,-,-,-,-,-,-,-,-,-,-,0,0,0,0,0,0.00,0.00,0.00,109.00,0.00,24548280.00,0
129,,00537/25-26,Demo-JB-SET-FS-0972-0425,Knits - Kids,Raju mega amrt,19/04/25,299.00,7602,5706,3800,50,Yes,True,1277136.00,638400.00,SUBHAJIT PATRA,14/08/26,3,2,0,Yes,Yes,0,0,03/10/25,3802,3800,0,0,86,,,,14,,,0.11,18716,,,543997.3,13212,,,11412.00,11712.00,28/06/2025,01/07/2025,11712.00,"KNITS CUTTING (BLOCK- 4, 1ST FLOOR)",0,3,-,-,-,-,-,-,0,0,-,-,-,-,-,-,0,0,11712.00,11731.00,02/07/2025,12/07/2025,194894.56,"BARSHA GARMENTS, RUKSANA ENTERPRISE",0,10,-,-,-,-,-,-,0,0,-,-,-,-,-,-,0,0,10882.00,10827.00,26/09/2025,27/09/2025,14075.10,"4TH FLOOR IRONING, VOLKAN SERVICES OPC PVT. LTD.",55,1,7640.00,7640.00,26/09/2025,03/10/2025,4584.00,JAMINUL MONDAL,0,7,66,90,97,21,76,575925.30,220234.60,796159.90,135.96,0.00,-157759.90,32.4
129,,00539/25-26,Demo-JB-SET-FS-0974-0425,Knits - Kids,Raju mega amrt,19/04/25,299.00,5217,6964,0,0,Yes,True,876456.00,,SUBHAJIT PATRA,14/08/26,3,2,0,Yes,Yes,0,0,,5217,0,0,0,125,,,,,,,0.104,12690,3840,,526763.4,,,,13928.00,12042.00,26/06/2025,03/07/2025,12042.00,"KNITS CUTTING (BLOCK- 4, 1ST FLOOR)",1886,7,-,-,-,-,-,-,0,0,-,-,-,-,-,-,0,0,12043.00,12030.00,03/07/2025,15/07/2025,114285.00,"TAPARIA  BLOCK 4, 2ND FLOOR,( ANIL ) , TAPARIA BLOCK 24 (L SUBRATA), TAPARIA BLOCK 4 4TH FLOOR (L FIROZ)",13,12,-,-,-,-,-,-,0,0,-,-,-,-,-,-,0,0,-,-,-,-,-,-,0,0,-,-,-,-,-,-,0,0,66,90,19,19,0,543293.40,126343.00,669636.40,111.20,0.00,-669636.40,0
54,,00536/25-26,PMART-MU-KN-TS-HS-SF-0052-0425,Knits - Men,HOME2,19/04/25,199.00,400,400,392,98,Yes,True,43600.00,48000.00,Saikat Kr Das,31/05/26,1,1,5,Yes,Yes,5,5,31/03/26,8,616,0,23,1331,,,,,,,0.242,785.72,,,53551.3,,,,640.00,640.00,23/08/2025,10/09/2025,640.00,CLUBTEX APPARDemoS,0,18,-,-,-,-,-,-,0,0,-,-,-,-,-,-,0,0,-,-,-,-,-,-,0,0,640.00,640.00,10/09/2025,12/11/2025,12864.00,CLUBTEX APPARDemoS,0,63,-,-,-,-,-,-,0,0,-,-,-,-,-,-,0,0,-,-,-,-,-,-,0,0,122,37,81,81,0,54337.02,16533.40,70870.42,110.74,0.00,-22870.42,61.2
54,,00535/25-26,PMART-MU-KN-TS-HS-SF-0051-0425,Knits - Men,HOME2,19/04/25,199.00,400,400,392,98,Yes,True,50000.00,48000.00,Saikat Kr Das,31/05/26,1,1,5,Yes,Yes,5,5,31/03/26,8,640,0,16,7931,,,,3847,,,0.236,3788.72,,,55118.5,8152,,,656.00,656.00,23/08/2025,10/09/2025,656.00,CLUBTEX APPARDemoS,0,18,-,-,-,-,-,-,0,0,-,-,-,-,-,-,0,0,-,-,-,-,-,-,0,0,656.00,656.00,10/09/2025,12/11/2025,13185.60,CLUBTEX APPARDemoS,0,63,-,-,-,-,-,-,0,0,-,-,-,-,-,-,0,0,-,-,-,-,-,-,0,0,122,37,81,81,0,67059.22,17024.00,84083.22,128.18,0.00,-36083.22,59.8
129,,00538/25-26,Demo-JB-SET-FS-0973-0425,Knits - Kids,Raju mega amrt,19/04/25,299.00,7602,7608,0,0,Yes,True,1277136.00,,SUBHAJIT PATRA,14/08/26,4,2,0,Yes,Yes,0,0,,7602,0,0,0,125,,,,,,,0.108,15992,17308,,682971.5,,,,15216.00,12198.00,25/06/2025,26/06/2025,12198.00,"KNITS CUTTING (BLOCK- 4, 1ST FLOOR)",3018,1,-,-,-,-,-,-,0,0,-,-,-,-,-,-,0,0,12198.00,12171.00,01/07/2025,11/07/2025,114103.13,"BLOCK 4 STICHING BAPI GAZI, TAPARIA BLOCK 24 (L SUBRATA), TAPARIA BLOCK 4 4TH FLOOR (L FIROZ)",27,10,-,-,-,-,-,-,0,0,-,-,-,-,-,-,0,0,-,-,-,-,-,-,0,0,-,-,-,-,-,-,0,0,66,90,16,11,5,716271.50,124083.00,840354.50,137.79,0.00,-840354.50,0
-194,,00558/25-26,EB-IN-WO-CA-SH-HS-RF-00613-0425,Woven,intrn lmtd,21/04/25,299.00,628,628,0,0,Yes,False,94200.00,,Saikat Kr Das,25/09/25,1,1,49,No,Yes,49,0,,628,0,0,0,3,,,,,,,0.443,1010,,,,7304.48,,31250,628.00,564.00,16/05/2025,17/05/2025,705.00,DILIP,64,1,564.00,549.00,30/04/2025,16/05/2025,549.00,LAXMI MACHINE MANORANJAN,15,16,-,-,-,-,-,-,0,0,564.00,567.00,19/05/2025,26/05/2025,18994.50,TIPL- LINE NO-7,0,7,-,-,-,-,-,-,0,0,-,-,-,-,-,-,0,0,541.00,541.00,06/06/2025,14/06/2025,2705.00,SHANKAR ENTERPRISE IN HOUSE,0,8,-,-,-,-,-,-,0,0,0,50,45,32,13,39564.48,22953.50,62517.98,110.85,0.00,-62517.98,0
54,,00635/25-26,PMART-MU-KN-TS-HS-SF-0055-0425,Knits - Men,HOME2,23/04/25,199.00,400,400,392,98,Yes,True,50000.00,48000.00,Saikat Kr Das,31/05/26,1,1,1,Yes,Yes,1,1,31/03/26,8,614,0,41,1327,,,,,,,0.233,781.64,,,53002.15,,,,656.00,656.00,23/08/2025,10/09/2025,656.00,CLUBTEX APPARDemoS,0,18,-,-,-,-,-,-,0,0,-,-,-,-,-,-,0,0,-,-,-,-,-,-,0,0,656.00,656.00,10/09/2025,12/11/2025,13185.60,CLUBTEX APPARDemoS,0,63,-,-,-,-,-,-,0,0,-,-,-,-,-,-,0,0,-,-,-,-,-,-,0,0,118,33,81,81,0,53783.79,16769.00,70552.79,107.55,0.00,-22552.79,59.8
54,,00634/25-26,PMART-MU-KN-TS-HS-SF-0054-0425,Knits - Men,HOME2,23/04/25,199.00,400,400,392,98,Yes,True,50000.00,48000.00,Saikat Kr Das,31/05/26,1,1,1,Yes,Yes,1,1,31/03/26,8,648,0,8,1327,,,,,,,0.234,781.64,,,54545.2,,,,656.00,656.00,23/08/2025,10/09/2025,656.00,CLUBTEX APPARDemoS,0,18,-,-,-,-,-,-,0,0,-,-,-,-,-,-,0,0,-,-,-,-,-,-,0,0,626.00,656.00,10/09/2025,12/11/2025,13185.60,CLUBTEX APPARDemoS,0,63,-,-,-,-,-,-,0,0,-,-,-,-,-,-,0,0,-,-,-,-,-,-,0,0,118,33,81,81,0,55326.84,17105.60,72432.44,110.42,0.00,-24432.44,59.8
54,,00633/25-26,PMART-MU-KN-TS-HS-SF-0053-0425,Knits - Men,HOME2,23/04/25,199.00,400,400,392,98,Yes,True,50000.00,48000.00,Saikat Kr Das,31/05/26,1,1,1,Yes,Yes,1,1,31/03/26,8,616,0,24,1331,,,,,,,0.241,785.72,,,53506.1,,,,640.00,640.00,23/08/2025,10/09/2025,640.00,CLUBTEX APPARDemoS,0,18,-,-,-,-,-,-,0,0,-,-,-,-,-,-,0,0,-,-,-,-,-,-,0,0,640.00,640.00,10/09/2025,12/11/2025,12864.00,CLUBTEX APPARDemoS,0,63,-,-,-,-,-,-,0,0,-,-,-,-,-,-,0,0,-,-,-,-,-,-,0,0,118,33,81,81,0,54291.82,16523.20,70815.02,110.65,0.00,-22815.02,61.2
84,,00805/25-26,Demo-JB-WO-CA-SH-FS-RF-00618-0425,Woven,Raju mega amrt,26/04/25,299.00,5500,5500,0,0,Yes,True,825000.00,,MD SAMIM SK,30/06/26,1,1,11,Yes,Yes,11,11,,5500,0,3,6,28,,,,,,,0.72,21943.2,5335,,,4879,,487572,5500.00,5504.00,08/07/2025,12/07/2025,8256.00,TIPL- LINE NO-4,0,4,-,-,-,-,-,-,0,0,-,-,-,-,-,-,0,0,5504.00,5504.00,12/07/2025,19/07/2025,217408.00,TIPL- LINE NO-4,0,7,-,-,-,-,-,-,0,0,5504.00,5504.00,20/07/2025,21/07/2025,33024.00,RAZA WASHING PROCESS,0,1,5493.00,5490.00,22/07/2025,28/07/2025,35685.00,SHANKAR ENTERPRISE IN HOUSE,3,6,-,-,-,-,-,-,0,0,68,83,20,18,2,519729.20,294373.00,814102.20,147.91,0.00,-814102.20,0
84,,00809/25-26,Demo-JB-WO-CA-SH-FS-RF-00620-0425,Woven,Raju mega amrt,26/04/25,299.00,5500,5500,0,0,Yes,True,825000.00,,MD SAMIM SK,30/06/26,1,1,11,Yes,Yes,11,11,,5500,0,9,22,28,,,,,,,0.697,31810,,,,4960,,508881.75,5500.00,5500.00,25/06/2025,04/07/2025,01/02/8250,TIPL- LINE NO-8,0,9,-,-,-,-,-,-,0,0,-,-,-,-,-,-,0,0,5500.00,5500.00,04/07/2025,28/07/2025,217250.00,"TAPARIA  BLOCK 4, 2ND FLOOR,( ANIL ) , TIPL- LINE NO-8",0,24,-,-,-,-,-,-,0,0,5500.00,5498.00,31/07/2025,01/08/2025,32988.00,SUBHAJIT WASH,2,1,5462.00,5462.00,02/08/2025,07/08/2025,35503.00,SHANKAR ENTERPRISE IN HOUSE,0,5,-,-,-,-,-,-,0,0,55,83,43,39,4,545651.75,293991.02,839642.77,145.88,0.00,-839642.77,0
-342,,01400/25-26,GG_LADIES T-SHIRT,Others,Rebin,28/04/25,199.00,5894,0,6632,112.5,Yes,True,760326.00,882466.00,RAKESH NAYAK,30/04/25,0,1,,No,No,,0,23/03/26,-738,0,0,0,-,-,-,-,-,-,-,,-,-,-,-,-,-,-,-,-,-,-,-,-,-,-,-,-,-,-,-,-,-,-,-,-,-,-,-,-,-,-,-,-,-,-,-,-,-,-,-,-,-,-,-,-,-,-,-,-,-,-,-,-,-,-,-,-,-,-,-,-,-,-,-,-,-,-,-,-,-,-,0,0,0,0,0,0.00,0.00,0.00,109.00,0.00,882466.00,0
268,,00944/25-26,Demo-MU-KN-PLO-TS-HS-0215-0425,Knits - Men,Hero123,30/04/25,249.00,602,600,407,67.6,Yes,True,87290.00,59015.00,Priya Das Chowdhury,31/12/26,1,1,8,Yes,No,8,8,27/08/25,195,407,0,9,2470,,,,,,,0.298,755.9,,,39012.5,,,,600.00,407.00,24/07/2025,03/09/2025,407.00,SUPRA  INDUSTRIES,193,41,-,-,-,-,-,-,0,0,-,-,-,-,-,-,0,0,-,-,-,-,-,-,0,0,407.00,407.00,03/09/2025,11/11/2025,11192.50,SUPRA  INDUSTRIES,0,69,-,-,-,-,-,-,0,0,-,-,-,-,-,-,0,0,-,-,-,-,-,-,0,0,85,0,110,110,0,39768.40,16462.00,56230.40,138.16,0.00,2784.60,100
129,,00943/25-26,Demo-JB-SET-HS-1116-0425,Knits - Kids,Raju mega amrt,30/04/25,299.00,6702,6702,0,0,Yes,True,1125936.00,,MALOTI RIKIASON,14/08/26,2,2,5,Yes,Yes,5,5,,6702,0,0,0,112,,,,,,,0.105,7574,16878,,854774.25,,,,14640.00,14682.00,04/07/2025,08/07/2025,14682.00,"KNITS CUTTING (BLOCK- 4, 1ST FLOOR)",0,4,-,-,-,-,-,-,0,0,-,-,-,-,-,-,0,0,14682.00,14653.00,09/07/2025,21/07/2025,135540.25,"TAPARIA BLOCK 24 (L SUBRATA), TAPARIA BLOCK 4 4TH FLOOR (L FIROZ)",29,12,-,-,-,-,-,-,0,0,-,-,-,-,-,-,0,0,-,-,-,-,-,-,0,0,-,-,-,-,-,-,0,0,64,76,17,16,1,879226.25,150544.00,1029770.25,140.28,0.00,-1029770.25,0
84,,01028/25-26,Demo-MU-KN-CA-TS-HS-SF-0202-0425,Knits - Men,HOME2,03/05/25,299.00,480,480,600,125,Yes,True,74400.00,77800.00,Saikat Kr Das,30/06/26,1,1,,No,No,,0,25/03/26,-120,600,0,89,,,,1,,,,0.002,,,,350,,,,628.00,628.00,22/07/2025,23/07/2025,628.00,STIFF AND STAY,0,1,-,-,-,-,-,-,0,0,-,-,-,-,-,-,0,0,-,-,-,-,-,-,0,0,628.00,628.00,23/07/2025,09/08/2025,92316.00,STIFF AND STAY,0,17,-,-,-,-,-,-,0,0,-,-,-,-,-,-,0,0,-,-,-,-,-,-,0,0,0,0,18,18,0,350.00,92944.00,93294.00,148.56,0.00,-15494.00,95.5
268,,01064/25-26,Demo-MU-KN-SANDO-0225-0525,Knits - Men,HOME2,06/05/25,199.00,1140,1140,1023,89.7,Yes,True,142500.00,119253.00,Priya Das Chowdhury,31/12/26,1,1,25,No,Yes,25,0,28/03/26,117,1200,0,0,8380,,,,1540,,,0.181,1297.6,,,59230.7,2340.8,,,1320.00,1320.00,14/05/2025,16/05/2025,1320.00,"KNITS CUTTING (BLOCK- 4, 1ST FLOOR)",0,2,-,-,-,-,-,-,0,0,-,-,-,-,-,-,0,0,1360.00,1287.00,16/05/2025,24/05/2025,16731.00,BLOCK 4 STICHING BAPI GAZI,73,8,-,-,-,-,-,-,0,0,-,-,-,-,-,-,0,0,1200.00,1200.00,21/06/2025,23/06/2025,3600.00,TIPL BLOCK 4 2ND FLOOR FINISHING ( MUNNA DA ),0,2,147.00,147.00,24/03/2026,31/03/2026,220.50,"Bipula das (Asgar), TIPL BLOCK 4 2ND FLOOR FINISHING ( MUNNA DA )",0,7,0,39,321,19,302,62869.10,21871.50,84740.60,64.20,0.00,34512.40,77.5
268,,01065/25-26,Demo-MU-KN-SANDO-0226-0525,Knits - Men,HOME2,06/05/25,199.00,1140,1140,1023,89.7,Yes,False,142500.00,118653.00,Priya Das Chowdhury,31/12/26,1,1,25,No,Yes,25,0,28/03/26,117,1023,0,0,7550,18,,,1680,,,0.185,4226.4,1478,,65990.73,2553.6,,,1440.00,1440.00,13/05/2025,17/05/2025,1440.00,"KNITS CUTTING (BLOCK- 4, 1ST FLOOR)",0,4,-,-,-,-,-,-,0,0,-,-,-,-,-,-,0,0,1390.00,1441.00,19/05/2025,29/05/2025,18733.00,BLOCK 4 STICHING BAPI GAZI,0,10,-,-,-,-,-,-,0,0,-,-,-,-,-,-,0,0,1380.00,1380.00,21/06/2025,30/06/2025,4140.00,TIPL BLOCK 4 2ND FLOOR FINISHING ( MUNNA DA ),0,9,147.00,147.00,24/03/2026,31/03/2026,220.50,Bipula das (Asgar),0,7,0,39,322,30,292,74248.73,24533.50,98782.23,68.60,0.00,19870.77,71
268,,01059/25-26,Demo-MU-KN-SANDO-0222-0525,Knits - Men,HOME2,06/05/25,199.00,960,960,903,94.1,Yes,True,120000.00,104853.00,Priya Das Chowdhury,31/12/26,1,1,25,No,Yes,25,0,28/03/26,57,974,0,0,7296,,,,1032,,,0.185,2106.12,,,97315,1517.04,,,960.00,1032.00,13/05/2025,16/05/2025,1032.00,"KNITS CUTTING (BLOCK- 4, 1ST FLOOR)",0,3,-,-,-,-,-,-,0,0,-,-,-,-,-,-,0,0,1064.00,1064.00,16/05/2025,29/05/2025,13832.00,BLOCK 4 STICHING BAPI GAZI,0,13,-,-,-,-,-,-,0,0,-,-,-,-,-,-,0,0,932.00,932.00,21/06/2025,26/06/2025,2796.00,TIPL BLOCK 4 2ND FLOOR FINISHING ( MUNNA DA ),0,5,147.00,147.00,24/03/2026,31/03/2026,220.50,"Bipula das (Asgar), TIPL BLOCK 4 2ND FLOOR FINISHING ( MUNNA DA )",0,7,0,39,322,28,294,100938.16,17880.50,118818.66,115.13,0.00,-13965.66,87.5
268,,01061/25-26,Demo-MU-KN-SANDO-0223-0525,Knits - Men,HOME2,06/05/25,199.00,1140,1140,1143,100.3,Yes,False,142500.00,133053.00,Priya Das Chowdhury,31/12/26,1,1,25,No,Yes,25,0,28/03/26,-3,1143,0,0,7934,20,,,1736,,,0.183,4816.08,1100,,131987,2638.72,,,1488.00,1488.00,13/05/2025,17/05/2025,1488.00,"KNITS CUTTING (BLOCK- 4, 1ST FLOOR)",0,4,-,-,-,-,-,-,0,0,-,-,-,-,-,-,0,0,1488.00,1491.00,19/05/2025,29/05/2025,15655.50,BLOCK 4 STICHING BAPI GAZI,0,10,-,-,-,-,-,-,0,0,-,-,-,-,-,-,0,0,1355.00,1355.00,21/06/2025,26/06/2025,4065.00,TIPL BLOCK 4 2ND FLOOR FINISHING ( MUNNA DA ),0,5,147.00,147.00,24/03/2026,31/03/2026,220.50,"Bipula das (Asgar), TIPL BLOCK 4 2ND FLOOR FINISHING ( MUNNA DA )",0,7,0,39,322,26,296,140541.80,25036.50,165578.30,111.28,0.00,-32525.30,76.8
268,,01063/25-26,Demo-MU-KN-SANDO-0224-0525,Knits - Men,HOME2,06/05/25,199.00,1140,1140,624,54.7,Yes,False,142500.00,71100.00,Priya Das Chowdhury,31/12/26,1,1,25,No,Yes,25,0,28/03/26,516,624,0,0,6671,,,,1848,,,0.177,1254.3,,,133000,2808.96,,,1584.00,1584.00,14/05/2025,17/05/2025,1584.00,"KNITS CUTTING (BLOCK- 4, 1ST FLOOR)",0,3,-,-,-,-,-,-,0,0,-,-,-,-,-,-,0,0,1584.00,1589.00,19/05/2025,21/06/2025,16684.50,"BLOCK 4 STICHING BAPI GAZI, TAPARIA  BLOCK 4, 2ND FLOOR,( ANIL )",0,33,-,-,-,-,-,-,0,0,-,-,-,-,-,-,0,0,1391.00,1391.00,01/07/2025,09/07/2025,4173.00,TIPL BLOCK 4 2ND FLOOR FINISHING ( MUNNA DA ),0,8,150.00,150.00,24/03/2026,31/03/2026,225.00,"Bipula das (Asgar), TIPL BLOCK 4 2ND FLOOR FINISHING ( MUNNA DA )",0,7,0,39,321,51,270,137063.26,26424.00,163487.26,103.21,0.00,-92387.26,39.4
-286,,01067/25-26,OW-Demo-WO-CA-SH-HS-RF-00625-0525,Woven,Express,08/05/25,249.00,6000,6000,2096,34.9,Yes,True,870000.00,238448.00,VISHNU SHARMA,25/06/25,1,1,,No,No,,0,08/09/25,3904,2096,0,0,30,,,,,,,2.456,13010.4,,,,2154.6,,608775.6,6000.00,1960.00,24/05/2025,07/06/2025,2940.00,TIPL- LINE NO-8,4040,14,-,-,-,-,-,-,0,0,-,-,-,-,-,-,0,0,1960.00,1960.00,01/07/2025,01/07/2025,65660.00,TIPL- LINE NO-8,0,1,-,-,-,-,-,-,0,0,1780.00,1780.00,03/07/2025,07/07/2025,10680.00,RAZA WASHING PROCESS,0,4,1957.00,1957.00,07/07/2025,09/07/2025,8072.63,"JD ENTERPRISE, PURUSHOTTAM CHANDRAVANSHI , SHANKAR ENTERPRISE IN HOUSE",0,2,-,-,-,-,-,-,0,0,0,0,46,21,25,623940.60,87741.20,711681.80,363.10,0.00,-473233.80,106.9
-285,,01129/25-26,OW-Demo-WO-CA-SH-HS-RF-00628-0525,Woven,Express,13/05/25,249.00,2000,2232,4329,216.5,Yes,False,290000.00,499770.00,VISHNU SHARMA,26/06/25,1,1,,No,No,,0,12/01/26,-2329,4329,0,0,4800,,,,3784,,,1.123,1848,,,,6223.5,,577732.19,3732.00,3724.00,11/06/2025,11/06/2025,5586.00,DILIP,8,1,-,-,-,-,-,-,0,0,-,-,-,-,-,-,0,0,3724.00,3724.00,14/06/2025,28/07/2025,124754.00,TIPL- LINE NO-6,0,44,-,-,-,-,-,-,0,0,630.00,630.00,28/07/2025,01/08/2025,3780.00,RAZA WASHING PROCESS,0,4,3701.00,3701.00,12/08/2025,19/08/2025,15544.20,"JD ENTERPRISE, SHANKAR ENTERPRISE IN HOUSE",0,7,4330.00,4330.00,11/09/2025,11/09/2025,6495.00,JAMINUL MONDAL,0,1,0,0,92,57,35,585803.69,159126.80,744930.49,199.95,0.00,-245160.49,116.2
268,,01311/25-26,Demo-MU-KN-POLO-TS-HS-0269-0525,Knits - Men,Primart,20/05/25,0.00,320,320,0,0,Yes,True,46400.00,,Priya Das Chowdhury,31/12/26,1,1,28,Yes,Yes,28,28,,320,0,0,13,,,,183,,,,0.572,,,,48645,,,,320.00,320.00,10/09/2025,13/10/2025,320.00,SUPRA  INDUSTRIES,0,33,-,-,-,-,-,-,0,0,-,-,-,-,-,-,0,0,-,-,-,-,-,-,0,0,320.00,320.00,13/10/2025,31/10/2025,11566.40,SUPRA  INDUSTRIES,0,18,-,-,-,-,-,-,0,0,-,-,-,-,-,-,0,0,-,-,-,-,-,-,0,0,113,53,51,51,0,48645.00,13371.56,62016.56,193.80,0.00,-62016.56,0
268,,01308/25-26,Demo-MU-KN-POLO-TS-HS-0266-0525,Knits - Men,Primart,20/05/25,0.00,320,320,0,0,Yes,True,46400.00,,Priya Das Chowdhury,31/12/26,1,1,28,Yes,Yes,28,28,,320,0,0,0,,,,,4,,,0.528,,,,51045,328,,,320.00,320.00,10/09/2025,13/10/2025,320.00,SUPRA  INDUSTRIES,0,33,-,-,-,-,-,-,0,0,-,-,-,-,-,-,0,0,-,-,-,-,-,-,0,0,320.00,320.00,13/10/2025,31/10/2025,11011.20,SUPRA  INDUSTRIES,0,18,-,-,-,-,-,-,0,0,-,-,-,-,-,-,0,0,-,-,-,-,-,-,0,0,113,53,51,51,0,51373.00,13385.44,64758.44,202.37,0.00,-64758.44,0
268,,01306/25-26,Demo-MU-KN-POLO-TS-HS-0264-0525,Knits - Men,Primart,20/05/25,0.00,320,320,0,0,Yes,True,46400.00,,Priya Das Chowdhury,31/12/26,1,1,28,Yes,Yes,28,28,,320,0,0,12,,,,194,,,,0.606,,,,59010,,,,320.00,320.00,10/09/2025,13/10/2025,320.00,SUPRA  INDUSTRIES,0,33,-,-,-,-,-,-,0,0,-,-,-,-,-,-,0,0,-,-,-,-,-,-,0,0,320.00,320.00,13/10/2025,31/10/2025,11011.20,SUPRA  INDUSTRIES,0,18,-,-,-,-,-,-,0,0,-,-,-,-,-,-,0,0,-,-,-,-,-,-,0,0,113,53,51,51,0,59010.00,13385.44,72395.44,226.24,0.00,-72395.44,0
268,,01307/25-26,Demo-MU-KN-POLO-TS-HS-0265-0525,Knits - Men,Primart,20/05/25,0.00,320,320,0,0,Yes,True,46400.00,,Priya Das Chowdhury,31/12/26,1,1,28,Yes,Yes,28,28,,320,0,0,8,12121,,,,4620,,,0.445,2094.2,,,47310,12285,,,400.00,400.00,10/09/2025,06/10/2025,400.00,RIDHI SIDHI APPARDemoS,0,26,-,-,-,-,-,-,0,0,-,-,-,-,-,-,0,0,-,-,-,-,-,-,0,0,400.00,400.00,09/09/2025,30/10/2025,13715.56,RIDHI SIDHI APPARDemoS,0,51,-,-,-,-,-,-,0,0,-,-,-,-,-,-,0,0,1.00,1.00,17/12/2025,05/03/2026,1.00,TIPL BLOCK 4 2ND FLOOR FINISHING ( MUNNA DA ),0,78,113,53,177,155,22,61689.20,14816.04,76505.24,191.26,0.00,-76505.24,0
268,,01310/25-26,Demo-MU-KN-POLO-TS-HS-0268-0525,Knits - Men,Primart,20/05/25,0.00,320,320,0,0,Yes,True,46400.00,,Priya Das Chowdhury,31/12/26,1,1,28,Yes,Yes,28,28,,320,0,0,5,,,,375,,,,1.172,,,,100125,,,,320.00,320.00,10/09/2025,13/10/2025,320.00,SUPRA  INDUSTRIES,0,33,-,-,-,-,-,-,0,0,-,-,-,-,-,-,0,0,-,-,-,-,-,-,0,0,320.00,320.00,13/10/2025,31/10/2025,11035.20,SUPRA  INDUSTRIES,0,18,-,-,-,-,-,-,0,0,-,-,-,-,-,-,0,0,-,-,-,-,-,-,0,0,113,53,51,51,0,100125.00,13529.85,113654.85,355.17,0.00,-113654.85,0
84,,01323/25-26,Demo-JB-WO-CA-SH-FS-RF-00652-0525,Woven,Raju mega amrt,20/05/25,199.00,6000,6240,0,0,Yes,True,672000.00,,MD SAMIM SK,30/06/26,1,1,34,Yes,Yes,34,52,,6000,0,0,0,32,,,,,,,0.684,20791.6,3215,,,,,350078.5,6240.00,6240.00,12/08/2025,27/08/2025,9360.00,TIPL- LINE NO-8,0,15,-,-,-,-,-,-,0,0,-,-,-,-,-,-,0,0,6240.00,6240.00,28/08/2025,04/09/2025,246480.00,TIPL- LINE NO-8,0,7,-,-,-,-,-,-,0,0,-,-,-,-,-,-,0,0,-,-,-,-,-,-,0,0,-,-,-,-,-,-,0,0,83,41,23,22,1,374085.10,255840.00,629925.10,100.95,0.00,-629925.10,0
268,,01309/25-26,Demo-MU-KN-POLO-TS-HS-0267-0525,Knits - Men,Primart,20/05/25,0.00,320,320,0,0,Yes,True,46400.00,,Priya Das Chowdhury,31/12/26,1,1,28,Yes,Yes,28,28,,320,0,0,4,,,,255,,,,0.797,,,,67905,,,,320.00,320.00,10/09/2025,27/10/2025,320.00,SUPRA  INDUSTRIES,0,47,-,-,-,-,-,-,0,0,-,-,-,-,-,-,0,0,-,-,-,-,-,-,0,0,320.00,320.00,27/10/2025,31/10/2025,11252.62,SUPRA  INDUSTRIES,0,4,-,-,-,-,-,-,0,0,-,-,-,-,-,-,0,0,-,-,-,-,-,-,0,0,113,53,51,51,0,67905.00,13487.00,81392.00,254.35,0.00,-81392.00,0
268,,01312/25-26,Demo-MU-KN-POLO-TS-HS-0270-0525,Knits - Men,Primart,20/05/25,0.00,320,320,0,0,Yes,True,46400.00,,Priya Das Chowdhury,31/12/26,1,1,28,Yes,Yes,28,28,,320,0,0,8,966,,,,,,,0.519,344.45,,,59640,,,,432.00,432.00,10/09/2025,06/10/2025,432.00,RIDHI SIDHI APPARDemoS,0,26,-,-,-,-,-,-,0,0,-,-,-,-,-,-,0,0,-,-,-,-,-,-,0,0,432.00,434.00,09/09/2025,30/10/2025,14762.51,RIDHI SIDHI APPARDemoS,0,51,-,-,-,-,-,-,0,0,-,-,-,-,-,-,0,0,-,-,-,-,-,-,0,0,113,53,51,77,-26,59984.45,16036.78,76021.23,175.98,0.00,-76021.23,0
23,,01417/25-26,Demo-IN-UP-HS-1452-0525,Knits - Kids,bangur client,24/05/25,79.00,2000,2000,1092,54.6,Yes,True,107000.00,58422.00,MALOTI RIKIASON,30/04/26,1,1,2,Yes,No,2,2,09/03/26,908,1092,0,0,10200,,,,3170,,,0.053,3171,,,53531.8,10550,,,2000.00,2016.00,05/07/2025,07/07/2025,2016.00,"KNITS CUTTING (BLOCK- 4, 1ST FLOOR)",0,2,2016.00,2016.00,07/07/2025,19/07/2025,15120.00,LOKNATH PRINTING,0,12,-,-,-,-,-,-,0,0,2016.00,2015.00,19/07/2025,12/08/2025,18135.00,RUKSANA ENTERPRISE,1,24,-,-,-,-,-,-,0,0,-,-,-,-,-,-,0,0,2015.00,2015.00,16/10/2025,16/10/2025,2015.00,4TH FLOOR IRONING,0,1,2015.00,2000.00,04/11/2025,08/11/2025,500.00,"BLOCK 4 3RD FLOOR BIKASH JI, JAMINUL MONDAL",15,4,35,0,126,43,83,67252.80,37786.00,105038.80,47.91,0.00,-46616.80,54.2
23,,01421/25-26,Demo-IN-UP-HS-1456-0525,Knits - Kids,bangur client,24/05/25,79.00,2000,2000,1092,54.6,Yes,True,107000.00,58422.00,MALOTI RIKIASON,30/04/26,1,1,2,Yes,No,2,2,09/03/26,908,1092,0,0,4200,,,,,,,0.053,1071,,,49063.5,,,,2000.00,2016.00,05/07/2025,07/07/2025,2016.00,"KNITS CUTTING (BLOCK- 4, 1ST FLOOR)",0,2,2016.00,2016.00,07/07/2025,25/07/2025,16128.00,LAXMI MACHINE MANORANJAN,0,18,-,-,-,-,-,-,0,0,2016.00,2015.00,26/07/2025,12/08/2025,18135.00,RUKSANA ENTERPRISE,1,17,-,-,-,-,-,-,0,0,-,-,-,-,-,-,0,0,-,-,-,-,-,-,0,0,2017.00,2005.00,15/10/2025,08/11/2025,501.25,JAMINUL MONDAL,12,24,35,0,126,61,65,50134.50,36780.25,86914.75,39.99,0.00,-28492.75,54.2
23,,01418/25-26,Demo-IN-UP-HS-1453-0525,Knits - Kids,bangur client,24/05/25,79.00,2000,2000,1092,54.6,Yes,True,107000.00,58422.00,MALOTI RIKIASON,30/04/26,1,1,2,Yes,No,2,2,09/03/26,908,1092,0,0,4700,,,,,,,0.052,1151,,,51152.7,,,,2000.00,2016.00,05/07/2025,07/07/2025,2016.00,"KNITS CUTTING (BLOCK- 4, 1ST FLOOR)",0,2,2016.00,2016.00,07/07/2025,15/07/2025,15120.00,CHITRA TRENDS,0,8,-,-,-,-,-,-,0,0,2016.00,2016.00,19/07/2025,05/08/2025,18144.00,DINESH BARUI,0,17,-,-,-,-,-,-,0,0,-,-,-,-,-,-,0,0,1985.00,1985.00,16/10/2025,16/10/2025,1985.00,4TH FLOOR IRONING,0,1,1985.00,1970.00,16/10/2025,08/11/2025,492.50,JAMINUL MONDAL,15,23,35,0,126,51,75,52303.70,37757.50,90061.20,41.61,0.00,-31639.20,54.2
23,,01420/25-26,Demo-IN-UP-HS-1455-0525,Knits - Kids,bangur client,24/05/25,79.00,2000,2000,1092,54.6,Yes,True,107000.00,58422.00,MALOTI RIKIASON,30/04/26,1,1,2,Yes,No,2,2,09/03/26,908,1092,0,0,4200,,,,,,,0.053,1071,,,49257.2,,,,2000.00,2016.00,05/07/2025,07/07/2025,2016.00,"KNITS CUTTING (BLOCK- 4, 1ST FLOOR)",0,2,2016.00,2016.00,07/07/2025,25/07/2025,14112.00,LAXMI MACHINE MANORANJAN,0,18,-,-,-,-,-,-,0,0,2016.00,2008.00,25/07/2025,05/08/2025,18072.00,RIDHI SIDHI APPARDemoS,8,11,-,-,-,-,-,-,0,0,-,-,-,-,-,-,0,0,-,-,-,-,-,-,0,0,2009.00,1997.00,14/10/2025,08/11/2025,499.25,JAMINUL MONDAL,12,25,35,0,126,56,70,50328.20,34699.25,85027.45,38.64,0.00,-26605.45,54.2
23,,01419/25-26,Demo-IN-UP-HS-1454-0525,Knits - Kids,bangur client,24/05/25,79.00,2000,2000,1092,54.6,Yes,True,107000.00,58422.00,MALOTI RIKIASON,30/04/26,1,1,2,Yes,No,2,2,09/03/26,908,1092,0,0,4200,,,,,,,0.055,1071,,,55163.5,,,,2000.00,2016.00,05/07/2025,07/07/2025,2016.00,"KNITS CUTTING (BLOCK- 4, 1ST FLOOR)",0,2,2016.00,2016.00,07/07/2025,11/08/2025,15120.00,LAXMI MACHINE MANORANJAN,0,35,-,-,-,-,-,-,0,0,2016.00,2019.00,09/08/2025,18/08/2025,18171.00,BHAI BHAI HOSIERY (LAXMAN BISWAS),0,9,-,-,-,-,-,-,0,0,-,-,-,-,-,-,0,0,-,-,-,-,-,-,0,0,2015.00,2000.00,15/10/2025,08/11/2025,500.00,JAMINUL MONDAL,15,24,35,0,126,70,56,56234.50,35807.00,92041.50,43.29,0.00,-33619.50,54.2
23,,01422/25-26,Demo-IN-UP-HS-1457-0525,Knits - Kids,bangur client,24/05/25,79.00,2000,2000,1097,54.9,Yes,True,107000.00,58422.00,MALOTI RIKIASON,30/04/26,1,1,2,Yes,No,2,2,09/03/26,903,1097,0,0,4200,,,,,,,0.053,1071,,,47299.8,,,,2000.00,2016.00,05/07/2025,07/07/2025,2016.00,"KNITS CUTTING (BLOCK- 4, 1ST FLOOR)",0,2,2016.00,2016.00,07/07/2025,25/07/2025,16128.00,LAXMI MACHINE MANORANJAN,0,18,-,-,-,-,-,-,0,0,2016.00,2047.00,26/07/2025,09/08/2025,18423.00,DPS GARMENTS,0,14,-,-,-,-,-,-,0,0,-,-,-,-,-,-,0,0,-,-,-,-,-,-,0,0,2016.00,2004.00,15/10/2025,08/11/2025,501.00,JAMINUL MONDAL,12,24,35,0,126,58,68,48370.80,37068.00,85438.80,39.77,0.00,-27016.80,54.4
129,,01537/25-26,Demo-UP-FS-1507-0625,Knits - Kids,Raju mega amrt,02/06/25,89.00,22002,22031,12090,54.9,Yes,True,1394926.80,766506.00,MALOTI RIKIASON,14/08/26,6,1,2,Yes,Yes,2,2,26/08/25,9912,12090,0,0,6400,130,,,8480,,,0.062,1984,11020,,607608.5,13489,,,24263.00,24384.00,09/07/2025,14/07/2025,24384.00,"KNITS CUTTING (BLOCK- 4, 1ST FLOOR)",0,5,24384.00,24384.00,15/07/2025,18/07/2025,158496.00,LAXMI MACHINE MANORANJAN,0,3,-,-,-,-,-,-,0,0,24384.00,24440.00,19/07/2025,29/07/2025,261651.76,"ALI STITCHING ENTERPRISE, BARSHA GARMENTS, F A FASHION (FIROJ ALI), STORE, TAPARIA  BLOCK 4, 2ND FLOOR,( ANIL ) , TAPARIA BLOCK 24 (L SUBRATA), TAPARIA BLOCK 4 4TH FLOOR (L FIROZ)",0,10,-,-,-,-,-,-,0,0,-,-,-,-,-,-,0,0,18450.00,18250.00,31/07/2025,31/07/2025,29200.00,"4TH FLOOR IRONING, VOLKAN SERVICES OPC PVT. LTD.",200,1,28805.00,28805.00,31/07/2025,31/07/2025,21056.46,"BLOCK 4 3RD FLOOR BIKASH JI, JAMINUL MONDAL, RAJ SARKAR (GARMENTS FINISHING CONTRACTOR), VOLKAN SERVICES OPC PVT. LTD.",0,1,32,24,22,20,2,634101.50,492705.81,1126807.31,46.08,0.00,-360301.31,49.6
84,,01715/25-26,Demo-JB-WO-CA-SH-FS-RF-00677-0625,Woven,Raju mega amrt,09/06/25,299.00,6000,6000,0,0,Yes,True,900000.00,,MD SAMIM SK,30/06/26,1,1,5,Yes,Yes,5,5,,6000,0,0,0,30,,,,,,,0.679,20930,,,,9468,,465685,6000.00,6000.00,23/07/2025,30/07/2025,01/02/9000,TIPL- LINE NO-8,0,7,-,-,-,-,-,-,0,0,-,-,-,-,-,-,0,0,6000.00,6000.00,01/08/2025,14/08/2025,237000.00,TIPL- LINE NO-8,0,13,-,-,-,-,-,-,0,0,-,-,-,-,-,-,0,0,5773.00,5746.00,21/08/2025,21/08/2025,36774.40,SHANKAR ENTERPRISE IN HOUSE,27,1,-,-,-,-,-,-,0,0,43,52,29,21,8,496083.00,283344.02,779427.02,126.97,0.00,-779427.02,0
-66,,01712/25-26,Demo-JB-WO-CA-SH-FS-RF-00674-0625,Woven,Raju mega amrt,09/06/25,399.00,6000,6000,0,0,Yes,True,1110000.00,,MD SAMIM SK,31/01/26,1,1,9,Yes,Yes,9,9,,6000,0,0,0,,,,,,,,,,,,,,,,-,-,-,-,-,-,-,-,-,-,-,-,-,-,-,-,-,-,-,-,-,-,-,-,-,-,-,-,-,-,-,-,-,-,-,-,-,-,-,-,-,-,-,-,-,-,-,-,-,-,-,-,-,-,-,-,-,-,-,-,-,-,-,-,77,39,0,0,0,0.00,0.00,0.00,0.00,0.00,0.00,0
-266,,01749/25-26,TF-IB-UP-HS-1648-0625,Knits - Kids,Hero123,12/06/25,0.00,2000,2000,1864,93.2,Yes,False,116000.00,117464.00,MALOTI RIKIASON,15/07/25,1,1,1,Yes,No,1,1,10/09/25,136,1864,0,0,2070,10,,,615,,,0.073,1399.5,1053.6,,65062.14,1434,,,2000.00,2000.00,18/07/2025,19/07/2025,2000.00,"KNITS CUTTING (BLOCK- 4, 1ST FLOOR)",0,1,2000.00,2000.00,21/07/2025,04/08/2025,14000.00,LAXMI MACHINE MANORANJAN,0,14,-,-,-,-,-,-,0,0,2000.00,2013.00,04/08/2025,07/08/2025,20130.00,BLOCK 4 STICHING BAPI GAZI,0,3,-,-,-,-,-,-,0,0,-,-,-,-,-,-,0,0,1981.00,1855.00,07/08/2025,14/08/2025,4637.50,VOLKAN SERVICES OPC PVT. LTD.,126,7,-,-,-,-,-,-,0,0,34,0,27,25,2,68949.24,40767.50,109716.74,52.60,0.00,7747.26,93.2
268,,01803/25-26,Demo-MU-KN-POLO-TS-HS-0390-0625,Knits - Men,Hero123,14/06/25,0.00,320,320,0,0,Yes,True,46400.00,,KARTIK DAS,31/12/26,1,1,3,Yes,No,3,3,,320,0,0,8,,,,60,,,,0.197,,,,15960,,,,320.00,304.00,10/09/2025,13/10/2025,304.00,SUPRA  INDUSTRIES,16,33,-,-,-,-,-,-,0,0,-,-,-,-,-,-,0,0,-,-,-,-,-,-,0,0,304.00,304.00,13/10/2025,31/10/2025,10703.50,SUPRA  INDUSTRIES,0,18,-,-,-,-,-,-,0,0,-,-,-,-,-,-,0,0,-,-,-,-,-,-,0,0,88,0,51,51,0,15960.00,12778.16,28738.16,94.53,0.00,-28738.16,0
268,,01805/25-26,Demo-MU-KN-POLO-TS-HS-0391-0625,Knits - Men,Primart,14/06/25,0.00,320,320,0,0,Yes,True,46400.00,,KARTIK DAS,31/12/26,1,1,3,Yes,Yes,3,3,,320,0,0,8,,,,59,,,,0.184,,,,18763,,,,320.00,320.00,10/09/2025,13/10/2025,320.00,SUPRA  INDUSTRIES,0,33,-,-,-,-,-,-,0,0,-,-,-,-,-,-,0,0,-,-,-,-,-,-,0,0,320.00,320.00,13/10/2025,31/10/2025,11256.18,SUPRA  INDUSTRIES,0,18,-,-,-,-,-,-,0,0,-,-,-,-,-,-,0,0,-,-,-,-,-,-,0,0,88,35,51,51,0,18763.00,13437.84,32200.84,100.63,0.00,-32200.84,0
-7,,01816/25-26,Demo-UP-HS-1689-0625,Knits - Kids,Raju mega amrt,14/06/25,149.00,8006,8006,6485,81,Yes,True,704528.00,570680.00,MALOTI RIKIASON,31/03/26,1,1,2,Yes,Yes,2,2,27/10/25,1521,6485,0,13,19577,,,,,,,0.096,17699.75,,,353543.75,,,,8006.00,8016.00,09/08/2025,04/10/2025,8016.00,NOBLE ENTRRPRISE,0,56,-,-,-,-,-,-,0,0,-,-,-,-,-,-,0,0,886.00,886.00,09/03/2026,31/03/2026,88.60,"NOBLE ENTRRPRISE, TAPARIA BLOCK 4 4TH FLOOR (L FIROZ)",0,22,9458.00,9461.00,04/10/2025,24/10/2025,197025.33,NOBLE ENTRRPRISE,0,20,-,-,-,-,-,-,0,0,-,-,-,-,-,-,0,0,886.00,886.00,10/03/2026,13/03/2026,1329.00,RAJ SARKAR (GARMENTS FINISHING CONTRACTOR),0,3,59,12,234,101,133,371243.50,254847.40,626090.90,78.11,0.00,-55410.90,80.9
-236,,01832/25-26,HO-BY-UP-HS/SL-1725-0625,Knits - Kids,HOME2,18/06/25,0.00,5000,5000,0,0,Yes,True,5000.00,,SUBHAJIT PATRA,14/08/25,1,2,,No,No,,0,,5000,0,0,0,14452,,,,,,,0.082,1771.52,,,80500,,,,10000.00,2792.00,26/06/2025,14/10/2025,2792.00,KK TAILOR,7208,110,-,-,-,-,-,-,0,0,-,-,-,-,-,-,0,0,-,-,-,-,-,-,0,0,2792.00,2051.00,14/10/2025,13/01/2026,51603.16,KK TAILOR,741,91,-,-,-,-,-,-,0,0,-,-,-,-,-,-,0,0,-,-,-,-,-,-,0,0,0,0,201,201,0,82271.52,47721.00,129992.52,93.12,0.00,-129992.52,0
-97,,01831/25-26,HO-IN-UP-HS/SL-1724-0625,Knits - Kids,HOME2,18/06/25,0.00,5000,5000,0,0,Yes,True,5000.00,,SUBHAJIT PATRA,31/12/25,1,2,74,No,Yes,74,0,,5000,0,0,0,4500,,,,10,,,0.271,851,,,192500,500,,,10000.00,2028.00,26/06/2025,05/12/2025,2028.00,NOBLE ENTRRPRISE,7972,162,-,-,-,-,-,-,0,0,-,-,-,-,-,-,0,0,-,-,-,-,-,-,0,0,2028.00,1392.00,05/12/2025,16/01/2026,35857.92,NOBLE ENTRRPRISE,636,42,-,-,-,-,-,-,0,0,-,-,-,-,-,-,0,0,-,-,-,-,-,-,0,0,0,98,204,204,0,193851.00,37885.92,231736.92,228.54,0.00,-231736.92,0
23,,01849/25-26,Demo-SG-UP-HS-1731-0625,Knits - Kids,bangur client,20/06/25,99.00,3000,3000,1320,44,Yes,True,231000.00,95541.60,MALOTI RIKIASON,30/04/26,1,1,,No,No,,0,07/03/26,1680,1320,0,0,6080,,,,1750,,,0.099,1588.4,,,117612.75,10590,,,3192.00,3008.00,27/06/2025,28/06/2025,3008.00,"KNITS CUTTING (BLOCK- 4, 1ST FLOOR)",184,1,3008.00,3008.00,03/07/2025,17/07/2025,21056.00,LAXMI MACHINE MANORANJAN,0,14,-,-,-,-,-,-,0,0,3008.00,3008.00,21/07/2025,02/08/2025,25568.00,"DPS GARMENTS, RABI GARMENTS",0,12,-,-,-,-,-,-,0,0,-,-,-,-,-,-,0,0,3008.00,3008.00,18/02/2026,23/02/2026,4812.80,JAMINUL MONDAL,0,5,-,-,-,-,-,-,0,0,0,0,241,32,209,129791.15,54444.80,184235.95,61.25,0.00,-88694.35,43.9
23,,01847/25-26,Demo-SG-UP-HS-1729-0625,Knits - Kids,bangur client,20/06/25,99.00,3000,3000,1320,44,Yes,True,231000.00,95541.60,MALOTI RIKIASON,30/04/26,1,1,,No,No,,0,07/03/26,1680,1320,0,0,6080,,,,,,,0.105,6786.8,,,130803.6,,,,3608.00,3008.00,27/06/2025,28/06/2025,3008.00,"KNITS CUTTING (BLOCK- 4, 1ST FLOOR)",600,1,3008.00,3008.00,03/07/2025,17/07/2025,21056.00,LAXMI MACHINE MANORANJAN,0,14,-,-,-,-,-,-,0,0,3008.00,3008.00,26/07/2025,09/08/2025,25568.00,"BHAI BHAI HOSIERY (LAXMAN BISWAS), DINESH BARUI",0,14,-,-,-,-,-,-,0,0,-,-,-,-,-,-,0,0,3008.00,3008.00,18/02/2026,23/02/2026,4812.80,JAMINUL MONDAL,0,5,-,-,-,-,-,-,0,0,0,0,241,34,207,137590.40,54444.80,192035.20,61.51,0.00,-96493.60,43.9
23,,01844/25-26,Demo-SG-UP-HS-1726-0625,Knits - Kids,bangur client,20/06/25,99.00,3000,3000,1320,44,Yes,True,231000.00,95541.60,MALOTI RIKIASON,30/04/26,1,1,,No,No,,0,07/03/26,1680,1320,0,0,6240,,,,,,,0.101,1630.2,,,136739.5,,,,4120.00,3008.00,27/06/2025,28/06/2025,3008.00,"KNITS CUTTING (BLOCK- 4, 1ST FLOOR)",1112,1,3008.00,3008.00,03/07/2025,18/07/2025,24064.00,LAXMI MACHINE MANORANJAN,0,15,-,-,-,-,-,-,0,0,3008.00,3016.00,22/07/2025,13/08/2025,25636.00,"MOUSUMI GARMENTS, PRADIP SARKAR ( MOUSUMI GARMENTS )",0,22,-,-,-,-,-,-,0,0,-,-,-,-,-,-,0,0,3016.00,3016.00,18/02/2026,23/02/2026,4825.60,JAMINUL MONDAL,0,5,-,-,-,-,-,-,0,0,0,0,241,43,198,138369.70,57533.60,195903.30,62.64,0.00,-100361.70,43.9
23,,01846/25-26,Demo-SG-UP-HS-1728-0625,Knits - Kids,bangur client,20/06/25,99.00,3000,3000,1320,44,Yes,True,231000.00,95541.60,MALOTI RIKIASON,30/04/26,1,1,,No,No,,0,07/03/26,1680,1320,0,0,5320,,,,,,,0.1,1428.8,,,138647.75,,,,3896.00,3008.00,27/06/2025,28/06/2025,3008.00,"KNITS CUTTING (BLOCK- 4, 1ST FLOOR)",888,1,3008.00,3008.00,03/07/2025,22/07/2025,22560.00,LAXMI MACHINE MANORANJAN,0,19,-,-,-,-,-,-,0,0,3008.00,3008.00,26/07/2025,01/08/2025,26470.40,BARSHA GARMENTS,0,6,-,-,-,-,-,-,0,0,-,-,-,-,-,-,0,0,3008.00,3008.00,18/02/2026,23/02/2026,4812.80,JAMINUL MONDAL,0,5,-,-,-,-,-,-,0,0,0,0,241,31,210,140076.55,56851.20,196927.75,61.40,0.00,-101386.15,43.9
23,,01848/25-26,Demo-SG-UP-HS-1730-0625,Knits - Kids,bangur client,20/06/25,99.00,3000,3000,1320,44,Yes,True,231000.00,95541.60,MALOTI RIKIASON,30/04/26,1,1,,No,No,,0,07/03/26,1680,1320,0,0,5715,,,,,,,0.102,1511.75,,,149315.25,,,,3608.00,3000.00,27/06/2025,28/06/2025,3000.00,"KNITS CUTTING (BLOCK- 4, 1ST FLOOR)",608,1,3000.00,3000.00,03/07/2025,25/07/2025,21000.00,LAXMI MACHINE MANORANJAN,0,22,-,-,-,-,-,-,0,0,3000.00,3007.00,26/07/2025,16/08/2025,26311.25,MM Textiles,0,21,-,-,-,-,-,-,0,0,-,-,-,-,-,-,0,0,3007.00,3007.00,18/02/2026,23/02/2026,4811.20,JAMINUL MONDAL,0,5,-,-,-,-,-,-,0,0,0,0,241,49,192,150827.00,55122.45,205949.45,60.25,0.00,-110407.85,44
23,,01845/25-26,Demo-SG-UP-HS-1727-0625,Knits - Kids,bangur client,20/06/25,99.00,3000,3000,1320,44,Yes,True,231000.00,95541.60,MALOTI RIKIASON,30/04/26,1,1,,No,No,,0,07/03/26,1680,1320,0,0,6200,,,,,,,0.1,1592.4,,,142294.1,,,,3704.00,3008.00,27/06/2025,28/06/2025,3008.00,"KNITS CUTTING (BLOCK- 4, 1ST FLOOR)",696,1,3008.00,3008.00,03/07/2025,16/07/2025,18048.00,LAXMI MACHINE MANORANJAN,0,13,-,-,-,-,-,-,0,0,3008.00,3008.00,26/07/2025,12/08/2025,26320.00,"DINESH BARUI, RUKSANA ENTERPRISE",0,17,-,-,-,-,-,-,0,0,-,-,-,-,-,-,0,0,3008.00,3008.00,18/02/2026,21/02/2026,4812.80,JAMINUL MONDAL,0,3,-,-,-,-,-,-,0,0,0,0,239,34,205,143886.50,52188.80,196075.30,58.20,0.00,-100533.70,43.9
268,,01866/25-26,Demo-MU-KN-HS-TS-HS-0402-0625,Knits - Men,Hero123,21/06/25,0.00,1397,1397,1497,107.2,Yes,True,92202.00,98122.00,KARTIK DAS,31/12/26,1,1,-7,Yes,Yes,-7,-7,28/03/26,-100,1497,0,0,10830,,,,230,,,0.145,5247.5,,,50847.12,12420,,,1397.00,1507.00,14/07/2025,25/07/2025,1507.00,CG LIFESTYLES LLP,0,11,-,-,-,-,-,-,0,0,-,-,-,-,-,-,0,0,-,-,-,-,-,-,0,0,1507.00,1500.00,25/07/2025,04/08/2025,40350.00,CG LIFESTYLES LLP,7,10,-,-,-,-,-,-,0,0,-,-,-,-,-,-,0,0,-,-,-,-,-,-,0,0,18,28,21,21,0,68514.62,40731.10,109245.72,72.49,0.00,-11123.72,99.3
268,,01886/25-26,Demo-MU-KN-HS-TS-HS-0406-0625,Knits - Men,Hero123,21/06/25,0.00,6196,6196,3802,61.4,Yes,True,408936.00,251179.00,KARTIK DAS,31/12/26,1,1,-7,Yes,Yes,-7,-7,06/04/26,2394,6468,0,17,37240,,,,,,,0.154,20788,,,232023.96,,,,6196.00,6468.00,14/07/2025,31/07/2025,6468.00,CG LIFESTYLES LLP,0,17,-,-,-,-,-,-,0,0,-,-,-,-,-,-,0,0,-,-,-,-,-,-,0,0,6468.00,6468.00,31/07/2025,05/08/2025,149394.63,CG LIFESTYLES LLP,0,5,-,-,-,-,-,-,0,0,-,-,-,-,-,-,0,0,-,-,-,-,-,-,0,0,18,28,22,22,0,252811.96,181660.92,434472.88,67.17,0.00,-183293.88,58.8
268,,01867/25-26,Demo-MU-KN-HS-TS-HS-0403-0625,Knits - Men,Hero123,21/06/25,0.00,4799,4799,3438,71.6,Yes,True,316734.00,227155.00,KARTIK DAS,31/12/26,1,1,-7,Yes,Yes,-7,-7,06/04/26,1361,5183,0,132,10,,,,,,,0.142,17176,,,203311.93,,,,5258.00,5258.00,18/07/2025,05/09/2025,5258.00,CG LIFESTYLES LLP,0,49,-,-,-,-,-,-,0,0,-,-,-,-,-,-,0,0,-,-,-,-,-,-,0,0,5258.00,5258.00,05/09/2025,05/09/2025,132095.98,CG LIFESTYLES LLP,0,1,-,-,-,-,-,-,0,0,-,-,-,-,-,-,0,0,-,-,-,-,-,-,0,0,18,28,49,50,-1,220487.93,143535.56,364023.49,69.23,0.00,-136868.49,65.4
268,,01871/25-26,Demo-MU-KN-HS-TS-HS-0404-0625,Knits - Men,Hero123,21/06/25,0.00,6196,6196,3173,51.2,Yes,True,408936.00,205362.00,KARTIK DAS,31/12/26,1,1,-7,Yes,Yes,-7,-7,06/04/26,3023,6666,0,152,64240,,,,,,,0.149,27538,,,287941,,,,6196.00,6666.00,18/07/2025,05/09/2025,6666.00,CG LIFESTYLES LLP,0,49,-,-,-,-,-,-,0,0,-,-,-,-,-,-,0,0,-,-,-,-,-,-,0,0,6666.00,6666.00,05/09/2025,05/09/2025,168199.85,CG LIFESTYLES LLP,0,1,-,-,-,-,-,-,0,0,-,-,-,-,-,-,0,0,-,-,-,-,-,-,0,0,18,28,49,50,-1,315479.00,179229.70,494708.70,74.21,0.00,-289346.70,47.6
268,,01887/25-26,Demo-MU-KN-HS-TS-HS-0407-0625,Knits - Men,Hero123,21/06/25,0.00,5998,5998,3359,56,Yes,True,395868.00,220198.00,KARTIK DAS,31/12/26,1,1,-7,Yes,Yes,-7,-7,06/04/26,2639,6292,0,0,36025,,,,,,,0.149,20111.25,,,255308.32,,,,5998.00,6292.00,11/07/2025,31/07/2025,6292.00,CG LIFESTYLES LLP,0,20,-,-,-,-,-,-,0,0,-,-,-,-,-,-,0,0,-,-,-,-,-,-,0,0,6292.00,6292.00,31/07/2025,10/08/2025,170908.70,CG LIFESTYLES LLP,0,10,-,-,-,-,-,-,0,0,-,-,-,-,-,-,0,0,-,-,-,-,-,-,0,0,18,28,30,30,0,275419.57,177552.18,452971.75,71.99,0.00,-232773.75,53.4
268,,01879/25-26,Demo-MU-KN-HS-TS-HS-0405-0625,Knits - Men,Hero123,21/06/25,0.00,4799,4799,3510,73.1,Yes,True,316734.00,263349.00,KARTIK DAS,31/12/26,1,1,-7,Yes,Yes,-7,-7,06/04/26,1289,5568,0,12,,,,,12,,,0.139,16274,,,180404.49,984,,,5568.00,5568.00,14/07/2025,25/07/2025,5568.00,CG LIFESTYLES LLP,0,11,-,-,-,-,-,-,0,0,-,-,-,-,-,-,0,0,-,-,-,-,-,-,0,0,5568.00,5568.00,25/07/2025,08/08/2025,145755.05,CG LIFESTYLES LLP,0,14,-,-,-,-,-,-,0,0,-,-,-,-,-,-,0,0,-,-,-,-,-,-,0,0,18,28,25,25,0,197662.49,156450.46,354112.95,63.60,0.00,-90763.95,63
268,,01888/25-26,Demo-MU-KN-HS-TS-HS-0408-0625,Knits - Men,Hero123,21/06/25,0.00,3798,3798,3707,97.6,Yes,True,250668.00,244908.00,KARTIK DAS,31/12/26,1,1,-7,Yes,Yes,-7,-7,06/04/26,91,3916,0,17,22820,,,,,,,0.145,12739,,,227208,,,,3798.00,3916.00,11/07/2025,16/08/2025,3916.00,CG LIFESTYLES LLP,0,36,-,-,-,-,-,-,0,0,-,-,-,-,-,-,0,0,-,-,-,-,-,-,0,0,3916.00,3916.00,16/08/2025,30/08/2025,98190.90,CG LIFESTYLES LLP,0,14,-,-,-,-,-,-,0,0,-,-,-,-,-,-,0,0,-,-,-,-,-,-,0,0,18,28,50,50,0,239947.00,106340.88,346287.88,88.43,0.00,-101379.88,94.7
-250,,02085/25-26,LG_FINISHED STOCK,Others,HOME2,02/07/25,0.00,39098,0,39098,100,Yes,True,3127840.00,6177310.00,RAKESH NAYAK,31/07/25,0,1,,No,No,,0,17/03/26,0,0,0,0,-,-,-,-,-,-,-,,-,-,-,-,-,-,-,-,-,-,-,-,-,-,-,-,-,-,-,-,-,-,-,-,-,-,-,-,-,-,-,-,-,-,-,-,-,-,-,-,-,-,-,-,-,-,-,-,-,-,-,-,-,-,-,-,-,-,-,-,-,-,-,-,-,-,-,-,-,-,-,0,0,0,0,0,0.00,0.00,0.00,170.00,0.00,6177310.00,0
84,,01979/25-26,Demo-Demo-WO-CA-SH-RF-00690-0725,Woven,Raju mega amrt,07/07/25,499.00,3000,3000,0,0,Yes,False,726000.00,,MD SAMIM SK,30/06/26,1,1,0,Yes,Yes,0,0,,3000,0,0,0,20,,,,,,,0.678,17336.8,7152,,37800,1376,,310375,6000.00,3820.00,05/08/2025,30/08/2025,01/11/4881,"KNITS CUTTING (BLOCK- 4, 1ST FLOOR), TIPL- LINE NO- 5",2180,25,-,-,-,-,-,-,0,0,-,-,-,-,-,-,0,0,3820.00,3803.00,30/08/2025,30/08/2025,114470.30,"TIPL- LINE NO- 5, TIPL- LINE NO-2",17,1,-,-,-,-,-,-,0,0,1900.00,1888.00,31/10/2025,31/10/2025,11328.00,S.M.D WASH,12,1,1813.00,1813.00,15/10/2025,24/10/2025,6209.53,"JD ENTERPRISE, PURUSHOTTAM CHANDRAVANSHI , SHANKAR ENTERPRISE IN HOUSE",0,9,-,-,-,-,-,-,0,0,10,31,87,36,51,374039.80,120987.60,495027.40,129.59,0.00,-495027.40,0
84,,02029/25-26,Demo-UP-HS-1937-0725,Knits - Kids,Hero123,21/07/25,0.00,1200,1200,0,0,Yes,True,63600.00,,MALOTI RIKIASON,30/06/26,1,1,12,Yes,No,12,12,,1200,0,0,0,1240,10,,,,,,0.079,901.5,1160,,39984.8,,,,1200.00,1216.00,12/09/2025,18/09/2025,1216.00,"KNITS CUTTING (BLOCK- 4, 1ST FLOOR)",0,6,1216.00,1216.00,18/09/2025,24/09/2025,8512.00,LAXMI MACHINE MANORANJAN,0,6,-,-,-,-,-,-,0,0,1216.00,1231.00,24/09/2025,27/09/2025,12310.00,BLOCK 4 STICHING BAPI GAZI,0,3,-,-,-,-,-,-,0,0,-,-,-,-,-,-,0,0,-,-,-,-,-,-,0,0,-,-,-,-,-,-,0,0,50,0,15,15,0,42046.30,22038.00,64084.30,52.70,0.00,-64084.30,0
84,,02035/25-26,Demo-UP-HS-1943-0725,Knits - Kids,Hero123,21/07/25,0.00,4100,4100,0,0,Yes,True,217300.00,,MALOTI RIKIASON,30/06/26,1,1,12,Yes,Yes,12,12,,4100,0,0,0,4260,20,,,,,,0.076,2871,1162,,133919.7,,,,4100.00,4182.00,19/09/2025,23/09/2025,4182.00,"KNITS CUTTING (BLOCK- 4, 1ST FLOOR)",0,4,4182.00,4182.00,23/09/2025,24/09/2025,29274.00,LAXMI MACHINE MANORANJAN,0,1,-,-,-,-,-,-,0,0,4182.00,4257.00,24/09/2025,07/10/2025,42570.00,BLOCK 4 STICHING BAPI GAZI,0,13,-,-,-,-,-,-,0,0,-,-,-,-,-,-,0,0,-,-,-,-,-,-,0,0,-,-,-,-,-,-,0,0,53,68,18,18,0,137952.70,76026.00,213978.70,49.91,0.00,-213978.70,0
84,,02032/25-26,Demo-UP-HS-1940-0725,Knits - Kids,Hero123,21/07/25,0.00,1200,1200,0,0,Yes,True,63600.00,,MALOTI RIKIASON,30/06/26,1,1,12,Yes,No,12,12,,1200,0,0,0,1240,18,,,,,,0.083,822.75,1508,,46195,,,,1200.00,1216.00,12/09/2025,18/09/2025,1216.00,"KNITS CUTTING (BLOCK- 4, 1ST FLOOR)",0,6,1216.00,1216.00,18/09/2025,22/09/2025,8512.00,LAXMI MACHINE MANORANJAN,0,4,-,-,-,-,-,-,0,0,1216.00,1235.00,23/09/2025,26/09/2025,12350.00,BLOCK 4 STICHING BAPI GAZI,0,3,-,-,-,-,-,-,0,0,-,-,-,-,-,-,0,0,-,-,-,-,-,-,0,0,-,-,-,-,-,-,0,0,50,0,14,13,1,48525.75,22078.00,70603.75,58.06,0.00,-70603.75,0
84,,02030/25-26,Demo-UP-HS-1938-0725,Knits - Kids,Hero123,21/07/25,0.00,1200,1200,0,0,Yes,True,63600.00,,MALOTI RIKIASON,30/06/26,1,1,12,Yes,No,12,12,,1200,0,0,0,1240,,,,,,,0.087,901.5,,,46536,,,,1200.00,1216.00,12/09/2025,18/09/2025,1216.00,"KNITS CUTTING (BLOCK- 4, 1ST FLOOR)",0,6,1216.00,1216.00,18/09/2025,24/09/2025,8512.00,LAXMI MACHINE MANORANJAN,0,6,-,-,-,-,-,-,0,0,1216.00,1225.00,24/09/2025,27/09/2025,12250.00,BLOCK 4 STICHING BAPI GAZI,0,3,-,-,-,-,-,-,0,0,-,-,-,-,-,-,0,0,-,-,-,-,-,-,0,0,-,-,-,-,-,-,0,0,50,0,15,15,0,47437.50,21978.00,69415.50,57.09,0.00,-69415.50,0
84,,02033/25-26,Demo-UP-HS-1941-0725,Knits - Kids,Hero123,21/07/25,0.00,4100,4100,0,0,Yes,True,217300.00,,MALOTI RIKIASON,30/06/26,1,1,12,Yes,Yes,12,12,,4100,0,0,0,3570,40,,,,,,0.079,2016,4640,,141383.7,,,,4100.00,4018.00,19/09/2025,23/09/2025,4018.00,"KNITS CUTTING (BLOCK- 4, 1ST FLOOR)",82,4,4018.00,4018.00,23/09/2025,25/09/2025,28126.00,LAXMI MACHINE MANORANJAN,0,2,-,-,-,-,-,-,0,0,4018.00,4062.00,26/09/2025,13/10/2025,40620.00,BLOCK 4 STICHING BAPI GAZI,0,17,-,-,-,-,-,-,0,0,-,-,-,-,-,-,0,0,-,-,-,-,-,-,0,0,-,-,-,-,-,-,0,0,53,68,24,23,1,148039.70,72764.00,220803.70,54.95,0.00,-220803.70,0
84,,02031/25-26,Demo-UP-HS-1939-0725,Knits - Kids,Hero123,21/07/25,0.00,1200,1200,0,0,Yes,True,63600.00,,MALOTI RIKIASON,30/06/26,1,1,12,Yes,No,12,12,,1200,0,0,0,1240,25,,,,,,0.081,845.7,2900,,50462,,,,1200.00,1216.00,12/09/2025,18/09/2025,1216.00,"KNITS CUTTING (BLOCK- 4, 1ST FLOOR)",0,6,1216.00,1216.00,18/09/2025,24/09/2025,8512.00,LAXMI MACHINE MANORANJAN,0,6,-,-,-,-,-,-,0,0,1216.00,1239.00,24/09/2025,27/09/2025,12390.00,BLOCK 4 STICHING BAPI GAZI,0,3,-,-,-,-,-,-,0,0,-,-,-,-,-,-,0,0,-,-,-,-,-,-,0,0,-,-,-,-,-,-,0,0,50,0,15,15,0,54207.70,22118.00,76325.70,57.01,0.00,-76325.70,0
84,,02037/25-26,Demo-UP-HS-1945-0725,Knits - Kids,Hero123,21/07/25,0.00,4100,4100,0,0,Yes,True,217300.00,,MALOTI RIKIASON,30/06/26,1,1,12,Yes,Yes,12,12,,4100,0,0,0,3698,60,,,,,,0.077,2389.8,4640,,151621.55,,,,4674.00,4674.00,19/09/2025,23/09/2025,4674.00,"KNITS CUTTING (BLOCK- 4, 1ST FLOOR)",0,4,4674.00,4674.00,23/09/2025,26/09/2025,32718.00,LAXMI MACHINE MANORANJAN,0,3,-,-,-,-,-,-,0,0,4674.00,4755.00,27/09/2025,13/10/2025,47550.00,BLOCK 4 STICHING BAPI GAZI,0,16,-,-,-,-,-,-,0,0,-,-,-,-,-,-,0,0,-,-,-,-,-,-,0,0,-,-,-,-,-,-,0,0,53,68,24,23,1,158651.35,84942.00,243593.35,52.12,0.00,-243593.35,0
84,,02034/25-26,Demo-UP-HS-1942-0725,Knits - Kids,Hero123,21/07/25,0.00,4100,4100,0,0,Yes,True,217300.00,,MALOTI RIKIASON,30/06/26,1,1,12,Yes,Yes,12,12,,4100,0,0,0,4720,80,,,,,,0.077,3003,4648,,154686,,,,4674.00,4674.00,19/09/2025,23/09/2025,4674.00,"KNITS CUTTING (BLOCK- 4, 1ST FLOOR)",0,4,4674.00,4674.00,23/09/2025,25/09/2025,32718.00,LAXMI MACHINE MANORANJAN,0,2,-,-,-,-,-,-,0,0,4674.00,4679.00,25/09/2025,09/10/2025,46790.00,BLOCK 4 STICHING BAPI GAZI,0,14,-,-,-,-,-,-,0,0,-,-,-,-,-,-,0,0,-,-,-,-,-,-,0,0,-,-,-,-,-,-,0,0,53,68,20,20,0,162337.00,84182.00,246519.00,52.74,0.00,-246519.00,0
84,,02028/25-26,Demo-UP-HS-1936-0725,Knits - Kids,Hero123,21/07/25,0.00,1200,1200,0,0,Yes,True,63600.00,,MALOTI RIKIASON,30/06/26,1,1,12,Yes,No,12,12,,1200,0,0,0,1240,30,,,,,,0.081,822.75,1740,,41768.5,,,,1200.00,1216.00,12/09/2025,18/09/2025,1216.00,"KNITS CUTTING (BLOCK- 4, 1ST FLOOR)",0,6,1216.00,1216.00,18/09/2025,22/09/2025,8512.00,LAXMI MACHINE MANORANJAN,0,4,-,-,-,-,-,-,0,0,1216.00,1220.00,23/09/2025,26/09/2025,12200.00,BLOCK 4 STICHING BAPI GAZI,0,3,-,-,-,-,-,-,0,0,-,-,-,-,-,-,0,0,-,-,-,-,-,-,0,0,-,-,-,-,-,-,0,0,50,0,14,13,1,44331.25,21928.00,66259.25,54.49,0.00,-66259.25,0
84,,02036/25-26,Demo-UP-HS-1944-0725,Knits - Kids,Hero123,21/07/25,0.00,4100,4100,0,0,Yes,True,217300.00,,MALOTI RIKIASON,30/06/26,1,1,12,Yes,Yes,12,12,,4100,0,0,0,3697,40,,,,,,0.076,2389.2,4640,,143816.75,,,,4674.00,4674.00,19/09/2025,23/09/2025,4674.00,"KNITS CUTTING (BLOCK- 4, 1ST FLOOR)",0,4,4674.00,4674.00,23/09/2025,26/09/2025,32718.00,LAXMI MACHINE MANORANJAN,0,3,-,-,-,-,-,-,0,0,4674.00,4769.00,27/09/2025,13/10/2025,47690.00,BLOCK 4 STICHING BAPI GAZI,0,16,-,-,-,-,-,-,0,0,-,-,-,-,-,-,0,0,-,-,-,-,-,-,0,0,-,-,-,-,-,-,0,0,53,68,24,23,1,150845.95,85082.00,235927.95,50.48,0.00,-235927.95,0
23,,02095/25-26,Demo-ML-KN-CA-FS-SF-0443-0725,Knits - Men,Style fashion,23/07/25,399.00,4242,4242,4078,96.1,Yes,False,975660.00,937940.00,Saikat Kr Das,30/04/26,1,1,10,Yes,Yes,10,12,09/01/26,164,4078,0,0,94,,,,,,,0.386,71404.75,,,699176,12783,,,5000.00,5328.00,29/10/2025,01/11/2025,5328.00,"KNITS CUTTING (BLOCK- 4, 1ST FLOOR)",0,3,-,-,-,-,-,-,0,0,-,-,-,-,-,-,0,0,5326.00,5331.00,01/11/2025,27/12/2025,154599.00,"STORE, TAPARIA  BLOCK 4, 2ND FLOOR,( ANIL )",0,56,-,-,-,-,-,-,0,0,-,-,-,-,-,-,0,0,4453.00,4271.00,02/12/2025,08/01/2026,21355.00,AP ENTERPRISE ( PRASENJIT HAZRA ),182,37,-,-,-,-,-,-,0,0,52,51,71,96,-25,783363.75,177707.00,961070.75,180.37,0.00,-23130.75,76.5
-38,,02145/25-26,MI-IN-SET-HS-HP-1815-0625,Knits - Kids,saturn inf,26/07/25,100.00,4200,4200,3496,83.2,Yes,True,420000.00,410870.00,SAYANTANI NANDI,28/02/26,1,1,0,Yes,Yes,0,0,02/04/26,704,3496,0,0,65,,,,,,,0.114,10133.18,9860,,220143.5,9748,,,4200.00,4224.00,20/08/2025,20/08/2025,4224.00,"KNITS CUTTING (BLOCK- 4, 1ST FLOOR)",0,1,4224.00,4224.00,21/08/2025,03/09/2025,29568.00,LAXMI MACHINE MANORANJAN,0,13,-,-,-,-,-,-,0,0,4224.00,4234.00,09/09/2025,23/10/2025,84680.00,TAPARIA BLOCK 4 4TH FLOOR (L FIROZ),0,44,-,-,-,-,-,-,0,0,-,-,-,-,-,-,0,0,4082.00,4076.00,28/10/2025,03/11/2025,12228.00,JAMINUL MONDAL,6,6,-,-,-,-,-,-,0,0,26,33,75,64,11,249884.68,131021.20,380905.88,87.69,0.00,29964.12,82.8
-38,,02136/25-26,MI-IN-SET-FS-FP-1807-0625,Knits - Kids,saturn inf,26/07/25,100.00,2000,2000,1765,88.3,Yes,True,200000.00,250382.50,SAYANTANI NANDI,28/02/26,1,1,,No,No,,0,12/09/25,235,1765,0,0,31,,,,1,,,0.145,3363.1,1920,,115198.4,2295.7,,,2000.00,2016.00,06/08/2025,08/08/2025,2016.00,"KNITS CUTTING (BLOCK- 4, 1ST FLOOR)",0,2,2016.00,2016.00,08/08/2025,26/08/2025,42336.00,KEDIA PRINT,0,18,-,-,-,-,-,-,0,0,2016.00,2043.00,27/08/2025,03/09/2025,36774.00,TAPARIA BLOCK 4 4TH FLOOR (L FIROZ),0,7,-,-,-,-,-,-,0,0,-,-,-,-,-,-,0,0,1977.00,1977.00,03/09/2025,12/09/2025,4744.80,VOLKAN SERVICES OPC PVT. LTD.,0,9,-,-,-,-,-,-,0,0,0,0,37,36,1,122777.20,85870.80,208648.00,103.50,0.00,41734.50,87.5
-220,,02120/25-26,MI-IN-SET-HS-HP-1797-0625,Knits - Kids,saturn inf,26/07/25,100.00,3750,3750,3616,96.4,Yes,False,375000.00,382883.00,SAYANTANI NANDI,30/08/25,1,1,,No,No,,0,04/02/26,134,3616,0,0,22,,,,5,,,0.121,9326.3,4060,,219964,20842,,,3750.00,3780.00,05/08/2025,07/08/2025,3780.00,"KNITS CUTTING (BLOCK- 4, 1ST FLOOR)",0,2,3780.00,3780.00,11/08/2025,27/08/2025,45360.00,LAXMI MACHINE MANORANJAN,0,16,-,-,-,-,-,-,0,0,7560.00,7571.00,29/08/2025,05/09/2025,67230.48,"BARSHA GARMENTS, BLOCK 4 STICHING BAPI GAZI, TAPARIA  BLOCK 4, 2ND FLOOR,( ANIL ) , TAPARIA BLOCK 24 (L SUBRATA)",0,7,-,-,-,-,-,-,0,0,-,-,-,-,-,-,0,0,3730.00,3462.00,08/09/2025,18/09/2025,13848.00,Sree Gopal (Sentu Ali),268,10,-,-,-,-,-,-,0,0,0,0,44,35,9,254192.30,125440.00,379632.30,98.02,0.00,3250.70,95.7
53,,02125/25-26,Demo-IN-UP-HS-1962-0725,Knits - Kids,bangur client,26/07/25,79.00,2001,2001,1848,92.4,Yes,True,107053.50,98868.00,RASSDemo MOHAMMAD,30/05/26,1,1,209,No,Yes,209,0,04/04/26,153,2016,0,0,4300,40,,,,,,0.054,1087,3080,,42564.4,,,,2001.00,2016.00,26/07/2025,28/07/2025,2016.00,"KNITS CUTTING (BLOCK- 4, 1ST FLOOR)",0,2,2016.00,2016.00,31/07/2025,05/08/2025,12096.00,MAHALAXMI GARMENTS,0,5,-,-,-,-,-,-,0,0,2826.00,2828.00,09/08/2025,20/08/2025,14140.00,"TAPARIA BLOCK 24 (L SUBRATA), TIPL- LINE NO-2",0,11,-,-,-,-,-,-,0,0,-,-,-,-,-,-,0,0,2018.00,2018.00,10/03/2026,12/03/2026,2018.00,4TH FLOOR IRONING,0,2,2018.00,2018.00,10/03/2026,13/03/2026,504.50,Bipula das (Asgar),0,3,0,222,230,23,207,46731.40,35606.50,82337.90,40.84,0.00,16530.10,91.7
-38,,02153/25-26,MI-IN-SET-HS-HP-1953-0725,Knits - Kids,saturn inf,26/07/25,100.00,3000,3000,2728,90.9,Yes,True,300000.00,283728.00,SAYANTANI NANDI,28/02/26,1,1,,No,No,,0,04/02/26,272,2728,0,0,18,,,,4,,,0.115,4821.6,,,164939.6,2948,,,3000.00,3000.00,18/08/2025,19/08/2025,3000.00,"KNITS CUTTING (BLOCK- 4, 1ST FLOOR)",0,1,6000.00,6000.00,20/08/2025,27/08/2025,42000.00,LAXMI MACHINE MANORANJAN,0,7,-,-,-,-,-,-,0,0,3000.00,3001.00,29/08/2025,08/09/2025,46515.50,BARSHA GARMENTS,0,10,-,-,-,-,-,-,0,0,-,-,-,-,-,-,0,0,3001.00,3161.00,08/09/2025,18/09/2025,790.25,AP ENTERPRISE ( PRASENJIT HAZRA ),0,10,2261.00,1961.00,20/09/2025,20/09/2025,1176.60,JAMINUL MONDAL,300,1,0,0,33,29,4,172709.20,93482.35,266191.55,86.40,0.00,17536.45,90.9
-38,,02126/25-26,MI-IN-SET-HS-HP-1800-0625,Knits - Kids,saturn inf,26/07/25,100.00,3000,3000,2728,90.9,Yes,True,300000.00,283728.00,SAYANTANI NANDI,28/02/26,1,1,,No,No,,0,04/02/26,272,2728,0,0,18,,,,,,,0.115,3651.6,3480,,156652.9,648,,,3000.00,3000.00,16/08/2025,19/08/2025,3000.00,"KNITS CUTTING (BLOCK- 4, 1ST FLOOR)",0,3,3000.00,3000.00,19/08/2025,28/08/2025,18000.00,LAXMI MACHINE MANORANJAN,0,9,-,-,-,-,-,-,0,0,3000.00,3022.00,29/08/2025,08/09/2025,54396.00,TAPARIA BLOCK 24 (L SUBRATA),0,10,-,-,-,-,-,-,0,0,-,-,-,-,-,-,0,0,5998.00,5741.00,08/09/2025,18/09/2025,3000.98,"4TH FLOOR IRONING, AP ENTERPRISE ( PRASENJIT HAZRA )",257,10,2205.00,1961.00,20/09/2025,20/09/2025,1176.60,JAMINUL MONDAL,244,1,0,0,35,33,2,164432.50,80255.60,244688.10,79.81,0.00,39039.90,90.9
-38,,02131/25-26,MI-IN-SET-HS-HP-1802-0625,Knits - Kids,saturn inf,26/07/25,100.00,8050,8055,6691,83.1,Yes,True,805000.00,704070.00,SAYANTANI NANDI,28/02/26,3,1,,No,No,,0,16/03/26,1359,6691,0,0,63,,,,2,,,0.122,14443.86,,,398291,7844,,,8055.00,6450.00,06/08/2025,12/08/2025,6450.00,"KNITS CUTTING (BLOCK- 4, 1ST FLOOR)",1605,6,6450.00,6450.00,12/08/2025,22/08/2025,86000.00,LAXMI MACHINE MANORANJAN,0,10,-,-,-,-,-,-,0,0,6450.00,6442.00,23/08/2025,01/09/2025,97569.46,"MM Textiles, RUKSANA ENTERPRISE, TAPARIA BLOCK 24 (L SUBRATA)",8,9,-,-,-,-,-,-,0,0,-,-,-,-,-,-,0,0,6302.00,6271.00,01/09/2025,05/09/2025,19649.13,"4TH FLOOR IRONING, PURUSHOTTAM CHANDRAVANSHI , TG ENTERPRISE, VOLKAN SERVICES OPC PVT. LTD.",31,4,2453.00,2453.00,05/09/2025,05/09/2025,1828.60,JAMINUL MONDAL,0,1,0,0,30,30,0,420578.86,215612.60,636191.46,92.18,0.00,67878.54,103.7
53,,02130/25-26,Demo-IN-UP-HS-1965-0725,Knits - Kids,bangur client,26/07/25,79.00,2001,2001,1848,92.4,Yes,True,107053.50,98868.00,RASSDemo MOHAMMAD,30/05/26,1,1,209,No,Yes,209,0,04/04/26,153,2016,0,0,4200,,,,,,,0.056,1071,,,51558.5,,,,2001.00,2016.00,26/07/2025,28/07/2025,2016.00,"KNITS CUTTING (BLOCK- 4, 1ST FLOOR)",0,2,2016.00,2016.00,04/08/2025,06/08/2025,14112.00,MAHALAXMI GARMENTS,0,2,-,-,-,-,-,-,0,0,2826.00,2832.00,06/08/2025,14/08/2025,14160.00,"HOSSAIN FASHION ( AJIBAR HOSSAIN ), TIPL- LINE NO-2",0,8,-,-,-,-,-,-,0,0,-,-,-,-,-,-,0,0,2022.00,2022.00,10/03/2026,12/03/2026,2022.00,4TH FLOOR IRONING,0,2,2022.00,2022.00,10/03/2026,13/03/2026,505.50,Bipula das (Asgar),0,3,0,222,230,17,213,52629.50,37663.50,90293.00,44.79,0.00,8575.00,91.7
-220,,02134/25-26,MI-IN-SET-FS-FP-1805-0625,Knits - Kids,saturn inf,26/07/25,100.00,2400,2400,1655,69,Yes,False,240000.00,234807.50,SAYANTANI NANDI,30/08/25,1,1,,No,No,,0,18/12/25,745,1655,0,0,37,,,,2,,,0.149,3195.1,960,,140156.4,4032,,,2400.00,2416.00,06/08/2025,08/08/2025,2416.00,"KNITS CUTTING (BLOCK- 4, 1ST FLOOR)",0,2,4832.00,4832.00,08/08/2025,28/08/2025,53152.00,"BALAJI PRINTER, KEDIA PRINT",0,20,-,-,-,-,-,-,0,0,2416.00,2418.00,29/08/2025,02/09/2025,43524.00,TAPARIA BLOCK 24 (L SUBRATA),0,4,-,-,-,-,-,-,0,0,-,-,-,-,-,-,0,0,4228.00,4228.00,12/09/2025,12/09/2025,4228.00,4TH FLOOR IRONING,0,1,4228.00,2131.00,06/09/2025,12/09/2025,2131.00,JAMINUL MONDAL,2097,6,0,0,37,33,4,148343.50,105451.00,253794.50,105.05,0.00,-18987.00,68.5
-38,,02143/25-26,MI-IN-SET-HS-HP-1813-0625,Knits - Kids,saturn inf,26/07/25,100.00,3600,3600,3496,97.1,Yes,True,360000.00,410870.00,SAYANTANI NANDI,28/02/26,1,1,27,No,Yes,27,0,02/04/26,104,3496,0,0,58,,,,2,,,0.134,10475,,,186038.1,1784,,,3600.00,3600.00,19/08/2025,27/08/2025,3600.00,"KNITS CUTTING (BLOCK- 4, 1ST FLOOR)",0,8,7200.00,7200.00,22/08/2025,28/08/2025,50400.00,LAXMI MACHINE MANORANJAN,0,6,-,-,-,-,-,-,0,0,3600.00,3581.00,08/09/2025,16/10/2025,100268.00,MAHAKASH EXIM,19,38,-,-,-,-,-,-,0,0,-,-,-,-,-,-,0,0,3581.00,3512.00,16/10/2025,30/10/2025,8428.80,VOLKAN SERVICES OPC PVT. LTD.,69,14,3537.00,3537.00,31/10/2025,08/11/2025,2122.20,JAMINUL MONDAL,0,8,0,33,81,74,7,198297.10,164819.00,363116.10,100.87,0.00,47753.90,97.1
-38,,02137/25-26,MI-IN-SET-FS-FP-1808-0625,Knits - Kids,saturn inf,26/07/25,100.00,3000,3000,2687,89.6,Yes,True,300000.00,445197.50,SAYANTANI NANDI,28/02/26,1,1,,No,No,,0,15/09/25,313,2687,0,0,60,,,,,,,0.174,10208.1,8860,,246344,2610,,,3000.00,3008.00,02/08/2025,08/08/2025,3008.00,"KNITS CUTTING (BLOCK- 4, 1ST FLOOR)",0,6,3008.00,3008.00,08/08/2025,18/08/2025,63168.00,KEDIA PRINT,0,10,-,-,-,-,-,-,0,0,3008.00,3000.00,13/08/2025,06/09/2025,45111.11,"TAPARIA  BLOCK 4, 2ND FLOOR,( ANIL ) , TAPARIA BLOCK 4 4TH FLOOR (L FIROZ)",8,24,-,-,-,-,-,-,0,0,-,-,-,-,-,-,0,0,2375.00,2375.00,10/09/2025,10/09/2025,2375.00,4TH FLOOR IRONING,0,1,4594.00,4560.00,10/09/2025,12/09/2025,5472.00,RAJ SARKAR (GARMENTS FINISHING CONTRACTOR),34,2,0,0,41,43,-2,268022.10,127175.00,395197.10,128.82,0.00,50000.40,89.3
-38,,02140/25-26,MI-IN-SET-FS-FP-1810-0625,Knits - Kids,saturn inf,26/07/25,100.00,6300,6300,3650,57.9,Yes,True,630000.00,573890.00,SAYANTANI NANDI,28/02/26,2,1,39,Yes,No,39,39,21/11/25,2650,3650,0,0,70,,,,2,,,0.208,8173.9,12760,,607016.45,9836,,,6300.00,6336.00,18/08/2025,20/08/2025,6336.00,"KNITS CUTTING (BLOCK- 4, 1ST FLOOR)",0,2,6336.00,6336.00,20/08/2025,28/08/2025,76032.00,LAXMI MACHINE MANORANJAN,0,8,-,-,-,-,-,-,0,0,6336.00,6363.00,05/09/2025,15/09/2025,113420.48,TAPARIA BLOCK 4 4TH FLOOR (L FIROZ),0,10,-,-,-,-,-,-,0,0,-,-,-,-,-,-,0,0,6168.00,6168.00,15/09/2025,18/09/2025,4205.45,4TH FLOOR IRONING,0,3,4068.00,4020.00,18/09/2025,22/09/2025,4020.00,"JAMINUL MONDAL, RAJ SARKAR (GARMENTS FINISHING CONTRACTOR)",48,4,39,0,35,27,8,637786.35,202307.00,840093.35,132.59,0.00,-266203.35,57.6
53,,02128/25-26,Demo-IN-UP-HS-1964-0725,Knits - Kids,bangur client,26/07/25,79.00,2001,2001,1848,92.4,Yes,True,107053.50,98868.00,RASSDemo MOHAMMAD,30/05/26,1,1,209,No,Yes,209,0,04/04/26,153,2016,0,0,4200,,,,,,,0.053,1071,,,42795.9,,,,2001.00,2016.00,26/07/2025,28/07/2025,2016.00,"KNITS CUTTING (BLOCK- 4, 1ST FLOOR)",0,2,2016.00,2016.00,30/07/2025,18/08/2025,12096.00,SANJOY PAUL,0,19,-,-,-,-,-,-,0,0,2826.00,2826.00,18/08/2025,29/08/2025,14130.00,"SHIB ENTERPRISE (SHIB SHANKAR GAIN), SHIV SHAKTI TEXTILE ( BAGJALER ), TIPL- LINE NO-2",0,11,-,-,-,-,-,-,0,0,-,-,-,-,-,-,0,0,2016.00,2016.00,10/03/2026,11/03/2026,2016.00,4TH FLOOR IRONING,0,1,2016.00,2016.00,10/03/2026,13/03/2026,504.00,Bipula das (Asgar),0,3,0,222,230,36,194,43866.90,35586.00,79452.90,39.41,0.00,19415.10,91.7
53,,02124/25-26,Demo-IN-UP-HS-1961-0725,Knits - Kids,bangur client,26/07/25,79.00,2001,2001,1848,92.4,Yes,True,107053.50,98868.00,RASSDemo MOHAMMAD,30/05/26,1,1,209,No,Yes,209,0,04/04/26,153,2016,0,0,4200,,,,,,,0.047,1071,,,39816,,,,2001.00,2016.00,26/07/2025,28/07/2025,2016.00,"KNITS CUTTING (BLOCK- 4, 1ST FLOOR)",0,2,2016.00,2016.00,30/07/2025,30/08/2025,16128.00,LOKNATH PRINTING,0,31,-,-,-,-,-,-,0,0,2826.00,2809.00,30/08/2025,25/09/2025,14045.00,"RITTIK MOR (NEW MAKER), TIPL- LINE NO-2",17,26,-,-,-,-,-,-,0,0,-,-,-,-,-,-,0,0,1999.00,1999.00,10/03/2026,11/03/2026,1999.00,4TH FLOOR IRONING,0,1,1999.00,1999.00,10/03/2026,13/03/2026,499.75,Bipula das (Asgar),0,3,0,222,230,63,167,40887.00,39443.75,80330.75,39.85,0.00,18537.25,91.7
-38,,02139/25-26,MI-IN-SET-FS-FP-1809-0625,Knits - Kids,saturn inf,26/07/25,100.00,7200,7200,4822,67,Yes,False,720000.00,747595.00,SAYANTANI NANDI,28/02/26,2,1,34,Yes,No,34,34,18/12/25,2378,4822,0,0,110,,,,3,,,0.085,11596.4,,,556137.05,10960,,,14400.00,13752.00,16/08/2025,19/08/2025,13752.00,"KNITS CUTTING (BLOCK- 4, 1ST FLOOR)",648,3,7200.00,7200.00,20/08/2025,28/08/2025,54000.00,LAXMI MACHINE MANORANJAN,0,8,-,-,-,-,-,-,0,0,7200.00,7185.00,29/08/2025,12/09/2025,91010.00,"BARSHA GARMENTS, TAPARIA BLOCK 24 (L SUBRATA)",15,14,-,-,-,-,-,-,0,0,-,-,-,-,-,-,0,0,7175.00,7164.00,10/09/2025,12/09/2025,15467.72,"4TH FLOOR IRONING, RAHAMAN IRON",11,2,3573.00,3573.00,12/09/2025,22/09/2025,3573.00,JAMINUL MONDAL,0,10,34,0,37,37,0,578693.45,188697.50,767390.95,55.42,0.00,-19795.95,35.1
-38,,02142/25-26,MI-IN-SET-FS-FP-1812-0625,Knits - Kids,saturn inf,26/07/25,100.00,7900,7900,4070,51.5,Yes,True,790000.00,617575.00,SAYANTANI NANDI,28/02/26,2,1,26,Yes,No,26,26,21/11/25,3830,4070,0,0,120,,,,3,,,0.182,11234.1,5800,,717749.8,13337,,,7900.00,7960.00,18/08/2025,20/08/2025,7960.00,"KNITS CUTTING (BLOCK- 4, 1ST FLOOR)",0,2,7954.00,7954.00,20/08/2025,27/08/2025,55678.00,GREEN PACKAGING INDUSTRIES PVT LTD,0,7,-,-,-,-,-,-,0,0,15920.00,15987.00,27/08/2025,04/09/2025,163379.34,"MM Textiles, TAPARIA  BLOCK 4, 2ND FLOOR,( ANIL ) , TAPARIA BLOCK 4 4TH FLOOR (L FIROZ)",0,8,-,-,-,-,-,-,0,0,-,-,-,-,-,-,0,0,11800.00,11800.00,08/09/2025,08/09/2025,11800.00,"4TH FLOOR IRONING, PURUSOTTOM 4TH BLOCK 2ND FLOOR",0,1,7536.00,7536.00,06/09/2025,20/09/2025,5674.16,JAMINUL MONDAL,0,14,26,0,33,32,1,748120.90,244764.00,992884.90,124.73,0.00,-375309.90,51.1
-38,,02129/25-26,MI-IN-SET-HS-HP-1801-0625,Knits - Kids,saturn inf,26/07/25,100.00,8050,8055,6592,81.9,Yes,True,805000.00,686121.00,SAYANTANI NANDI,28/02/26,3,1,,No,No,,0,16/03/26,1458,6592,0,0,63,,,,1,,,0.12,13691.1,1160,,399086.6,10899.4,,,8055.00,7542.00,06/08/2025,12/08/2025,7542.00,"KNITS CUTTING (BLOCK- 4, 1ST FLOOR)",513,6,7542.00,7542.00,12/08/2025,26/08/2025,100560.00,LAXMI MACHINE MANORANJAN,0,14,-,-,-,-,-,-,0,0,10240.00,10269.00,23/08/2025,29/08/2025,121571.70,"BLOCK 4 STICHING BAPI GAZI, MM Textiles, RUKSANA ENTERPRISE, SHIB ENTERPRISE (SHIB SHANKAR GAIN)",0,6,-,-,-,-,-,-,0,0,-,-,-,-,-,-,0,0,6358.00,6358.00,04/09/2025,04/09/2025,12716.00,"4TH FLOOR IRONING, TG ENTERPRISE",0,1,3611.00,3579.00,04/09/2025,05/09/2025,3579.00,"BLOCK 4 3RD FLOOR BIKASH JI, JAMINUL MONDAL",32,1,0,0,30,28,2,424837.10,242580.50,667417.60,86.31,0.00,18703.40,87.4
-38,,02121/25-26,MI-IN-SET-HS-HP-1798-0625,Knits - Kids,saturn inf,26/07/25,100.00,3750,3750,3616,96.4,Yes,True,375000.00,382883.00,SAYANTANI NANDI,28/02/26,1,1,,No,No,,0,04/02/26,134,3616,0,0,23,,,,,,,0.121,4951.3,9280,,210171.1,480,,,3750.00,3780.00,05/08/2025,07/08/2025,3780.00,"KNITS CUTTING (BLOCK- 4, 1ST FLOOR)",0,2,3780.00,3780.00,09/08/2025,27/08/2025,41580.00,LAXMI MACHINE MANORANJAN,0,18,-,-,-,-,-,-,0,0,3780.00,3762.00,29/08/2025,09/09/2025,67716.00,TAPARIA BLOCK 4 4TH FLOOR (L FIROZ),18,11,-,-,-,-,-,-,0,0,-,-,-,-,-,-,0,0,3743.00,3461.00,08/09/2025,18/09/2025,13844.00,Sree Gopal (Sentu Ali),282,10,-,-,-,-,-,-,0,0,0,0,44,41,3,224882.40,126920.00,351802.40,91.22,0.00,31080.60,95.7
53,,02122/25-26,Demo-IN-UP-HS-1960-0725,Knits - Kids,bangur client,26/07/25,79.00,2001,2001,1848,92.4,Yes,True,107053.50,98868.00,RASSDemo MOHAMMAD,30/05/26,1,1,209,No,Yes,209,0,04/04/26,153,2016,0,0,,,,,5,,,0.054,1071,,,46249.75,1710,,,2001.00,2016.00,26/07/2025,28/07/2025,2016.00,"KNITS CUTTING (BLOCK- 4, 1ST FLOOR)",0,2,2016.00,2016.00,30/07/2025,07/08/2025,15120.00,CHITRA TRENDS,0,8,-,-,-,-,-,-,0,0,2826.00,2829.00,08/08/2025,26/08/2025,14145.00,"ATS ENTERPRISES, FARHAN GARMENTS, TIPL- LINE NO-2",0,18,-,-,-,-,-,-,0,0,-,-,-,-,-,-,0,0,2019.00,2019.00,10/03/2026,12/03/2026,2019.00,4TH FLOOR IRONING,0,2,2019.00,2019.00,10/03/2026,13/03/2026,504.75,Bipula das (Asgar),0,3,0,222,230,33,197,49030.75,38640.75,87671.50,43.49,0.00,11196.50,91.7
-38,,02132/25-26,MI-IN-SET-HS-HP-1803-0625,Knits - Kids,saturn inf,26/07/25,100.00,8050,8055,7649,95,Yes,True,805000.00,801843.00,SAYANTANI NANDI,28/02/26,3,1,,No,No,,0,16/03/26,401,7649,0,0,24,,,,1,,,0.128,8304.6,3010.72,,393160.7,3850,,,8055.00,6450.00,05/08/2025,20/08/2025,6450.00,"KNITS CUTTING (BLOCK- 4, 1ST FLOOR)",1605,15,6702.00,6702.00,20/08/2025,26/08/2025,80424.00,LAXMI MACHINE MANORANJAN,0,6,-,-,-,-,-,-,0,0,12102.00,12128.00,24/08/2025,29/08/2025,120943.11,"BLOCK 4 STICHING BAPI GAZI, HOSSAIN FASHION ( AJIBAR HOSSAIN ), LOKENATH READYMADE FACTORY ( SENTU BISWAS ), MAHAKASH EXIM , SHIB ENTERPRISE (SHIB SHANKAR GAIN)",0,5,-,-,-,-,-,-,0,0,-,-,-,-,-,-,0,0,5536.00,5507.00,04/09/2025,04/09/2025,17255.26,"4TH FLOOR IRONING, TG ENTERPRISE, VOLKAN SERVICES OPC PVT. LTD.",29,1,2675.00,2675.00,04/09/2025,05/09/2025,01/09/1994,JAMINUL MONDAL,0,1,0,0,31,28,3,408326.02,213887.50,622213.52,89.94,0.00,179629.48,118.6
53,,02127/25-26,Demo-IN-UP-HS-1963-0725,Knits - Kids,bangur client,26/07/25,79.00,2001,2001,1848,92.4,Yes,True,107053.50,98868.00,RASSDemo MOHAMMAD,30/05/26,1,1,209,No,Yes,209,0,04/04/26,153,2016,0,0,4200,,,,,,,0.054,1071,,,43553,,,,2001.00,2016.00,26/07/2025,28/07/2025,2016.00,"KNITS CUTTING (BLOCK- 4, 1ST FLOOR)",0,2,2016.00,2016.00,30/07/2025,07/08/2025,17136.00,CHITRA TRENDS,0,8,-,-,-,-,-,-,0,0,2826.00,2824.00,08/08/2025,25/08/2025,14473.00,"DINESH BARUI, TIPL- LINE NO-2",2,17,-,-,-,-,-,-,0,0,-,-,-,-,-,-,0,0,2014.00,2014.00,10/03/2026,12/03/2026,2014.00,4TH FLOOR IRONING,0,2,2014.00,2014.00,10/03/2026,13/03/2026,503.50,Bipula das (Asgar),0,3,0,222,230,32,198,44624.00,41109.00,85733.00,42.53,0.00,13135.00,91.7
-38,,02141/25-26,MI-IN-SET-FS-FP-1811-0625,Knits - Kids,saturn inf,26/07/25,100.00,5950,5950,3517,59.1,Yes,False,595000.00,548650.00,SAYANTANI NANDI,28/02/26,2,1,38,Yes,No,38,38,21/11/25,2433,3517,0,0,51,,,,,,,0.184,7564.5,580,,545800.3,7370,,,5950.00,6048.00,20/08/2025,27/08/2025,6048.00,"KNITS CUTTING (BLOCK- 4, 1ST FLOOR)",0,7,6048.00,6048.00,27/08/2025,03/09/2025,42336.00,LAXMI MACHINE MANORANJAN,0,7,-,-,-,-,-,-,0,0,9114.00,9036.00,29/08/2025,14/09/2025,119727.00,"RUKSANA ENTERPRISE, TAPARIA  BLOCK 4, 2ND FLOOR,( ANIL )",78,16,-,-,-,-,-,-,0,0,-,-,-,-,-,-,0,0,5944.00,5912.00,14/09/2025,14/09/2025,11085.00,"4TH FLOOR IRONING, VOLKAN SERVICES OPC PVT. LTD.",32,1,2940.00,2898.00,14/09/2025,20/09/2025,2898.00,JAMINUL MONDAL,42,6,39,0,31,37,-6,561314.80,179372.75,740687.55,121.33,0.00,-192037.55,58.2
-38,,02144/25-26,MI-IN-SET-HS-HP-1814-0625,Knits - Kids,saturn inf,26/07/25,100.00,3600,3600,3496,97.1,Yes,True,360000.00,410870.00,SAYANTANI NANDI,28/02/26,1,1,26,Yes,Yes,26,26,02/04/26,104,3496,0,0,55,,,,2,,,0.127,12476.1,4060,,232197.65,4880,,,3600.00,3600.00,19/08/2025,23/08/2025,3600.00,"KNITS CUTTING (BLOCK- 4, 1ST FLOOR)",0,4,3600.00,3600.00,25/08/2025,30/08/2025,28800.00,LAXMI MACHINE MANORANJAN,0,5,-,-,-,-,-,-,0,0,3600.00,3596.00,27/08/2025,13/10/2025,71920.00,TAPARIA BLOCK 24 (L SUBRATA),4,47,-,-,-,-,-,-,0,0,-,-,-,-,-,-,0,0,3575.00,3594.00,30/10/2025,03/11/2025,6289.50,JAMINUL MONDAL,0,4,-,-,-,-,-,-,0,0,26,33,76,60,16,253613.75,115304.20,368917.95,100.82,0.00,41952.05,97.1
-28,,02193/25-26,Demo-MU-KN-CA-TS-SL-SF-0453-0825,Knits - Men,market lmtd,01/08/25,299.00,2000,2000,0,0,Yes,True,358000.00,,Saikat Kr Das,10/03/26,1,1,6,Yes,Yes,6,7,,2000,0,0,0,,,,,1,,,0.279,10152,6728,,204850.5,8530,,,2000.00,2000.00,12/02/2026,16/02/2026,2000.00,"KNITS CUTTING (BLOCK- 4, 1ST FLOOR)",0,4,2000.00,2000.00,16/02/2026,10/03/2026,14000.00,BASUKI PRINT,0,22,-,-,-,-,-,-,0,0,2300.00,2267.00,04/02/2026,25/03/2026,33211.55,"BLOCK 4 STICHING BAPI GAZI, KAKALI CHOWDHURY, TAPARIA  BLOCK 4, 2ND FLOOR,( ANIL )",33,49,-,-,-,-,-,-,0,0,-,-,-,-,-,-,0,0,1926.00,1767.00,27/03/2026,31/03/2026,2385.45,4TH FLOOR IRONING,159,4,1926.00,1760.00,28/03/2026,04/04/2026,1760.00,RAJ SARKAR (GARMENTS FINISHING CONTRACTOR),166,7,68,15,59,86,-27,230260.50,55926.45,286186.95,123.18,0.00,-286186.95,0
-219,,02551/25-26,GG_LADIES T-SHIRT,Others,DIVITH RETAIL LLP,01/08/25,199.00,2300,0,5536,240.7,Yes,True,276000.00,665860.00,RAKESH NAYAK,31/08/25,0,1,,No,No,,0,23/03/26,-3236,0,0,0,-,-,-,-,-,-,-,,-,-,-,-,-,-,-,-,-,-,-,-,-,-,-,-,-,-,-,-,-,-,-,-,-,-,-,-,-,-,-,-,-,-,-,-,-,-,-,-,-,-,-,-,-,-,-,-,-,-,-,-,-,-,-,-,-,-,-,-,-,-,-,-,-,-,-,-,-,-,-,0,0,0,0,0,0.00,0.00,0.00,109.00,0.00,665860.00,0
-7,,02198/25-26,Demo-MU-KN-CA-TS-SL-SF-0458-0825,Knits - Men,market lmtd,01/08/25,299.00,2000,2000,0,0,Yes,True,358000.00,,Saikat Kr Das,31/03/26,1,1,6,Yes,Yes,6,7,,2000,0,0,0,,,,,1,,,0.281,9493,3596,,277952.94,3541.7,,,2000.00,2000.00,10/02/2026,17/02/2026,2000.00,"KNITS CUTTING (BLOCK- 4, 1ST FLOOR)",0,7,2000.00,1968.00,16/02/2026,23/03/2026,15744.00,BASUKI PRINT,32,35,-,-,-,-,-,-,0,0,2000.00,1695.00,26/02/2026,07/04/2026,30510.00,"BLOCK 4 STICHING BAPI GAZI, TAPARIA  BLOCK 4, 2ND FLOOR,( ANIL )",305,40,-,-,-,-,-,-,0,0,-,-,-,-,-,-,0,0,1583.00,0.00,07/04/2026,-,-,SUDIPTO BANERJEE,1583,1,-,-,-,-,-,-,0,0,68,15,56,83,-27,294583.64,48254.00,342837.64,149.26,0.00,-342837.64,0
-28,,02195/25-26,Demo-MU-KN-CA-TS-SL-SF-0455-0825,Knits - Men,market lmtd,01/08/25,299.00,2000,2000,0,0,Yes,True,358000.00,,Saikat Kr Das,10/03/26,1,1,6,Yes,Yes,6,7,,2000,0,0,0,2333,,,,,,,0.285,7562.15,,,239464.71,,,,2000.00,1776.00,12/02/2026,17/02/2026,1776.00,"KNITS CUTTING (BLOCK- 4, 1ST FLOOR)",224,5,1776.00,1748.00,16/02/2026,12/03/2026,10488.00,BASUKI PRINT,28,24,-,-,-,-,-,-,0,0,1776.00,0.00,28/03/2026,-,-,"BLOCK 4 STICHING BAPI GAZI, TAPARIA  BLOCK 4, 2ND FLOOR,( ANIL )",1776,11,-,-,-,-,-,-,0,0,-,-,-,-,-,-,0,0,-,-,-,-,-,-,0,0,-,-,-,-,-,-,0,0,68,15,28,40,-12,247026.86,12264.00,259290.86,133.51,0.00,-259290.86,0
-28,,02197/25-26,Demo-MU-KN-CA-TS-SL-SF-0457-0825,Knits - Men,market lmtd,01/08/25,299.00,2000,2000,0,0,Yes,True,358000.00,,Saikat Kr Das,10/03/26,1,1,6,Yes,Yes,6,7,,2000,0,0,37,3380,25,,,,,,0.283,9237,2762,,287922.72,,,,2000.00,2000.00,10/02/2026,16/02/2026,2000.00,"KNITS CUTTING (BLOCK- 4, 1ST FLOOR)",0,6,2000.00,2000.00,16/02/2026,23/03/2026,20000.00,BASUKI PRINT,0,35,-,-,-,-,-,-,0,0,2000.00,1796.00,20/03/2026,30/03/2026,32328.00,"BLOCK 4 STICHING BAPI GAZI, TAPARIA  BLOCK 4, 2ND FLOOR,( ANIL )",204,10,-,-,-,-,-,-,0,0,-,-,-,-,-,-,0,0,1749.00,0.00,30/03/2026,-,-,TIPL BLOCK 4 2ND FLOOR FINISHING ( MUNNA DA ),1749,9,-,-,-,-,-,-,0,0,68,15,48,60,-12,299921.72,54328.00,354249.72,154.04,0.00,-354249.72,0
-28,,02194/25-26,Demo-MU-KN-CA-TS-SL-SF-0454-0825,Knits - Men,market lmtd,01/08/25,299.00,2000,2000,0,0,Yes,True,358000.00,,Saikat Kr Das,10/03/26,1,1,6,Yes,Yes,6,7,,2000,0,0,0,1910,,,,,,,0.29,2005.5,,,163798.2,,,,2000.00,1818.00,10/02/2026,16/02/2026,1818.00,"KNITS CUTTING (BLOCK- 4, 1ST FLOOR)",182,6,1818.00,1818.00,16/02/2026,23/03/2026,18180.00,BASUKI PRINT,0,35,-,-,-,-,-,-,0,0,1818.00,0.00,07/04/2026,-,-,TAPARIA BLOCK 4 4TH FLOOR (L FIROZ),1818,1,-,-,-,-,-,-,0,0,-,-,-,-,-,-,0,0,-,-,-,-,-,-,0,0,-,-,-,-,-,-,0,0,68,15,41,42,-1,165803.70,19998.00,185801.70,95.67,0.00,-185801.70,0
3,,02290/25-26,Demo-MU-KN-CA-TS-HS-SF-0486-0825,Knits - Men,market lmtd,16/08/25,199.00,4602,4602,4386,95.3,Yes,False,547638.00,530706.00,Saikat Kr Das,10/04/26,1,1,30,Yes,Yes,30,30,24/12/25,216,4386,0,0,4616,,,,,,,0.231,4846.8,,,403552.56,,,,4602.00,4464.00,28/11/2025,03/12/2025,4464.00,BUMBLE BEE GARMENTS PVT. LTD.,138,5,-,-,-,-,-,-,0,0,-,-,-,-,-,-,0,0,-,-,-,-,-,-,0,0,4464.00,4464.00,03/12/2025,17/12/2025,81590.76,BUMBLE BEE GARMENTS PVT. LTD.,0,14,-,-,-,-,-,-,0,0,-,-,-,-,-,-,0,0,-,-,-,-,-,-,0,0,91,77,19,19,0,408399.36,106940.96,515340.32,115.44,0.00,15365.68,98.3
3,,02293/25-26,Demo-MU-KN-CA-TS-HS-SF-0489-0825,Knits - Men,market lmtd,16/08/25,199.00,4602,4602,4608,100.1,Yes,False,547638.00,557568.00,Saikat Kr Das,10/04/26,1,1,30,Yes,Yes,30,30,26/12/25,-6,4608,0,0,9215,,8000,,,,,0.235,16542.25,,1200,511166.3,,,,4602.00,4704.00,11/11/2025,25/11/2025,4704.00,BUMBLE BEE GARMENTS PVT. LTD.,0,14,-,-,-,-,-,-,0,0,-,-,-,-,-,-,0,0,-,-,-,-,-,-,0,0,4704.00,4704.00,25/11/2025,26/12/2025,85260.00,BUMBLE BEE GARMENTS PVT. LTD.,0,31,-,-,-,-,-,-,0,0,-,-,-,-,-,-,0,0,-,-,-,-,-,-,0,0,87,77,45,45,0,528908.55,105135.00,634043.55,134.79,0.00,-76475.55,98
-2,,02317/25-26,Demo-MU-KN-CA-TS-HS-SF-0509-0825,Knits - Men,Style fashion,20/08/25,299.00,4000,4000,4000,100,Yes,False,680000.00,684000.00,Saikat Kr Das,05/04/26,1,1,37,Yes,Yes,37,37,09/02/26,0,4000,0,0,21280,,,,,,,0.243,32552,,,451600.9,,,,4640.00,4640.00,09/12/2025,02/01/2026,4640.00,KAYA APPARDemoS,0,24,-,-,-,-,-,-,0,0,-,-,-,-,-,-,0,0,-,-,-,-,-,-,0,0,4640.00,4078.00,03/01/2026,10/02/2026,81560.00,KAYA APPARDemoS,562,38,-,-,-,-,-,-,0,0,-,-,-,-,-,-,0,0,-,-,-,-,-,-,0,0,108,104,63,62,1,484152.90,105890.00,590042.90,126.44,0.00,93957.10,86.2
-2,,02313/25-26,Demo-MU-KN-CA-TS-HS-SF-0506-0825,Knits - Men,Style fashion,20/08/25,299.00,4000,4000,4000,100,Yes,False,680000.00,684000.00,Saikat Kr Das,05/04/26,1,1,37,Yes,Yes,37,37,16/02/26,0,4000,0,0,23260,,,,,,,0.253,30363.5,,,402365.48,,,,4000.00,4360.00,20/12/2025,07/01/2026,4360.00,KAYA APPARDemoS,0,18,-,-,-,-,-,-,0,0,-,-,-,-,-,-,0,0,-,-,-,-,-,-,0,0,4360.00,4076.00,03/01/2026,14/02/2026,84704.38,KAYA APPARDemoS,284,42,-,-,-,-,-,-,0,0,-,-,-,-,-,-,0,0,-,-,-,-,-,-,0,0,122,84,56,60,-4,432728.98,108629.00,541357.98,124.16,0.00,142642.02,91.7
-97,,02404/25-26,Demo-Demo-WO-CA-SH-HS-RF-00765-0825,Woven,Style fashion,27/08/25,399.00,3000,3000,2160,72,Yes,False,714000.00,496800.00,Ananya Ghosh,31/12/25,1,1,6,Yes,Yes,6,6,06/02/26,840,2160,68,78,20,,,,,,,0.851,18429.95,,,,4194.94,,370560,3000.00,2256.00,17/11/2025,18/11/2025,3384.00,TIPL- LINE NO-4,744,1,-,-,-,-,-,-,0,0,-,-,-,-,-,-,0,0,2256.00,2256.00,26/11/2025,05/12/2025,91368.00,TIPL- LINE NO-4,0,9,-,-,-,-,-,-,0,0,2251.00,2251.00,20/12/2025,22/12/2025,13506.00,RAZA WASHING PROCESS,0,2,2160.00,2160.00,02/01/2026,05/01/2026,5184.00,SHANKAR ENTERPRISE IN HOUSE,0,3,2160.00,2160.00,24/02/2026,24/02/2026,3240.00,SHANKAR ENTERPRISE IN HOUSE,0,1,82,80,99,16,83,393184.89,116682.00,509866.89,226.00,0.00,-13066.89,95.7
-2,,02421/25-26,Demo-MU-KN-CA-TS-HS-SF-0564-0825,Knits - Men,Style fashion,28/08/25,249.00,6000,6000,6000,100,Yes,False,870000.00,870000.00,Saikat Kr Das,05/04/26,1,1,29,Yes,Yes,29,29,16/01/26,0,6000,0,0,9675,,,,,,,0.193,2224.75,,,484142.5,,,,6000.00,6192.00,12/11/2025,11/12/2025,6192.00,KAYA APPARDemoS,0,29,6192.00,6192.00,11/12/2025,20/12/2025,61920.00,LAXMI MACHINE MANORANJAN,0,9,-,-,-,-,-,-,0,0,-,-,-,-,-,-,0,0,6192.00,6038.00,20/12/2025,15/01/2026,91523.36,KAYA APPARDemoS,154,26,-,-,-,-,-,-,0,0,-,-,-,-,-,-,0,0,-,-,-,-,-,-,0,0,81,74,64,64,0,486367.25,164720.00,651087.25,105.15,0.00,218912.75,96.9
-2,,02422/25-26,Demo-MU-KN-CA-TS-HS-SF-0565-0825,Knits - Men,Style fashion,28/08/25,249.00,6000,6000,6000,100,Yes,False,870000.00,870000.00,Saikat Kr Das,05/04/26,1,1,29,Yes,Yes,29,29,14/01/26,0,6000,0,0,12570,,,,,,,0.189,30796.5,,,496195.7,,,,6000.00,6248.00,12/11/2025,11/12/2025,6248.00,KAYA APPARDemoS,0,29,6248.00,6248.00,11/12/2025,15/12/2025,62480.00,LAXMI MACHINE MANORANJAN,0,4,-,-,-,-,-,-,0,0,-,-,-,-,-,-,0,0,6248.00,6048.00,15/12/2025,15/01/2026,129872.84,KAYA APPARDemoS,200,31,-,-,-,-,-,-,0,0,-,-,-,-,-,-,0,0,-,-,-,-,-,-,0,0,81,74,64,64,0,526992.20,228540.00,755532.20,120.92,0.00,114467.80,96
-2,,02420/25-26,Demo-MU-KN-CA-TS-HS-SF-0563-0825,Knits - Men,Style fashion,28/08/25,249.00,6000,6000,6000,100,Yes,False,870000.00,870000.00,Saikat Kr Das,05/04/26,1,1,29,Yes,Yes,29,29,14/01/26,0,6000,0,0,5935,,,,,,,0.19,2214.25,,,554300.95,,,,6000.00,6232.00,12/11/2025,10/12/2025,6232.00,KAYA APPARDemoS,0,28,6232.00,6232.00,10/12/2025,10/12/2025,74784.00,LAXMI MACHINE MANORANJAN,0,1,-,-,-,-,-,-,0,0,-,-,-,-,-,-,0,0,6232.00,6031.00,10/12/2025,13/01/2026,128714.24,KAYA APPARDemoS,201,34,-,-,-,-,-,-,0,0,-,-,-,-,-,-,0,0,-,-,-,-,-,-,0,0,81,74,62,63,-1,556515.20,228562.00,785077.20,125.98,0.00,84922.80,96.3
-2,,02425/25-26,Demo-MU-KN-CA-TS-HS-SF-0566-0825,Knits - Men,Style fashion,28/08/25,249.00,6000,6000,6000,100,Yes,False,870000.00,870000.00,Saikat Kr Das,05/04/26,1,1,29,Yes,Yes,29,29,17/01/26,0,6000,0,0,,,,1199.4,,,,0.192,,,,525922.25,,,,6000.00,6248.00,12/11/2025,16/12/2025,6248.00,KAYA APPARDemoS,0,34,6248.00,6248.00,16/12/2025,24/12/2025,43736.00,LAXMI MACHINE MANORANJAN,0,8,-,-,-,-,-,-,0,0,-,-,-,-,-,-,0,0,6248.00,6032.00,24/12/2025,14/01/2026,60320.00,KAYA APPARDemoS,216,21,-,-,-,-,-,-,0,0,-,-,-,-,-,-,0,0,-,-,-,-,-,-,0,0,81,74,63,63,0,525922.25,140464.00,666386.25,106.66,0.00,203613.75,96
-97,,02457/25-26,Demo-JB-WO-CA-SH-HS-RF-00785-0825,Woven,Style fashion,29/08/25,299.00,3000,3000,0,0,Yes,True,510000.00,,Samim Hossain,31/12/25,1,1,68,Yes,Yes,68,68,,3000,0,0,0,13143,58,,,3012,,,0.756,55846.85,2804,,,4854,,219422.5,3000.00,2640.00,16/02/2026,17/02/2026,3300.00,DILIP,360,1,2640.00,2640.00,24/02/2026,02/03/2026,4620.00,LAXMI TABLE ADITI,0,6,-,-,-,-,-,-,0,0,2640.00,2621.00,25/02/2026,14/03/2026,65525.00,"TAPARIA  BLOCK 4, 2ND FLOOR,( ANIL ) , TIPL- LINE NO- 10",19,17,-,-,-,-,-,-,0,0,-,-,-,-,-,-,0,0,2581.00,0.00,01/04/2026,-,-,SHANKAR ENTERPRISE IN HOUSE,2581,7,-,-,-,-,-,-,0,0,153,97,26,31,-5,282927.35,73445.00,356372.35,134.99,0.00,-356372.35,0
-97,,02434/25-26,Demo-Demo-WO-CA-SH-HS-RF-00811-0825,Woven,Style fashion,29/08/25,299.00,2400,2400,0,0,Yes,True,408000.00,,Samim Hossain,31/12/25,1,1,71,Yes,Yes,71,151,,2400,0,0,0,7266,,,,,,,,9270.5,,,,,,1749.5,2400.00,0.00,02/04/2026,-,-,SAHIN GARMENTS,2400,6,-,-,-,-,-,-,0,0,-,-,-,-,-,-,0,0,-,-,-,-,-,-,0,0,-,-,-,-,-,-,0,0,-,-,-,-,-,-,0,0,-,-,-,-,-,-,0,0,-,-,-,-,-,-,0,0,209,78,0,6,-6,11020.00,0.00,11020.00,3.86,0.00,-11020.00,0
-97,,02470/25-26,Demo-Demo-WO-CA-SH-FS-RF-00771-0825,Woven,Style fashion,29/08/25,349.00,1800,1800,3564,198,Yes,False,365400.00,712800.00,Samim Hossain,31/12/25,1,1,10,Yes,Yes,10,10,31/12/25,-1764,3564,0,0,3612,,,,2266,,,1.07,10495.8,,,,3711.5,,171414,1800.00,1800.00,04/11/2025,11/11/2025,2700.00,TIPL- LINE NO-3,0,7,-,-,-,-,-,-,0,0,-,-,-,-,-,-,0,0,1800.00,1800.00,11/11/2025,04/12/2025,72900.00,"TAPARIA  BLOCK 4, 2ND FLOOR,( ANIL ) , TIPL- LINE NO-3",0,23,-,-,-,-,-,-,0,0,1800.00,1800.00,04/12/2025,15/12/2025,10800.00,RAZA WASHING PROCESS,0,11,1799.00,1799.00,15/12/2025,20/12/2025,4857.30,SHANKAR ENTERPRISE IN HOUSE,0,5,1782.00,1782.00,25/12/2025,25/12/2025,2673.00,SHANKAR ENTERPRISE IN HOUSE,0,1,45,56,51,47,4,185621.30,93930.30,279551.60,155.31,0.00,433248.40,198
-97,,02446/25-26,Demo-JB-WO-CA-SH-HS-RF-00809-0825,Woven,Style fashion,29/08/25,299.00,3000,3000,0,0,Yes,True,510000.00,,Samim Hossain,31/12/25,1,1,71,Yes,Yes,71,102,,3000,0,0,0,,,,,,,1574.25,,,,,,,,158999.25,3000.00,0.00,07/04/2026,-,-,TIPL- LINE NO-8,3000,1,-,-,-,-,-,-,0,0,-,-,-,-,-,-,0,0,-,-,-,-,-,-,0,0,-,-,-,-,-,-,0,0,-,-,-,-,-,-,0,0,-,-,-,-,-,-,0,0,-,-,-,-,-,-,0,0,155,78,0,1,-1,158999.25,0.00,158999.25,53.00,0.00,-158999.25,0
-97,,02435/25-26,Demo-Demo-WO-CA-SH-HS-RF-00812-0825,Woven,Style fashion,29/08/25,299.00,2400,2400,0,0,Yes,True,408000.00,,Samim Hossain,31/12/25,1,1,71,Yes,Yes,71,151,,2400,0,0,0,5275,,,,,,,,7510.85,,,,,,1747.75,2400.00,0.00,02/04/2026,-,-,SAHIN GARMENTS,2400,6,-,-,-,-,-,-,0,0,-,-,-,-,-,-,0,0,-,-,-,-,-,-,0,0,-,-,-,-,-,-,0,0,-,-,-,-,-,-,0,0,-,-,-,-,-,-,0,0,-,-,-,-,-,-,0,0,209,78,0,6,-6,9258.60,0.00,9258.60,3.13,0.00,-9258.60,0
-97,,02460/25-26,Demo-Demo-WO-CA-SH-FS-RF-00783-0825,Woven,Style fashion,29/08/25,349.00,2400,2400,0,0,Yes,True,724800.00,,Samim Hossain,31/12/25,1,1,69,Yes,No,69,69,,2400,0,0,0,9316,,,,2063,,,1.085,11128,,,,4244.5,,1792,1656.00,1652.00,03/02/2026,12/02/2026,2478.00,TIPL- LINE NO-4,4,9,-,-,-,-,-,-,0,0,-,-,-,-,-,-,0,0,1652.00,1652.00,31/01/2026,22/03/2026,65254.00,TIPL- LINE NO-4,0,50,-,-,-,-,-,-,0,0,1645.00,1645.00,23/03/2026,26/03/2026,9870.00,RAZA WASHING PROCESS,0,3,1643.00,0.00,01/04/2026,-,-,SHANKAR ENTERPRISE IN HOUSE,1643,7,-,-,-,-,-,-,0,0,124,0,54,69,-15,17164.50,77602.00,94766.50,56.28,0.00,-94766.50,0
-97,,02459/25-26,Demo-JB-WO-CA-SH-HS-RF-00786-0825,Woven,Style fashion,29/08/25,299.00,3000,3000,0,0,Yes,True,510000.00,,Samim Hossain,31/12/25,1,1,68,Yes,Yes,68,68,,3000,0,0,0,14,,,,,,,0.765,67237.3,1475,,,,,218240,3000.00,2592.00,16/02/2026,17/02/2026,3240.00,DILIP,408,1,2592.00,2592.00,16/02/2026,03/03/2026,4536.00,LAXMI TABLE ADITI,0,15,-,-,-,-,-,-,0,0,2592.00,2592.00,26/02/2026,13/03/2026,85536.00,MD NUR FASHION,0,15,-,-,-,-,-,-,0,0,-,-,-,-,-,-,0,0,-,-,-,-,-,-,0,0,-,-,-,-,-,-,0,0,153,78,25,31,-6,286952.30,93312.00,380264.30,146.71,0.00,-380264.30,0
-97,,02466/25-26,Demo-JB-WO-CA-SH-FS-RF-00769-0825,Woven,Style fashion,29/08/25,299.00,1200,1200,272,22.7,Yes,False,207600.00,46784.00,Samim Hossain,31/12/25,1,1,10,Yes,Yes,10,10,02/01/26,928,272,0,0,2988,,,,352,,,2.85,4417.2,,,,461.5,,71022,1200.00,280.00,04/11/2025,08/11/2025,420.00,TIPL- LINE NO-3,920,4,-,-,-,-,-,-,0,0,-,-,-,-,-,-,0,0,280.00,280.00,08/11/2025,06/12/2025,11340.00,"TAPARIA  BLOCK 4, 2ND FLOOR,( ANIL ) , TIPL- LINE NO-3",0,28,-,-,-,-,-,-,0,0,280.00,280.00,06/12/2025,23/12/2025,1680.00,RAZA WASHING PROCESS,0,17,279.00,279.00,23/12/2025,30/12/2025,1813.50,MAHADEV ENTERPRISES AND FINISHING ( SUBHAJIT ),0,7,-,-,-,-,-,-,0,0,45,56,56,56,0,75900.70,15253.50,91154.20,325.55,0.00,-44370.20,97.1
-97,,02447/25-26,Demo-JB-WO-CA-SH-HS-RF-00810-0825,Woven,Style fashion,29/08/25,299.00,3000,3000,0,0,Yes,True,510000.00,,Samim Hossain,31/12/25,1,1,71,Yes,Yes,71,161,,3000,0,0,0,-,-,-,-,-,-,-,,-,-,-,-,-,-,-,-,-,-,-,-,-,-,-,-,-,-,-,-,-,-,-,-,-,-,-,-,-,-,-,-,-,-,-,-,-,-,-,-,-,-,-,-,-,-,-,-,-,-,-,-,-,-,-,-,-,-,-,-,-,-,-,-,-,-,-,-,-,-,-,0,78,0,0,0,0.00,0.00,0.00,,0.00,0,0
-97,,02444/25-26,EB-SG-UP-HS-2066-0825,Knits - Kids,intrn lmtd,29/08/25,0.00,3000,3000,2907,96.9,Yes,True,294000.00,276165.00,Arpita Hazra,31/12/25,1,1,5,Yes,Yes,5,5,07/02/26,93,2907,0,0,7455,75,,,,,,0.099,2821.5,4640,,161179.25,,,,3768.00,3768.00,10/10/2025,13/10/2025,3768.00,"KNITS CUTTING (BLOCK- 4, 1ST FLOOR)",0,3,3768.00,3768.00,13/10/2025,03/11/2025,30144.00,LAXMI MACHINE MANORANJAN,0,21,-,-,-,-,-,-,0,0,3768.00,3801.00,01/11/2025,17/11/2025,45612.00,BLOCK 4 STICHING BAPI GAZI,0,16,-,-,-,-,-,-,0,0,-,-,-,-,-,-,0,0,-,-,-,-,-,-,0,0,-,-,-,-,-,-,0,0,25,29,38,40,-2,168640.75,79524.00,248164.75,65.86,0.00,28000.25,77.1
-97,,02468/25-26,Demo-JB-WO-CA-SH-FS-RF-00758-0825,Woven,Style fashion,29/08/25,299.00,1200,1200,1085,90.4,Yes,False,207600.00,186620.00,Samim Hossain,31/12/25,1,1,10,Yes,Yes,10,10,21/01/26,115,1085,0,5,1200,,,,2731,,,0.768,1740,,,,3726.58,,74871.25,1200.00,1096.00,04/11/2025,06/11/2025,1644.00,TIPL- LINE NO-3,104,2,-,-,-,-,-,-,0,0,-,-,-,-,-,-,0,0,1096.00,1096.00,04/11/2025,08/11/2025,44388.00,TIPL- LINE NO-3,0,4,-,-,-,-,-,-,0,0,1092.00,1092.00,20/11/2025,20/11/2025,6552.00,RAZA WASHING PROCESS,0,1,2164.00,2164.00,20/11/2025,26/11/2025,5842.80,SHANKAR ENTERPRISE IN HOUSE,0,6,1081.00,1081.00,05/01/2026,05/01/2026,1621.50,SHANKAR ENTERPRISE IN HOUSE,0,1,45,56,62,14,48,80337.83,60048.30,140386.13,128.09,0.00,46233.87,99
-97,,02461/25-26,Demo-Demo-WO-CA-SH-FS-RF-00784-0825,Woven,Style fashion,29/08/25,349.00,2400,2400,0,0,Yes,True,484800.00,,Samim Hossain,31/12/25,1,1,83,Yes,Yes,83,87,,2400,0,0,0,9716,,,,2265,,,1.055,11928,,,,3936,,181103,2400.00,2032.00,03/02/2026,10/02/2026,3048.00,TIPL- LINE NO-4,368,7,-,-,-,-,-,-,0,0,-,-,-,-,-,-,0,0,2032.00,2032.00,31/01/2026,06/03/2026,80264.00,TIPL- LINE NO-4,0,34,-,-,-,-,-,-,0,0,2032.00,2032.00,06/03/2026,08/03/2026,12192.00,RAZA WASHING PROCESS,0,2,2032.00,0.00,28/03/2026,-,-,AWANTIKA ENTERPRISES,2032,11,-,-,-,-,-,-,0,0,124,89,36,54,-18,196967.00,95504.00,292471.00,143.79,0.00,-292471.00,0
-97,,02486/25-26,Demo-JB-WO-CA-SH-FS-RF-00778-0825,Woven,Style fashion,29/08/25,449.00,600,600,0,0,Yes,True,132000.00,,Samim Hossain,31/12/25,1,1,49,Yes,Yes,49,56,,600,0,0,0,1810,,,,,,,2.2,1708.5,,,,,,184800,600.00,600.00,18/12/2025,20/02/2026,900.00,TIPL- LINE NO-8,0,64,-,-,-,-,-,-,0,0,-,-,-,-,-,-,0,0,600.00,600.00,11/02/2026,30/03/2026,23100.00,TIPL- LINE NO-8,0,47,-,-,-,-,-,-,0,0,-,-,-,-,-,-,0,0,-,-,-,-,-,-,0,0,-,-,-,-,-,-,0,0,105,64,102,111,-9,186508.50,24000.00,210508.50,350.85,0.00,-210508.50,0
-2,,02490/25-26,Demo-MU-KN-CA-TS-HS-SF-0545-0825,Knits - Men,g mart,29/08/25,249.00,6702,6702,6704,100,Yes,True,790836.00,791072.00,Priya Das Chowdhury,05/04/26,1,1,22,Yes,Yes,22,22,07/02/26,-2,6704,0,0,8,,,,,,,0.197,39602.68,,,474878.26,640,,,6702.00,6736.00,05/01/2026,19/01/2026,6736.00,KAYA APPARDemoS,0,14,-,-,-,-,-,-,0,0,-,-,-,-,-,-,0,0,-,-,-,-,-,-,0,0,6736.00,6784.00,13/01/2026,11/02/2026,133984.00,KAYA APPARDemoS,0,29,-,-,-,-,-,-,0,0,-,-,-,-,-,-,0,0,-,-,-,-,-,-,0,0,123,47,37,43,-6,515120.94,172222.00,687342.94,99.34,0.00,103729.06,99.5
-108,,02545/25-26,Demo-JB-UP-HS-2071-0825,Knits - Kids,Style fashion,30/08/25,99.00,2800,2800,2799,100,Yes,True,187600.00,187533.00,SAYANTANI NANDI,20/12/25,1,1,17,Yes,Yes,17,17,21/01/26,1,2799,0,0,3,,,,,,,0.078,3379.26,,,83835.09,500,,,3144.00,3144.00,17/11/2025,25/11/2025,3144.00,KK TAILOR,0,8,-,-,-,-,-,-,0,0,-,-,-,-,-,-,0,0,-,-,-,-,-,-,0,0,3144.00,3144.00,25/11/2025,24/12/2025,81115.20,KK TAILOR,0,29,-,-,-,-,-,-,0,0,-,-,-,-,-,-,0,0,-,-,-,-,-,-,0,0,67,66,37,37,0,87714.35,84259.20,171973.55,54.68,0.00,15559.45,89
-2,,02515/25-26,Demo-MU-KN-CA-TS-HS-RF-0548-0825,Knits - Men,g mart,30/08/25,249.00,1200,1200,1200,100,Yes,True,147600.00,150000.00,Priya Das Chowdhury,05/04/26,1,1,21,Yes,Yes,21,21,16/03/26,0,1200,0,0,10780,,,,,,,0.363,6143,,,156086.18,,,,1200.00,1248.00,05/01/2026,30/01/2026,1248.00,KAYA APPARDemoS,0,25,-,-,-,-,-,-,0,0,-,-,-,-,-,-,0,0,-,-,-,-,-,-,0,0,2400.00,1216.00,12/01/2026,28/02/2026,23104.00,KAYA APPARDemoS,1184,47,-,-,-,-,-,-,0,0,-,-,-,-,-,-,0,0,-,-,-,-,-,-,0,0,122,46,54,72,-18,162229.18,29088.00,191317.18,153.31,0.00,-41317.18,96.2
-5,,02532/25-26,Demo-MU-KN-CA-TS-HS-RF-0554-0825,Knits - Men,g mart,30/08/25,249.00,1200,1200,0,0,Yes,True,147600.00,,Priya Das Chowdhury,02/04/26,1,1,44,Yes,Yes,44,73,,1200,0,0,0,5,,,,,,,0.179,3205.7,1860,,84394.5,,,,1200.00,1208.00,26/02/2026,20/03/2026,1208.00,TAPARIA KHILKAPUR ( LAXMI GARMENTS ),0,22,-,-,-,-,-,-,0,0,-,-,-,-,-,-,0,0,1208.00,0.00,24/03/2026,-,-,BLOCK 4 STICHING BAPI GAZI,1208,15,-,-,-,-,-,-,0,0,-,-,-,-,-,-,0,0,-,-,-,-,-,-,0,0,-,-,-,-,-,-,0,0,166,46,22,37,-15,89460.20,1208.00,90668.20,75.06,0.00,-90668.20,0
-108,,02546/25-26,Demo-JB-UP-HS-2072-0825,Knits - Kids,Style fashion,30/08/25,99.00,2800,2800,2799,100,Yes,True,187600.00,187533.00,SAYANTANI NANDI,20/12/25,1,1,17,Yes,Yes,17,17,17/01/26,1,2799,0,0,6,,,,25,,,0.081,2421.3,,,89925,2050,,,2800.00,3072.00,06/11/2025,14/11/2025,3072.00,NOBLE ENTRRPRISE,0,8,-,-,-,-,-,-,0,0,-,-,-,-,-,-,0,0,-,-,-,-,-,-,0,0,3072.00,3084.00,14/11/2025,29/12/2025,69004.50,NOBLE ENTRRPRISE,0,45,-,-,-,-,-,-,0,0,-,-,-,-,-,-,0,0,-,-,-,-,-,-,0,0,67,66,53,53,0,94396.30,78725.16,173121.46,54.74,0.00,14411.54,91.1
-108,,02543/25-26,Demo-JB-UP-HS-2069-0825,Knits - Kids,Style fashion,30/08/25,99.00,2800,2800,2799,100,Yes,True,187600.00,187533.00,SAYANTANI NANDI,20/12/25,1,1,17,Yes,Yes,17,17,17/01/26,1,2799,0,0,3,,,,,,,0.078,3315,,,85309.32,,,,3144.00,3144.00,17/11/2025,25/11/2025,3144.00,KK TAILOR,0,8,-,-,-,-,-,-,0,0,-,-,-,-,-,-,0,0,-,-,-,-,-,-,0,0,3144.00,3144.00,25/11/2025,24/12/2025,81115.20,KK TAILOR,0,29,-,-,-,-,-,-,0,0,-,-,-,-,-,-,0,0,-,-,-,-,-,-,0,0,67,66,37,37,0,88624.32,84259.20,172883.52,54.99,0.00,14649.48,89
-97,,02495/25-26,Demo-JB-WO-CA-SH-HS-RF-00787-0825,Woven,Style fashion,30/08/25,349.00,900,900,0,0,Yes,True,180000.00,,Samim Hossain,31/12/25,1,1,9,Yes,Yes,9,9,,900,0,0,0,5,,,,,,,0.597,4055,,,,618,,68822.4,900.00,860.00,07/11/2025,07/11/2025,1290.00,TIPL- LINE NO-4,40,1,-,-,-,-,-,-,0,0,-,-,-,-,-,-,0,0,860.00,860.00,11/11/2025,04/12/2025,28810.00,TIPL- LINE NO-4,0,23,-,-,-,-,-,-,0,0,860.00,860.00,05/12/2025,06/12/2025,5160.00,RAZA WASHING PROCESS,0,1,830.00,830.00,10/12/2025,15/12/2025,1992.00,SHANKAR ENTERPRISE IN HOUSE,0,5,-,-,-,-,-,-,0,0,69,86,38,30,8,73495.40,37252.00,110747.40,128.78,0.00,-110747.40,0
-2,,02516/25-26,Demo-MU-KN-CA-TS-HS-RF-0549-0825,Knits - Men,g mart,30/08/25,249.00,1200,1200,0,0,Yes,True,147600.00,,Priya Das Chowdhury,05/04/26,1,1,21,Yes,Yes,21,21,,1200,0,0,0,7415,,,,,,,0.339,5080,,,171035.53,,,,1200.00,1248.00,05/01/2026,30/01/2026,1248.00,KAYA APPARDemoS,0,25,-,-,-,-,-,-,0,0,-,-,-,-,-,-,0,0,-,-,-,-,-,-,0,0,1248.00,1226.00,12/01/2026,25/03/2026,23294.00,KAYA APPARDemoS,22,72,-,-,-,-,-,-,0,0,-,-,-,-,-,-,0,0,-,-,-,-,-,-,0,0,122,46,79,97,-18,176115.53,29238.00,205353.53,164.55,0.00,-205353.53,0
5,,02524/25-26,Demo-MU-KN-CA-TS-HS-SF-0551-0825,Knits - Men,g mart,30/08/25,249.00,6702,6702,0,0,Yes,True,790836.00,,Priya Das Chowdhury,12/04/26,1,1,44,Yes,Yes,44,73,,6702,0,0,0,5,,,,,,,0.252,24075.8,,,639953.09,,,,6702.00,6400.00,26/02/2026,18/03/2026,6400.00,TAPARIA KHILKAPUR ( LAXMI GARMENTS ),302,20,-,-,-,-,-,-,0,0,-,-,-,-,-,-,0,0,6400.00,0.00,24/03/2026,-,-,TAPARIA BLOCK 4 4TH FLOOR (L FIROZ),6400,15,-,-,-,-,-,-,0,0,-,-,-,-,-,-,0,0,-,-,-,-,-,-,0,0,-,-,-,-,-,-,0,0,166,46,20,35,-15,664028.89,6400.00,670428.89,102.90,0.00,-670428.89,0
-2,,02517/25-26,Demo-MU-KN-CA-TS-HS-RF-0550-0825,Knits - Men,g mart,30/08/25,249.00,1200,1200,1200,100,Yes,True,147600.00,150000.00,Priya Das Chowdhury,05/04/26,1,1,21,Yes,Yes,21,21,16/03/26,0,1200,0,0,6000,,,,,,,0.34,4872,,,169256,,,,1200.00,1248.00,05/01/2026,30/01/2026,1248.00,KAYA APPARDemoS,0,25,-,-,-,-,-,-,0,0,-,-,-,-,-,-,0,0,-,-,-,-,-,-,0,0,1248.00,1218.00,12/01/2026,17/03/2026,23142.00,KAYA APPARDemoS,30,64,-,-,-,-,-,-,0,0,-,-,-,-,-,-,0,0,-,-,-,-,-,-,0,0,122,46,71,89,-18,174128.00,29118.00,203246.00,162.86,0.00,-53246.00,96.2
5,,02528/25-26,Demo-MU-KN-CA-TS-HS-SF-0552-0825,Knits - Men,g mart,30/08/25,249.00,6702,6702,0,0,Yes,True,790836.00,,Priya Das Chowdhury,12/04/26,1,1,44,Yes,Yes,44,73,,6702,0,0,0,26626,,,,,,,0.229,31574.96,,,536451.93,,,,6702.00,6720.00,28/02/2026,12/03/2026,6720.00,GOPALKA GARMENTS ( ADITYA SIR ),0,12,-,-,-,-,-,-,0,0,-,-,-,-,-,-,0,0,-,-,-,-,-,-,0,0,6720.00,0.00,12/03/2026,-,-,GOPALKA GARMENTS ( ADITYA SIR ),6720,27,-,-,-,-,-,-,0,0,-,-,-,-,-,-,0,0,-,-,-,-,-,-,0,0,166,46,12,39,-27,568026.89,6720.00,574746.89,85.53,0.00,-574746.89,0
5,,02530/25-26,Demo-MU-KN-CA-TS-HS-SF-0553-0825,Knits - Men,g mart,30/08/25,249.00,6702,6702,0,0,Yes,True,790836.00,,Priya Das Chowdhury,12/04/26,1,1,44,Yes,Yes,44,73,,6702,0,0,0,5,,,,,,,0.252,29931.3,10044,,724642,,,,6702.00,6704.00,26/02/2026,24/03/2026,6704.00,TAPARIA KHILKAPUR ( LAXMI GARMENTS ),0,26,-,-,-,-,-,-,0,0,-,-,-,-,-,-,0,0,6704.00,0.00,27/03/2026,-,-,BLOCK 4 STICHING BAPI GAZI,6704,12,-,-,-,-,-,-,0,0,-,-,-,-,-,-,0,0,-,-,-,-,-,-,0,0,-,-,-,-,-,-,0,0,166,46,26,38,-12,764617.30,6704.00,771321.30,115.05,0.00,-771321.30,0
-5,,02536/25-26,Demo-MU-KN-CA-TS-HS-RF-0556-0825,Knits - Men,g mart,30/08/25,249.00,1200,1200,0,0,Yes,True,147600.00,,Priya Das Chowdhury,02/04/26,1,1,44,Yes,Yes,44,73,,1200,0,0,0,5275,12,,,20,,,0.24,5575.1,1392,,92718,1280,,,1200.00,896.00,24/02/2026,07/03/2026,896.00,TAPARIA KHILKAPUR ( LAXMI GARMENTS ),304,11,-,-,-,-,-,-,0,0,-,-,-,-,-,-,0,0,897.00,888.00,16/03/2026,01/04/2026,9768.00,BLOCK 4 STICHING BAPI GAZI,9,16,-,-,-,-,-,-,0,0,-,-,-,-,-,-,0,0,866.00,0.00,04/04/2026,-,-,TIPL BLOCK 4 2ND FLOOR FINISHING ( MUNNA DA ),866,4,-,-,-,-,-,-,0,0,166,46,36,31,5,100965.10,10664.00,111629.10,124.59,0.00,-111629.10,0
-108,,02553/25-26,Demo-Demo-UP-HS-2076-0825,Knits - Kids,Style fashion,01/09/25,129.00,2800,2800,2799,100,Yes,True,224000.00,223920.00,SAYANTANI NANDI,20/12/25,1,1,15,Yes,Yes,15,15,17/01/26,1,2799,0,0,3,,,,,,,0.115,1307.1,,,120298.96,6120,,,3136.00,3136.00,26/11/2025,04/12/2025,3136.00,KK TAILOR,0,8,-,-,-,-,-,-,0,0,-,-,-,-,-,-,0,0,-,-,-,-,-,-,0,0,3136.00,3136.00,04/12/2025,24/12/2025,85748.69,KK TAILOR,0,20,-,-,-,-,-,-,0,0,-,-,-,-,-,-,0,0,-,-,-,-,-,-,0,0,65,64,28,28,0,127726.06,87847.14,215573.20,68.74,0.00,8346.80,89.3
268,,02580/25-26,Demo-MU-KN-CA-TS-HS-RF-0593-0925,Knits - Men,HOME2,01/09/25,199.00,1025,1025,695,67.8,Yes,True,125050.00,69500.00,Priya Das Chowdhury,31/12/26,1,1,,No,No,,0,28/03/26,330,995,0,21,1,,,,,,,0.001,679.75,,,6521,,,,1025.00,1050.00,03/09/2025,03/09/2025,1050.00,BLOCK-4 1ST (FLOOR) CUTTING,0,1,-,-,-,-,-,-,0,0,-,-,-,-,-,-,0,0,1025.00,1102.00,22/09/2025,27/09/2025,14326.00,"TAPARIA  BLOCK 4, 2ND FLOOR,( ANIL )",0,5,-,-,-,-,-,-,0,0,-,-,-,-,-,-,0,0,995.00,995.00,23/03/2026,24/03/2026,2985.00,TIPL BLOCK 4 2ND FLOOR FINISHING ( MUNNA DA ),0,1,295.00,295.00,25/03/2026,31/03/2026,442.50,Bipula das (Asgar),0,6,0,0,209,13,196,7200.75,18803.50,26004.25,24.77,0.00,43495.75,66.2
-108,,02556/25-26,Demo-Demo-UP-HS-2079-0825,Knits - Kids,Style fashion,01/09/25,129.00,2800,2800,2799,100,Yes,True,224000.00,223920.00,SAYANTANI NANDI,20/12/25,1,1,15,Yes,Yes,15,15,17/01/26,1,2799,0,0,2,,,,,,,0.111,2218.2,,,118951.8,,,,2800.00,3048.00,06/11/2025,14/11/2025,3048.00,NOBLE ENTRRPRISE,0,8,-,-,-,-,-,-,0,0,-,-,-,-,-,-,0,0,-,-,-,-,-,-,0,0,3048.00,3055.00,14/11/2025,29/12/2025,68958.99,NOBLE ENTRRPRISE,0,45,-,-,-,-,-,-,0,0,-,-,-,-,-,-,0,0,-,-,-,-,-,-,0,0,65,64,53,53,0,121170.00,78642.12,199812.12,64.09,0.00,24107.88,91.8
-51,,02589/25-26,Demo-LU-KN-CA-TS-HS-RF-0598-0925,Knits - Men,Raju mega amrt,02/09/25,199.00,5000,5000,0,0,Yes,True,550000.00,,Saikat Kr Das,15/02/26,1,1,79,Yes,Yes,79,79,,5000,0,0,0,,,,586.2,,,,0.11,,,,248227.4,,,,5000.00,5328.00,26/12/2025,03/02/2026,5328.00,CLUBTEX APPARDemoS,0,39,5328.00,5328.00,05/02/2026,05/02/2026,31968.00,CLUBTEX APPARDemoS,0,1,5328.00,5328.00,06/02/2026,07/03/2026,74592.00,RAIMA ENTERPRISE,0,29,-,-,-,-,-,-,0,0,5328.00,0.00,11/03/2026,-,-,CLUBTEX APPARDemoS,5328,28,-,-,-,-,-,-,0,0,-,-,-,-,-,-,0,0,-,-,-,-,-,-,0,0,109,211,71,97,-26,248227.40,111888.00,360115.40,67.59,0.00,-360115.40,0
237,,02605/25-26,Demo-MU-KN-CA-TS-HS-SF-0611-0925,Knits - Men,HOME2,03/09/25,299.00,1200,1200,840,70,Yes,True,222000.00,149340.00,Priya Das Chowdhury,30/11/26,1,1,3,Yes,Yes,3,3,09/02/26,360,840,0,8,10867,50,,,2805,,,0.305,8411.7,4800,,90935.2,9543,,,1200.00,832.00,22/10/2025,23/10/2025,832.00,"KNITS CUTTING (BLOCK- 4, 1ST FLOOR)",368,1,-,-,-,-,-,-,0,0,-,-,-,-,-,-,0,0,832.00,851.00,23/10/2025,08/11/2025,11063.00,BLOCK 4 STICHING BAPI GAZI,0,16,-,-,-,-,-,-,0,0,-,-,-,-,-,-,0,0,840.00,840.00,13/11/2025,15/11/2025,2520.00,TIPL BLOCK 4 2ND FLOOR FINISHING ( MUNNA DA ),0,2,-,-,-,-,-,-,0,0,17,57,24,19,5,113689.90,14415.00,128104.90,153.97,0.00,21235.10,101
237,,02608/25-26,Demo-MU-KN-CA-TS-HS-SF-0614-0925,Knits - Men,HOME2,03/09/25,299.00,1200,1200,824,68.7,Yes,True,222000.00,146040.00,Priya Das Chowdhury,30/11/26,1,1,3,Yes,Yes,3,3,09/02/26,376,824,0,22,3475,,,,,,,0.291,7250.3,,,121525.8,,,,1200.00,848.00,16/10/2025,22/10/2025,848.00,"KNITS CUTTING (BLOCK- 4, 1ST FLOOR)",352,6,-,-,-,-,-,-,0,0,-,-,-,-,-,-,0,0,848.00,848.00,22/10/2025,12/11/2025,11024.00,BLOCK 4 STICHING BAPI GAZI,0,21,-,-,-,-,-,-,0,0,-,-,-,-,-,-,0,0,824.00,824.00,13/11/2025,14/11/2025,2472.00,TIPL BLOCK 4 2ND FLOOR FINISHING ( MUNNA DA ),0,1,-,-,-,-,-,-,0,0,17,57,29,28,1,128776.10,14344.00,143120.10,168.77,0.00,2919.90,97.2
237,,02609/25-26,Demo-MU-KN-CA-TS-HS-SF-0615-0925,Knits - Men,HOME2,03/09/25,299.00,1200,1200,909,75.8,Yes,True,222000.00,158555.00,Priya Das Chowdhury,30/11/26,1,1,3,Yes,Yes,3,3,26/02/26,291,909,0,22,3816,,,,,,,0.26,7146.2,,,77248.4,,,,1200.00,936.00,18/10/2025,22/10/2025,936.00,"KNITS CUTTING (BLOCK- 4, 1ST FLOOR)",264,4,-,-,-,-,-,-,0,0,-,-,-,-,-,-,0,0,936.00,936.00,22/10/2025,03/11/2025,12168.00,BLOCK 4 STICHING BAPI GAZI,0,12,-,-,-,-,-,-,0,0,-,-,-,-,-,-,0,0,901.00,901.00,13/11/2025,14/11/2025,2703.00,TIPL BLOCK 4 2ND FLOOR FINISHING ( MUNNA DA ),0,1,-,-,-,-,-,-,0,0,17,57,27,17,10,84394.60,15807.00,100201.60,107.05,0.00,58353.40,97.1
237,,02606/25-26,Demo-MU-KN-CA-TS-HS-SF-0612-0925,Knits - Men,HOME2,03/09/25,299.00,1200,1200,828,69,Yes,True,222000.00,146880.00,Priya Das Chowdhury,30/11/26,1,1,3,Yes,Yes,3,3,09/02/26,372,868,0,10,12605,20,,,5070,,,0.279,9384.6,1160,,98742,7455.3,,,1200.00,880.00,17/10/2025,18/10/2025,880.00,"KNITS CUTTING (BLOCK- 4, 1ST FLOOR)",320,1,-,-,-,-,-,-,0,0,-,-,-,-,-,-,0,0,880.00,880.00,18/10/2025,04/11/2025,13200.00,BLOCK 4 STICHING BAPI GAZI,0,17,-,-,-,-,-,-,0,0,-,-,-,-,-,-,0,0,868.00,868.00,13/11/2025,14/11/2025,2604.00,TIPL BLOCK 4 2ND FLOOR FINISHING ( MUNNA DA ),0,1,-,-,-,-,-,-,0,0,17,57,28,19,9,116741.90,16684.00,133425.90,151.62,0.00,13454.10,94.1
237,,02607/25-26,Demo-MU-KN-CA-TS-HS-SF-0613-0925,Knits - Men,HOME2,03/09/25,299.00,1200,1200,817,68.1,Yes,True,222000.00,145080.00,Priya Das Chowdhury,30/11/26,1,1,3,Yes,Yes,3,3,09/02/26,383,817,0,22,3416,,,,,,,0.29,6570.22,,,96961.8,,,,1200.00,840.00,22/10/2025,23/10/2025,840.00,"KNITS CUTTING (BLOCK- 4, 1ST FLOOR)",360,1,-,-,-,-,-,-,0,0,-,-,-,-,-,-,0,0,840.00,844.00,23/10/2025,06/11/2025,10972.00,BLOCK 4 STICHING BAPI GAZI,0,14,-,-,-,-,-,-,0,0,-,-,-,-,-,-,0,0,817.00,817.00,13/11/2025,14/11/2025,2451.00,TIPL BLOCK 4 2ND FLOOR FINISHING ( MUNNA DA ),0,1,-,-,-,-,-,-,0,0,17,57,23,16,7,103532.02,14263.00,117795.02,140.23,0.00,27284.98,97.3
237,,02604/25-26,Demo-MU-KN-CA-TS-HS-SF-0610-0925,Knits - Men,HOME2,03/09/25,299.00,1200,1200,801,66.8,Yes,True,222000.00,142140.00,Priya Das Chowdhury,30/11/26,1,1,3,Yes,Yes,3,3,09/02/26,399,801,0,18,3269,,,,,,,0.299,6155.72,,,75120,,,,1200.00,808.00,22/10/2025,24/10/2025,808.00,"KNITS CUTTING (BLOCK- 4, 1ST FLOOR)",392,2,-,-,-,-,-,-,0,0,-,-,-,-,-,-,0,0,808.00,822.00,24/10/2025,07/11/2025,12330.00,BLOCK 4 STICHING BAPI GAZI,0,14,-,-,-,-,-,-,0,0,-,-,-,-,-,-,0,0,801.00,801.00,13/11/2025,15/11/2025,2403.00,TIPL BLOCK 4 2ND FLOOR FINISHING ( MUNNA DA ),0,2,-,-,-,-,-,-,0,0,17,21,24,18,6,81275.72,15541.00,96816.72,119.82,0.00,45323.28,99.1
268,,02617/25-26,Demo-MU-KN-PLO-TS-HS-0646-0925,Knits - Men,Hero123,04/09/25,0.00,2080,2080,2080,100,Yes,True,291200.00,291200.00,Priya Das Chowdhury,31/12/26,1,1,,No,No,,0,19/09/25,0,2080,0,9,2.5,,,562.95,,,,0.271,787.5,,,149708.25,,,,2080.00,2080.00,10/09/2025,16/09/2025,2080.00,SUPRA  INDUSTRIES,0,6,-,-,-,-,-,-,0,0,-,-,-,-,-,-,0,0,-,-,-,-,-,-,0,0,2080.00,2080.00,16/09/2025,29/10/2025,70026.67,SUPRA  INDUSTRIES,0,43,-,-,-,-,-,-,0,0,-,-,-,-,-,-,0,0,-,-,-,-,-,-,0,0,0,0,49,49,0,150495.75,91268.00,241763.75,116.23,0.00,49436.25,100
268,,02620/25-26,Demo-MU-KN-PLO-TS-HS-0647-0925,Knits - Men,Hero123,04/09/25,0.00,2580,2580,0,0,Yes,True,361200.00,,Priya Das Chowdhury,31/12/26,1,1,,No,No,,0,,2580,0,0,0,7785,,,,,,,0.261,2696.15,,,179250,,,,2580.00,2583.00,08/09/2025,08/09/2025,2583.00,RIDHI SIDHI APPARDemoS,0,1,-,-,-,-,-,-,0,0,-,-,-,-,-,-,0,0,-,-,-,-,-,-,0,0,2583.00,2583.00,09/09/2025,25/09/2025,96268.41,RIDHI SIDHI APPARDemoS,0,16,-,-,-,-,-,-,0,0,-,-,-,-,-,-,0,0,-,-,-,-,-,-,0,0,0,0,17,17,0,181946.15,98851.41,280797.56,108.71,0.00,-280797.56,0
268,,02616/25-26,Demo-MU-KN-PLO-TS-HS-0645-0925,Knits - Men,Hero123,04/09/25,0.00,4701,4701,4660,99.1,Yes,False,658140.00,572197.00,Priya Das Chowdhury,31/12/26,1,1,,No,No,,0,24/09/25,41,4660,0,0,,,,1125.05,,,,0.24,,,,299523.75,,,,4701.00,4683.00,10/09/2025,16/09/2025,4683.00,SUPRA  INDUSTRIES,18,6,-,-,-,-,-,-,0,0,-,-,-,-,-,-,0,0,-,-,-,-,-,-,0,0,4683.00,4683.00,16/09/2025,23/09/2025,192003.00,"SUITPEOPLE GARMENTS PRIVATE LIMITED, SUPRA  INDUSTRIES",0,7,-,-,-,-,-,-,0,0,-,-,-,-,-,-,0,0,-,-,-,-,-,-,0,0,0,0,13,13,0,299523.75,201852.00,501375.75,107.06,0.00,70821.25,99.5
268,,02613/25-26,Demo-MU-KN-PLO-TS-HS-0643-0925,Knits - Men,Hero123,04/09/25,0.00,1900,1900,1908,100.4,Yes,True,266000.00,267120.00,Priya Das Chowdhury,31/12/26,1,1,,No,No,,0,24/09/25,-8,1908,0,10,,,,513.1,,,,0.269,8178,,,155300,,,,1900.00,1908.00,10/09/2025,16/09/2025,1908.00,SUPRA  INDUSTRIES,0,6,-,-,-,-,-,-,0,0,-,-,-,-,-,-,0,0,-,-,-,-,-,-,0,0,1908.00,1908.00,16/09/2025,10/11/2025,55332.00,SUPRA  INDUSTRIES,0,55,-,-,-,-,-,-,0,0,-,-,-,-,-,-,0,0,-,-,-,-,-,-,0,0,0,0,61,61,0,163478.00,83672.00,247150.00,129.53,0.00,19970.00,100
268,,02610/25-26,Demo-MU-KN-PLO-TS-HS-0641-0925,Knits - Men,Hero123,04/09/25,0.00,2241,2241,2126,94.9,Yes,True,313740.00,2126.00,Priya Das Chowdhury,31/12/26,1,1,,No,No,,0,24/09/25,115,2126,0,0,,,,,3,,,0.261,264,,,179170.3,2946,,,2241.00,2250.00,10/09/2025,16/09/2025,2250.00,SUPRA  INDUSTRIES,0,6,-,-,-,-,-,-,0,0,-,-,-,-,-,-,0,0,2250.00,2248.00,16/09/2025,23/09/2025,65192.00,"SS GARMENTS , SUPRA  INDUSTRIES, TAPARIA  BLOCK 4, 2ND FLOOR,( ANIL )",2,7,-,-,-,-,-,-,0,0,-,-,-,-,-,-,0,0,2126.00,2126.00,23/09/2025,24/09/2025,6378.00,TIPL BLOCK 4 2ND FLOOR FINISHING ( MUNNA DA ),0,1,-,-,-,-,-,-,0,0,0,0,14,14,0,182380.30,73820.00,256200.30,113.87,0.00,-254074.30,94.5
23,,02619/25-26,Demo-ML-KN-CA-FS-SF-0652-0925,Knits - Men,Style fashion,04/09/25,449.00,3240,3240,3178,98.1,Yes,True,793800.00,778610.00,Saikat Kr Das,30/04/26,1,1,-33,Yes,Yes,-33,42,11/02/26,62,3178,0,30,,,,,4,,,0.403,39500.75,,,693120,9275.8,,,3240.00,3408.00,01/12/2025,06/12/2025,3408.00,"KNITS CUTTING (BLOCK- 4, 1ST FLOOR)",0,5,-,-,-,-,-,-,0,0,-,-,-,-,-,-,0,0,3408.00,3408.00,09/12/2025,19/12/2025,83257.44,"TAPARIA  BLOCK 4, 2ND FLOOR,( ANIL )",0,10,-,-,-,-,-,-,0,0,-,-,-,-,-,-,0,0,3365.00,3365.00,20/01/2026,10/02/2026,16825.00,TG ENTERPRISE,0,21,-,-,-,-,-,-,0,0,79,8,71,36,35,741896.55,127099.05,868995.60,243.95,0.00,-90385.60,93.3
115,,02612/25-26,Demo-MU-KN-CA-SL-SF-0653-0925,Knits - Men,HOME2,04/09/25,199.00,15000,0,11778,78.5,Yes,True,1500000.00,1079742.00,Saikat Kr Das,31/07/26,0,1,,No,No,,0,12/03/26,3222,0,0,0,-,-,-,-,-,-,-,,-,-,-,-,-,-,-,-,-,-,-,-,-,-,-,-,-,-,-,-,-,-,-,-,-,-,-,-,-,-,-,-,-,-,-,-,-,-,-,-,-,-,-,-,-,-,-,-,-,-,-,-,-,-,-,-,-,-,-,-,-,-,-,-,-,-,-,-,-,-,-,0,0,0,0,0,0.00,0.00,0.00,92.50,0.00,1079742.00,0
23,,02615/25-26,Demo-ML-KN-CA-FS-SF-0650-0925,Knits - Men,Style fashion,04/09/25,449.00,3240,3240,2965,91.5,Yes,True,793800.00,726425.00,Saikat Kr Das,30/04/26,1,1,-33,Yes,Yes,-33,42,21/02/26,275,2965,0,65,14675,,,,3554,,,0.378,30824.5,,,467248.75,8630,,,3240.00,3408.00,03/12/2025,15/12/2025,3408.00,"KNITS CUTTING (BLOCK- 4, 1ST FLOOR)",0,12,-,-,-,-,-,-,0,0,-,-,-,-,-,-,0,0,3408.00,3408.00,15/12/2025,05/01/2026,109056.00,"TAPARIA  BLOCK 4, 2ND FLOOR,( ANIL )",0,21,-,-,-,-,-,-,0,0,-,-,-,-,-,-,0,0,3086.00,3086.00,06/01/2026,12/01/2026,15430.00,AP ENTERPRISE ( PRASENJIT HAZRA ),0,6,-,-,-,-,-,-,0,0,79,16,40,39,1,506703.25,127894.00,634597.25,177.88,0.00,91827.75,87
268,,02621/25-26,Demo-MU-KN-PLO-TS-HS-0648-0925,Knits - Men,Hero123,04/09/25,0.00,501,501,501,100,Yes,True,70140.00,70140.00,Priya Das Chowdhury,31/12/26,1,1,,No,No,,0,19/09/25,0,501,0,0,,,,181.15,,,,0.362,,,,57634.55,,,,501.00,501.00,10/09/2025,16/09/2025,501.00,SUPRA  INDUSTRIES,0,6,-,-,-,-,-,-,0,0,-,-,-,-,-,-,0,0,-,-,-,-,-,-,0,0,501.00,501.00,16/09/2025,10/11/2025,21543.00,SUPRA  INDUSTRIES,0,55,-,-,-,-,-,-,0,0,-,-,-,-,-,-,0,0,-,-,-,-,-,-,0,0,0,0,61,61,0,57634.55,22044.00,79678.55,159.04,0.00,-9538.55,100
3,,02654/25-26,Demo-MU-KN-CA-TS-HS-OS-0638-0925,Knits - Men,C2 ltd,05/09/25,299.00,2348,2348,0,0,Yes,True,422640.00,,Saikat Kr Das,10/04/26,1,1,4,Yes,Yes,4,4,,2348,0,0,0,,,,,2,,,0.328,11059.2,3132,,297351.84,4214,,,2348.00,2166.00,25/02/2026,02/03/2026,2166.00,"KNITS CUTTING (BLOCK- 4, 1ST FLOOR)",182,5,-,-,-,-,-,-,0,0,-,-,-,-,-,-,0,0,4068.00,4068.00,05/03/2026,14/03/2026,49833.00,"BLOCK 4 STICHING BAPI GAZI, SABITRI ENTERPRISE (SUMON MONDAL)",0,9,-,-,-,-,-,-,0,0,-,-,-,-,-,-,0,0,2154.00,0.00,19/03/2026,-,-,TIPL BLOCK 4 2ND FLOOR FINISHING ( MUNNA DA ),2154,20,-,-,-,-,-,-,0,0,166,40,17,34,-17,315757.04,37033.50,352790.54,162.88,0.00,-352790.54,0
3,,02656/25-26,Demo-MU-KN-CA-TS-HS-OS-0640-0925,Knits - Men,C2 ltd,05/09/25,299.00,1620,1620,0,0,Yes,True,291600.00,,Saikat Kr Das,10/04/26,1,1,4,Yes,Yes,4,4,,1620,0,0,0,,,,,2,,,0.333,2131.6,,,155198.55,2910,,,1620.00,1574.00,28/02/2026,02/03/2026,1574.00,"KNITS CUTTING (BLOCK- 4, 1ST FLOOR)",46,2,-,-,-,-,-,-,0,0,-,-,-,-,-,-,0,0,1574.00,1580.00,02/03/2026,11/03/2026,23700.00,BLOCK 4 STICHING BAPI GAZI,0,9,-,-,-,-,-,-,0,0,-,-,-,-,-,-,0,0,1407.00,1406.00,12/03/2026,19/03/2026,5624.00,TG ENTERPRISE,1,7,-,-,-,-,-,-,0,0,166,40,19,18,1,160240.15,30898.00,191138.15,121.43,0.00,-191138.15,0
3,,02653/25-26,Demo-MU-KN-CA-TS-HS-OS-0637-0925,Knits - Men,C2 ltd,05/09/25,299.00,2934,2934,0,0,Yes,True,528120.00,,Saikat Kr Das,10/04/26,1,1,4,Yes,Yes,4,4,,2934,0,0,0,3,,,,,,,0.314,11580.6,3720,,375740.1,7900,,,2934.00,2958.00,18/03/2026,20/03/2026,2958.00,"KNITS CUTTING (BLOCK- 4, 1ST FLOOR)",0,2,-,-,-,-,-,-,0,0,-,-,-,-,-,-,0,0,2958.00,2912.00,20/03/2026,04/04/2026,43680.00,BLOCK 4 STICHING BAPI GAZI,46,15,-,-,-,-,-,-,0,0,-,-,-,-,-,-,0,0,-,-,-,-,-,-,0,0,-,-,-,-,-,-,0,0,166,40,17,17,0,398940.70,46638.00,445578.70,150.64,0.00,-445578.70,0
3,,02655/25-26,Demo-MU-KN-CA-TS-HS-OS-0639-0925,Knits - Men,C2 ltd,05/09/25,299.00,2190,2190,0,0,Yes,True,394200.00,,Saikat Kr Das,10/04/26,1,1,4,Yes,Yes,4,4,,2190,0,0,0,2,,,,,,,0.344,9815,,,219423.09,,,,2190.00,2088.00,26/02/2026,28/03/2026,2088.00,"KNITS CUTTING (BLOCK- 4, 1ST FLOOR)",102,30,-,-,-,-,-,-,0,0,-,-,-,-,-,-,0,0,2088.00,0.00,30/03/2026,-,-,BLOCK 4 STICHING BAPI GAZI,2088,9,-,-,-,-,-,-,0,0,-,-,-,-,-,-,0,0,-,-,-,-,-,-,0,0,-,-,-,-,-,-,0,0,166,40,30,39,-9,229238.09,2088.00,231326.09,110.79,0.00,-231326.09,0
3,,02652/25-26,Demo-MU-KN-CA-TS-HS-OS-0636-0925,Knits - Men,C2 ltd,05/09/25,299.00,3443,3443,0,0,Yes,True,619740.00,,Saikat Kr Das,10/04/26,1,1,4,Yes,Yes,4,4,,3443,0,0,0,3,,,,,,,0.326,15917.3,4872,,478772.2,10980,,,3443.00,3442.00,26/02/2026,05/03/2026,3442.00,"KNITS CUTTING (BLOCK- 4, 1ST FLOOR)",1,7,-,-,-,-,-,-,0,0,-,-,-,-,-,-,0,0,3442.00,3490.00,24/02/2026,17/03/2026,52350.00,"BLOCK 4 STICHING BAPI GAZI, BUMBLE BEE GARMENTS PVT. LTD.",0,21,-,-,-,-,-,-,0,0,-,-,-,-,-,-,0,0,3318.00,0.00,18/03/2026,-,-,TIPL BLOCK 4 2ND FLOOR FINISHING ( MUNNA DA ),3318,21,-,-,-,-,-,-,0,0,166,40,21,49,-28,510541.50,55792.00,566333.50,164.54,0.00,-566333.50,0
-123,,02668/25-26,SC-Demo-WO-CA-SH-HS-RF-00836-0925,Woven,HOME2,08/09/25,399.00,4800,0,0,0,Yes,True,1104000.00,,Diwakar Kumar,05/12/25,0,1,1,Yes,No,1,1,,4800,0,0,0,-,-,-,-,-,-,-,,-,-,-,-,-,-,-,-,-,-,-,-,-,-,-,-,-,-,-,-,-,-,-,-,-,-,-,-,-,-,-,-,-,-,-,-,-,-,-,-,-,-,-,-,-,-,-,-,-,-,-,-,-,-,-,-,-,-,-,-,-,-,-,-,-,-,-,-,-,-,-,16,0,0,0,0,0.00,0.00,0.00,,0.00,0,0
25,,02686/25-26,Demo-JB-WO-CA-SH-HS-RF-00856-0926,Woven,market lmtd,08/09/25,199.00,3000,3000,0,0,Yes,True,354000.00,,MD SAMIM SK,02/05/26,1,1,37,Yes,Yes,37,37,,3000,0,0,0,6053,,,,,,,0.616,17080,,,,,,174135,3000.00,3008.00,03/01/2026,17/01/2026,4512.00,TIPL- LINE NO-4,0,14,3008.00,3008.00,17/01/2026,22/01/2026,15040.00,BALAJI PRINTER,0,5,-,-,-,-,-,-,0,0,3008.00,3008.00,10/01/2026,10/03/2026,100768.00,TIPL- LINE NO-4,0,59,-,-,-,-,-,-,0,0,3008.00,3008.00,11/03/2026,12/03/2026,18048.00,RAZA WASHING PROCESS,0,1,-,-,-,-,-,-,0,0,-,-,-,-,-,-,0,0,114,73,68,79,-11,191215.00,138368.00,329583.00,109.57,0.00,-329583.00,0
25,,02685/25-26,Demo-JB-WO-CA-SH-HS-RF-00855-0926,Woven,market lmtd,08/09/25,199.00,3000,3000,0,0,Yes,True,354000.00,,MD SAMIM SK,02/05/26,1,1,37,Yes,Yes,37,37,,3000,0,0,0,6453,,,,,,,0.593,17880,,,,,,151629.25,3000.00,3008.00,03/01/2026,17/01/2026,4512.00,TIPL- LINE NO-4,0,14,3008.00,3008.00,17/01/2026,02/02/2026,15040.00,BALAJI PRINTER,0,16,-,-,-,-,-,-,0,0,3008.00,3008.00,10/01/2026,22/03/2026,103776.00,TIPL- LINE NO-4,0,71,-,-,-,-,-,-,0,0,3001.00,3001.00,23/03/2026,26/03/2026,18006.00,RAZA WASHING PROCESS,0,3,-,-,-,-,-,-,0,0,-,-,-,-,-,-,0,0,114,73,82,104,-22,169509.25,141334.00,310843.25,102.85,0.00,-310843.25,0
-67,,02702/25-26,Demo-Demo-UP-HS-2111-0825,Knits - Kids,Style fashion,09/09/25,199.00,3600,3600,0,0,Yes,True,457200.00,,SAYANTANI NANDI,30/01/26,1,1,11,Yes,Yes,11,11,,3600,0,0,50,2,,,,,,,0.154,38397,,,188780.4,,,,3600.00,3552.00,05/12/2025,27/12/2025,3552.00,RIDHI SIDHI APPARDemoS,48,22,-,-,-,-,-,-,0,0,-,-,-,-,-,-,0,0,-,-,-,-,-,-,0,0,3552.00,3552.00,18/12/2025,14/02/2026,109366.08,RIDHI SIDHI APPARDemoS,0,58,-,-,-,-,-,-,0,0,-,-,-,-,-,-,0,0,-,-,-,-,-,-,0,0,87,70,71,80,-9,227177.40,122549.16,349726.56,98.46,0.00,-349726.56,0
-87,,02700/25-26,Demo-Demo-UP-HS-2109-0825,Knits - Kids,Style fashion,09/09/25,199.00,3600,3600,0,0,Yes,True,457200.00,,SAYANTANI NANDI,10/01/26,1,1,11,Yes,Yes,11,11,,3600,0,0,0,2,,,,,,,0.151,28024,,,197836.1,6545,,,3600.00,3472.00,17/12/2025,23/12/2025,3472.00,TAPARIA KHILKAPUR ( LAXMI GARMENTS ),128,6,3472.00,3472.00,29/12/2025,30/01/2026,24304.00,BASUKI PRINT,0,32,-,-,-,-,-,-,0,0,3472.00,3472.00,31/01/2026,11/02/2026,41664.00,MM Textiles,0,11,-,-,-,-,-,-,0,0,-,-,-,-,-,-,0,0,3435.00,3445.00,12/02/2026,14/02/2026,8095.75,JAMINUL MONDAL,0,2,-,-,-,-,-,-,0,0,78,70,59,51,8,232405.10,77535.75,309940.85,87.13,0.00,-309940.85,0
-87,,02690/25-26,Demo-Demo-UP-HS-2100-0825,Knits - Kids,Style fashion,09/09/25,199.00,3600,3600,0,0,Yes,True,457200.00,,SAYANTANI NANDI,10/01/26,1,1,11,Yes,Yes,11,11,,3600,0,0,0,,,,,1,,,0.163,9070,1740,,240894.8,7162,,,3600.00,3408.00,06/02/2026,10/02/2026,3408.00,"KNITS CUTTING (BLOCK- 4, 1ST FLOOR)",192,4,-,-,-,-,-,-,0,0,-,-,-,-,-,-,0,0,3408.00,3407.00,11/02/2026,25/02/2026,42587.50,BLOCK 4 STICHING BAPI GAZI,1,14,-,-,-,-,-,-,0,0,-,-,-,-,-,-,0,0,3407.00,3407.00,26/02/2026,28/02/2026,4599.45,4TH FLOOR IRONING,0,2,3407.00,3302.00,26/02/2026,28/02/2026,3302.00,RAJ SARKAR (GARMENTS FINISHING CONTRACTOR),105,2,86,70,22,22,0,258866.80,53896.95,312763.75,91.77,0.00,-312763.75,0
25,,02726/25-26,Demo-Demo-WO-CA-SH-HS-RF-00866-0925,Woven,market lmtd,12/09/25,249.00,3000,3000,0,0,Yes,True,450000.00,,MD SAMIM SK,02/05/26,1,1,33,Yes,Yes,33,33,,3000,0,0,0,6060,,,,2753,,,0.81,17628,,,,4878.87,,212064,3000.00,2784.00,03/01/2026,17/01/2026,4176.00,TIPL- LINE NO-4,216,14,2784.00,2784.00,11/02/2026,11/02/2026,13920.00,BALAJI PRINTER,0,1,-,-,-,-,-,-,0,0,2784.00,2784.00,10/01/2026,10/03/2026,93264.00,TIPL- LINE NO-4,0,59,-,-,-,-,-,-,0,0,2784.00,2784.00,11/03/2026,12/03/2026,16704.00,RAZA WASHING PROCESS,0,1,2753.00,2753.00,31/03/2026,06/04/2026,10736.70,AWANTIKA ENTERPRISES,0,6,-,-,-,-,-,-,0,0,110,69,93,81,12,234570.87,138800.70,373371.57,134.11,0.00,-373371.57,0
25,,02727/25-26,Demo-Demo-WO-CA-SH-HS-RF-00867-0925,Woven,market lmtd,12/09/25,249.00,3000,3000,0,0,Yes,True,450000.00,,MD SAMIM SK,02/05/26,1,1,33,Yes,Yes,33,33,,3000,0,0,0,6060,,,,2515,,,0.797,17628,,,,5115,,154901,3000.00,2784.00,03/01/2026,21/01/2026,4176.00,TIPL- LINE NO-4,216,18,2784.00,2784.00,21/01/2026,11/02/2026,13920.00,BALAJI PRINTER,0,21,-,-,-,-,-,-,0,0,2784.00,2757.00,10/01/2026,22/03/2026,92359.50,TIPL- LINE NO-4,27,71,-,-,-,-,-,-,0,0,2650.00,2650.00,22/03/2026,23/03/2026,15900.00,RAZA WASHING PROCESS,0,1,2689.00,0.00,30/03/2026,-,-,SHANKAR ENTERPRISE IN HOUSE,2689,9,-,-,-,-,-,-,0,0,110,69,79,120,-41,177644.00,126355.50,303999.50,108.99,0.00,-303999.50,0
53,,02801/25-26,Demo-JG-LO-FP-2190-0925,Knits - Kids,bangur client,18/09/25,149.00,2000,2000,1096,54.8,Yes,True,190000.00,97872.80,Titly Paul,30/05/26,1,1,54,No,Yes,54,0,30/01/26,904,1096,0,0,3840,,,,,,,0.112,1009.6,,,94484.7,,,,2000.00,2000.00,10/11/2025,25/11/2025,2000.00,KK TAILOR,0,15,-,-,-,-,-,-,0,0,-,-,-,-,-,-,0,0,-,-,-,-,-,-,0,0,2000.00,2000.00,25/11/2025,06/01/2026,77020.00,KK TAILOR,0,42,-,-,-,-,-,-,0,0,-,-,-,-,-,-,0,0,-,-,-,-,-,-,0,0,0,60,57,57,0,95494.30,79020.00,174514.30,87.26,0.00,-76641.50,54.8
53,,02796/25-26,Demo-JG-LO-FP-2185-0925,Knits - Kids,bangur client,18/09/25,149.00,2000,2000,1096,54.8,Yes,True,190000.00,97872.80,Titly Paul,30/05/26,1,1,0,Yes,Yes,0,0,30/01/26,904,1096,0,0,4839,,,,,,,0.109,1127.64,,,104487,,,,2000.00,2200.00,13/11/2025,05/12/2025,2200.00,KK TAILOR,0,22,-,-,-,-,-,-,0,0,-,-,-,-,-,-,0,0,-,-,-,-,-,-,0,0,2200.00,2376.00,05/12/2025,05/01/2026,71066.16,KK TAILOR,0,31,-,-,-,-,-,-,0,0,-,-,-,-,-,-,0,0,-,-,-,-,-,-,0,0,56,60,53,53,0,105614.64,73266.16,178880.80,81.31,0.00,-81008.00,49.8
53,,02799/25-26,Demo-JG-LO-FP-2188-0925,Knits - Kids,bangur client,18/09/25,149.00,2000,2000,1096,54.8,Yes,True,190000.00,97872.80,Titly Paul,30/05/26,1,1,37,Yes,Yes,37,37,30/01/26,904,1096,0,0,4160,,,,,,,0.102,1060.8,,,98493.75,,,,2268.00,2268.00,18/12/2025,29/12/2025,2268.00,KK TAILOR,0,11,-,-,-,-,-,-,0,0,-,-,-,-,-,-,0,0,-,-,-,-,-,-,0,0,2268.00,2268.00,29/12/2025,06/01/2026,64660.68,KK TAILOR,0,8,-,-,-,-,-,-,0,0,-,-,-,-,-,-,0,0,-,-,-,-,-,-,0,0,90,60,19,19,0,99554.55,66928.68,166483.23,73.41,0.00,-68610.43,48.3
53,,02798/25-26,Demo-JG-LO-FP-2187-0925,Knits - Kids,bangur client,18/09/25,149.00,2000,2000,1096,54.8,Yes,True,190000.00,97872.80,Titly Paul,30/05/26,1,1,0,Yes,Yes,0,0,30/01/26,904,1096,0,0,3320,,,,,,,0.103,926.4,,,125784,,,,2544.00,2544.00,13/11/2025,25/11/2025,2544.00,KK TAILOR,0,12,-,-,-,-,-,-,0,0,-,-,-,-,-,-,0,0,-,-,-,-,-,-,0,0,2544.00,2544.00,25/11/2025,05/01/2026,72529.44,KK TAILOR,0,41,-,-,-,-,-,-,0,0,-,-,-,-,-,-,0,0,-,-,-,-,-,-,0,0,56,60,53,53,0,126710.40,75073.44,201783.84,79.32,0.00,-103911.04,43.1
53,,02797/25-26,Demo-JG-LO-FP-2186-0925,Knits - Kids,bangur client,18/09/25,149.00,2000,2000,1096,54.8,Yes,True,190000.00,97872.80,Titly Paul,30/05/26,1,1,0,Yes,Yes,0,0,30/01/26,904,1096,0,0,3940,,,,,,,0.101,983.8,,,145388.75,,,,2496.00,2496.00,13/11/2025,25/11/2025,2496.00,KK TAILOR,0,12,-,-,-,-,-,-,0,0,-,-,-,-,-,-,0,0,-,-,-,-,-,-,0,0,2496.00,2496.00,25/11/2025,05/01/2026,74655.36,KK TAILOR,0,41,-,-,-,-,-,-,0,0,-,-,-,-,-,-,0,0,-,-,-,-,-,-,0,0,56,60,53,53,0,146372.55,77151.36,223523.91,89.55,0.00,-125651.11,43.9
53,,02800/25-26,Demo-JG-LO-FP-2189-0925,Knits - Kids,bangur client,18/09/25,149.00,2000,2000,1096,54.8,Yes,True,190000.00,97872.80,Titly Paul,30/05/26,1,1,54,No,Yes,54,0,30/01/26,904,1096,0,0,4160,,,,,,,0.112,1060.8,,,94867.9,,,,2000.00,1936.00,10/11/2025,25/11/2025,1936.00,KK TAILOR,64,15,-,-,-,-,-,-,0,0,-,-,-,-,-,-,0,0,-,-,-,-,-,-,0,0,1936.00,1936.00,25/11/2025,06/01/2026,74555.36,KK TAILOR,0,42,-,-,-,-,-,-,0,0,-,-,-,-,-,-,0,0,-,-,-,-,-,-,0,0,0,60,57,57,0,95928.70,76491.36,172420.06,89.06,0.00,-74547.26,56.6
25,,02813/25-26,Demo-JB-WO-CA-SH-HS-RF-00842-0925,Woven,market lmtd,19/09/25,299.00,3000,3000,0,0,Yes,True,510000.00,,MD SAMIM SK,02/05/26,1,1,43,Yes,Yes,43,98,,3000,0,0,0,,,,,3,,,0.562,8868,,,,5442,,203392,3000.00,2828.00,19/02/2026,28/02/2026,4242.00,SAHIN GARMENTS,172,9,-,-,-,-,-,-,0,0,-,-,-,-,-,-,0,0,2828.00,2828.00,19/02/2026,01/04/2026,94738.00,SAHIN GARMENTS,0,41,-,-,-,-,-,-,0,0,2828.00,2828.00,01/04/2026,04/04/2026,16968.00,RAZA WASHING PROCESS,0,3,1800.00,0.00,06/04/2026,-,-,SHANKAR ENTERPRISE IN HOUSE,1800,2,-,-,-,-,-,-,0,0,152,45,44,55,-11,217702.00,115948.00,333650.00,117.98,0.00,-333650.00,0
25,,02812/25-26,Demo-JB-WO-CA-SH-HS-RF-00841-0925,Woven,market lmtd,19/09/25,299.00,3000,3000,0,0,Yes,True,510000.00,,MD SAMIM SK,02/05/26,1,1,43,Yes,Yes,43,55,,3000,0,0,0,6035,,,,,,,0.606,16396,,,,,,233088,3000.00,3004.00,08/01/2026,22/01/2026,4506.00,TIPL- LINE NO-3,0,14,-,-,-,-,-,-,0,0,-,-,-,-,-,-,0,0,3004.00,3004.00,10/01/2026,06/02/2026,97630.00,TIPL- LINE NO-3,0,27,-,-,-,-,-,-,0,0,3004.00,3004.00,06/02/2026,10/02/2026,18024.00,RAZA WASHING PROCESS,0,4,-,-,-,-,-,-,0,0,-,-,-,-,-,-,0,0,103,45,33,45,-12,249484.00,120160.00,369644.00,123.05,0.00,-369644.00,0
25,,02815/25-26,Demo-JB-WO-CA-SH-HS-RF-00844-0925,Woven,market lmtd,19/09/25,299.00,3000,3000,2960,98.7,Yes,True,510000.00,503200.00,MD SAMIM SK,02/05/26,1,1,54,Yes,Yes,54,55,07/04/26,40,2960,0,100,6035,,,,,,,0.602,16396,,,,,,231808,3000.00,3008.00,08/01/2026,19/01/2026,4512.00,TIPL- LINE NO-3,0,11,-,-,-,-,-,-,0,0,-,-,-,-,-,-,0,0,3008.00,3008.00,10/01/2026,31/01/2026,97760.00,TIPL- LINE NO-3,0,21,-,-,-,-,-,-,0,0,3008.00,3008.00,31/01/2026,02/02/2026,18048.00,RAZA WASHING PROCESS,0,2,2960.00,2960.00,02/04/2026,07/04/2026,11544.00,SHANKAR ENTERPRISE IN HOUSE,0,5,-,-,-,-,-,-,0,0,103,62,89,39,50,248204.00,131864.00,380068.00,126.35,0.00,123132.00,98.4
25,,02814/25-26,Demo-JB-WO-CA-SH-HS-RF-00843-0925,Woven,market lmtd,19/09/25,299.00,3000,2999,2949,98.3,Yes,True,510000.00,501330.00,MD SAMIM SK,02/05/26,1,1,54,Yes,Yes,54,55,07/04/26,51,2949,0,0,6235,,,,3621,,,0.61,16996,,,,4788,,234368,3000.00,3004.00,08/01/2026,21/01/2026,4506.00,TIPL- LINE NO-3,0,13,-,-,-,-,-,-,0,0,-,-,-,-,-,-,0,0,3004.00,3004.00,10/01/2026,03/02/2026,97630.00,TIPL- LINE NO-3,0,24,-,-,-,-,-,-,0,0,3004.00,3004.00,03/02/2026,05/02/2026,18024.00,RAZA WASHING PROCESS,0,2,2949.00,2949.00,28/03/2026,07/04/2026,11501.10,SHANKAR ENTERPRISE IN HOUSE,0,10,-,-,-,-,-,-,0,0,103,62,89,49,40,256152.00,131661.10,387813.10,129.10,0.00,113516.90,98.2
-138,,02834/25-26,SC-Demo-WO-CA-SH-HS-RF-00890-0925,Woven,HOME2,24/09/25,399.00,1800,1800,0,0,Yes,False,405000.00,,Ananya Ghosh,20/11/25,1,1,,No,No,,0,,1800,0,0,0,1540,40,,,1552,,,0.218,2446.2,2290,,180148.5,2449.8,,,1800.00,1544.00,22/10/2025,29/10/2025,1544.00,"KNITS CUTTING (BLOCK- 4, 1ST FLOOR)",256,7,-,-,-,-,-,-,0,0,-,-,-,-,-,-,0,0,1544.00,1540.00,29/10/2025,12/11/2025,38500.00,TIPL- LINE NO-1,4,14,-,-,-,-,-,-,0,0,-,-,-,-,-,-,0,0,1540.00,1535.00,13/11/2025,17/11/2025,4144.50,JD ENTERPRISE,5,4,-,-,-,-,-,-,0,0,0,0,26,25,1,187334.50,44188.50,231523.00,126.57,0.00,-231523.00,0
23,,02840/25-26,Demo-MU-KN-CA-SANDO-SF-0695-0925,Knits - Men,HOME2,25/09/25,149.00,400,400,60,15,Yes,True,42000.00,7500.00,Priya Das Chowdhury,30/04/26,1,1,79,Yes,No,79,79,20/03/26,340,60,0,0,4705,10,,,,,,0.218,2902.7,550,,57485.5,,,,444.00,444.00,06/10/2025,17/10/2025,444.00,"KNITS CUTTING (BLOCK- 4, 1ST FLOOR)",0,11,-,-,-,-,-,-,0,0,-,-,-,-,-,-,0,0,444.00,444.00,11/11/2025,05/01/2026,3640.80,TAPARIA BLOCK 4 4TH FLOOR (L FIROZ),0,55,-,-,-,-,-,-,0,0,-,-,-,-,-,-,0,0,1130.00,1130.00,20/03/2026,20/03/2026,3390.00,"AP ENTERPRISE ( PRASENJIT HAZRA ), TIPL BLOCK 4 2ND FLOOR FINISHING ( MUNNA DA )",0,1,-,-,-,-,-,-,0,0,79,0,165,67,98,60938.20,8103.00,69041.20,155.50,0.00,-61541.20,13.5
-128,,03471/25-26,GG_LADIES T-SHIRT,Others,RAINBOW EXIM TRADE LLP,01/10/25,199.00,24745,0,26085,105.4,Yes,True,3192105.00,3364965.00,RAKESH NAYAK,30/11/25,0,1,,No,No,,0,27/12/25,-1340,0,0,0,-,-,-,-,-,-,-,,-,-,-,-,-,-,-,-,-,-,-,-,-,-,-,-,-,-,-,-,-,-,-,-,-,-,-,-,-,-,-,-,-,-,-,-,-,-,-,-,-,-,-,-,-,-,-,-,-,-,-,-,-,-,-,-,-,-,-,-,-,-,-,-,-,-,-,-,-,-,-,0,0,0,0,0,0.00,0.00,0.00,157.80,0.00,3364965.00,0
-128,,03471/25-26,LG_FINISHED STOCK,Others,RAINBOW EXIM TRADE LLP,01/10/25,0.00,6290,0,6290,100,Yes,True,849150.00,712340.00,RAKESH NAYAK,30/11/25,0,1,,No,No,,0,27/12/25,0,0,0,0,-,-,-,-,-,-,-,,-,-,-,-,-,-,-,-,-,-,-,-,-,-,-,-,-,-,-,-,-,-,-,-,-,-,-,-,-,-,-,-,-,-,-,-,-,-,-,-,-,-,-,-,-,-,-,-,-,-,-,-,-,-,-,-,-,-,-,-,-,-,-,-,-,-,-,-,-,-,-,0,0,0,0,0,0.00,0.00,0.00,157.80,0.00,712340.00,0
-66,,02935/25-26,Demo-JB-WO-CA-CS-HS-RF-00822-0925,Woven,Style fashion,06/10/25,499.00,2400,2400,0,0,Yes,True,768000.00,,Samim Hossain,31/01/26,1,1,124,No,Yes,124,0,,2400,0,0,0,,,,706.65,,,,0.28,,,,256513.95,,,,2520.00,2520.00,11/03/2026,17/03/2026,2520.00,"KNITS CUTTING (BLOCK- 4, 1ST FLOOR)",0,6,-,-,-,-,-,-,0,0,-,-,-,-,-,-,0,0,-,-,-,-,-,-,0,0,-,-,-,-,-,-,0,0,-,-,-,-,-,-,0,0,-,-,-,-,-,-,0,0,-,-,-,-,-,-,0,0,0,128,6,6,0,256513.95,2520.00,259033.95,102.79,0.00,-259033.95,0
-66,,02941/25-26,Demo-Demo-WO-CA-CS-HS-RF-00828-0925,Woven,Style fashion,06/10/25,599.00,1200,0,0,0,Yes,True,390000.00,,Samim Hossain,31/01/26,0,1,113,Yes,No,113,113,,1200,0,0,0,-,-,-,-,-,-,-,,-,-,-,-,-,-,-,-,-,-,-,-,-,-,-,-,-,-,-,-,-,-,-,-,-,-,-,-,-,-,-,-,-,-,-,-,-,-,-,-,-,-,-,-,-,-,-,-,-,-,-,-,-,-,-,-,-,-,-,-,-,-,-,-,-,-,-,-,-,-,-,0,0,0,0,0,0.00,0.00,0.00,,0.00,0,0
-66,,02936/25-26,Demo-JB-WO-CA-CS-HS-RF-00823-0925,Woven,Style fashion,06/10/25,499.00,2400,0,0,0,Yes,True,552000.00,,Samim Hossain,31/01/26,0,1,,No,No,,0,,2400,0,0,0,-,-,-,-,-,-,-,,-,-,-,-,-,-,-,-,-,-,-,-,-,-,-,-,-,-,-,-,-,-,-,-,-,-,-,-,-,-,-,-,-,-,-,-,-,-,-,-,-,-,-,-,-,-,-,-,-,-,-,-,-,-,-,-,-,-,-,-,-,-,-,-,-,-,-,-,-,-,-,0,0,0,0,0,0.00,0.00,0.00,,0.00,0,0
-66,,02939/25-26,Demo-JB-WO-CA-CS-HS-RF-00826-0925,Woven,Style fashion,06/10/25,599.00,1000,0,0,0,Yes,True,285000.00,,Samim Hossain,31/01/26,0,1,45,Yes,Yes,45,113,,1000,0,0,0,-,-,-,-,-,-,-,,-,-,-,-,-,-,-,-,-,-,-,-,-,-,-,-,-,-,-,-,-,-,-,-,-,-,-,-,-,-,-,-,-,-,-,-,-,-,-,-,-,-,-,-,-,-,-,-,-,-,-,-,-,-,-,-,-,-,-,-,-,-,-,-,-,-,-,-,-,-,-,0,51,0,0,0,0.00,0.00,0.00,,0.00,0,0
-66,,02937/25-26,Demo-Demo-WO-CA-CS-HS-RF-00824-0925,Woven,Style fashion,06/10/25,599.00,2400,2400,0,0,Yes,True,780000.00,,Samim Hossain,31/01/26,1,1,52,Yes,Yes,52,52,,2400,0,0,0,600,,,,,,,0.789,13800,,,262732,,,,2400.00,1636.00,09/03/2026,17/03/2026,1636.00,"DILIP, KNITS CUTTING (BLOCK- 4, 1ST FLOOR)",764,8,-,-,-,-,-,-,0,0,-,-,-,-,-,-,0,0,-,-,-,-,-,-,0,0,-,-,-,-,-,-,0,0,-,-,-,-,-,-,0,0,-,-,-,-,-,-,0,0,-,-,-,-,-,-,0,0,128,128,8,8,0,276532.00,1636.00,278168.00,170.03,0.00,-278168.00,0
-113,,02953/25-26,HO-IN-UP-SL-2298-1025,Knits - Kids,HOME2,07/10/25,79.00,10000,10000,5000,50,Yes,True,400000.00,155000.00,MALOTI RIKIASON,15/12/25,3,1,,No,No,,0,17/03/26,5000,5000,0,0,,,,,11,,,0.074,4872.4,,,434914.25,3062,,,10000.00,10176.00,09/10/2025,09/10/2025,10176.00,"KNITS CUTTING (BLOCK- 4, 1ST FLOOR)",0,1,-,-,-,-,-,-,0,0,-,-,-,-,-,-,0,0,10176.00,10192.00,09/10/2025,17/10/2025,76440.00,"DPS GARMENTS, FARHAN GARMENTS, SHIB ENTERPRISE (SHIB SHANKAR GAIN)",0,8,-,-,-,-,-,-,0,0,-,-,-,-,-,-,0,0,6895.00,6895.00,07/02/2026,13/02/2026,4826.50,"4TH FLOOR IRONING, JAMINUL MONDAL",0,6,2614.00,2614.00,07/02/2026,11/03/2026,0.00,BLOCK 4 3RD FLOOR BIKASH JI,0,32,0,0,153,47,106,442848.65,87876.00,530724.65,50.26,0.00,-375724.65,49.1
-128,,02950/25-26,EB-Demo-WO-CA-SH-HS-RF-00897-0925,Woven,intrn lmtd,07/10/25,238.00,1600,0,0,0,Yes,True,718400.00,,Samim Hossain,30/11/25,0,1,56,Yes,No,56,56,,1600,0,0,0,-,-,-,-,-,-,-,,-,-,-,-,-,-,-,-,-,-,-,-,-,-,-,-,-,-,-,-,-,-,-,-,-,-,-,-,-,-,-,-,-,-,-,-,-,-,-,-,-,-,-,-,-,-,-,-,-,-,-,-,-,-,-,-,-,-,-,-,-,-,-,-,-,-,-,-,-,-,-,56,0,0,0,0,0.00,0.00,0.00,,0.00,0,0
-128,,02949/25-26,EB-Demo-WO-CA-SH-FS-RF-00896-0925,Woven,intrn lmtd,07/10/25,499.00,1800,1800,1633,90.7,Yes,False,495000.00,449075.00,Samim Hossain,30/11/25,1,1,45,Yes,Yes,45,56,31/12/25,167,1633,0,0,52,,,,1656,,,1.105,5471.6,,,,2717.2,,288997.8,1800.00,1656.00,05/12/2025,06/12/2025,2484.00,TIPL- LINE NO-4,144,1,-,-,-,-,-,-,0,0,-,-,-,-,-,-,0,0,1656.00,1656.00,04/12/2025,12/12/2025,70380.00,TIPL- LINE NO-4,0,8,-,-,-,-,-,-,0,0,1656.00,1656.00,13/12/2025,17/12/2025,9936.00,RAZA WASHING PROCESS,0,4,1640.00,1640.00,19/12/2025,23/12/2025,10660.00,MAHADEV ENTERPRISES AND FINISHING ( SUBHAJIT ),0,4,-,-,-,-,-,-,0,0,56,57,19,17,2,297186.60,93460.00,390646.60,235.90,0.00,58428.40,98.6
23,,02959/25-26,Demo-SG-LW-HP-2302-1025,Knits - Kids,bangur client,08/10/25,0.00,2000,2000,456,22.8,Yes,True,123000.00,32790.96,Titly Paul,30/04/26,1,1,7,No,Yes,7,0,04/04/26,1544,456,0,0,25,,,,2,,,0.11,2368.4,,,45850,560,,,1192.00,1192.00,13/10/2025,14/10/2025,1192.00,"KNITS CUTTING (BLOCK- 4, 1ST FLOOR)",0,1,-,-,-,-,-,-,0,0,-,-,-,-,-,-,0,0,1192.00,1195.00,14/10/2025,29/10/2025,9560.00,MM Textiles,0,15,-,-,-,-,-,-,0,0,-,-,-,-,-,-,0,0,1195.00,1195.00,05/03/2026,09/03/2026,1912.00,JAMINUL MONDAL,0,4,-,-,-,-,-,-,0,0,0,14,147,20,127,48778.40,12664.00,61442.40,51.55,0.00,-28651.44,38.3
-66,,02964/25-26,Demo-MU-KN-CA-TS-HS-SF-0703-1025,Knits - Men,g mart,09/10/25,399.00,6704,6704,6438,96,Yes,False,1246944.00,1197468.00,Saikat Kr Das,31/01/26,1,1,1,Yes,Yes,1,1,27/12/25,266,6438,0,0,20,,,,1,,,0.248,48780,1057.1,,777085.4,17909,,,7024.00,6864.00,18/11/2025,18/11/2025,6864.00,"KNITS CUTTING (BLOCK- 4, 1ST FLOOR)",160,1,-,-,-,-,-,-,0,0,-,-,-,-,-,-,0,0,10416.00,10441.00,18/11/2025,28/11/2025,147646.72,"AYSHA ENTERPRISE (SAFIKUL ISLAM), BLOCK 4 STICHING BAPI GAZI, TAPARIA  BLOCK 4, 2ND FLOOR,( ANIL )",0,10,-,-,-,-,-,-,0,0,-,-,-,-,-,-,0,0,6766.00,6758.00,18/12/2025,27/12/2025,28721.50,AP ENTERPRISE ( PRASENJIT HAZRA ),8,9,-,-,-,-,-,-,0,0,34,23,39,20,19,844831.50,145422.80,990254.30,144.31,0.00,207213.70,93.8
-7,,02980/25-26,Demo-UP-HS-2308-1025,Knits - Kids,Raju mega amrt,10/10/25,149.00,10500,10500,0,0,Yes,True,924000.00,,SUBHAJIT PATRA,31/03/26,1,1,3,Yes,Yes,3,3,,10500,0,0,0,32400,,,,,,,0.091,8540,,,362653.25,,,,10500.00,10032.00,08/12/2025,05/02/2026,10032.00,NOBLE ENTRRPRISE,468,59,-,-,-,-,-,-,0,0,10032.00,10032.00,28/02/2026,28/02/2026,105336.00,K.K EMBROIDERY(Mosammat Omila Khatun),0,1,-,-,-,-,-,-,0,0,10032.00,0.00,16/12/2025,-,-,NOBLE ENTRRPRISE,10032,113,-,-,-,-,-,-,0,0,-,-,-,-,-,-,0,0,-,-,-,-,-,-,0,0,59,56,82,173,-91,371193.25,115368.00,486561.25,48.50,0.00,-486561.25,0
23,,02998/25-26,Demo-UP-HS-2320-1025,Knits - Kids,Raju mega amrt,10/10/25,149.00,8400,8400,0,0,Yes,True,739200.00,,SUBHAJIT PATRA,30/04/26,1,1,13,Yes,Yes,13,13,,8400,0,0,0,18480,,,,,,,,4552.8,,,236412.25,,,,8401.00,0.00,10/12/2025,-,-,GOTEX  APPARDemoS  PVT.  LTD.,8401,119,-,-,-,-,-,-,0,0,-,-,-,-,-,-,0,0,-,-,-,-,-,-,0,0,-,-,-,-,-,-,0,0,-,-,-,-,-,-,0,0,-,-,-,-,-,-,0,0,-,-,-,-,-,-,0,0,61,18,0,119,-119,240965.05,0.00,240965.05,26.68,0.00,-240965.05,0
146,,03019/25-26,HO- IB-UP-HS-2363-1025,Knits - Kids,HOME2,11/10/25,99.00,795,795,0,0,Yes,True,78705.00,,SAYANTANI NANDI,31/08/26,1,1,140,No,Yes,140,0,,795,0,0,0,1610,,,,,,,0,894.5,,,0.48,,,,795.00,795.00,18/10/2025,18/10/2025,795.00,KAYA APPARDemoS,0,1,-,-,-,-,-,-,0,0,-,-,-,-,-,-,0,0,-,-,-,-,-,-,0,0,795.00,0.00,18/10/2025,-,-,KAYA APPARDemoS,795,172,-,-,-,-,-,-,0,0,-,-,-,-,-,-,0,0,-,-,-,-,-,-,0,0,0,150,0,173,-173,894.98,795.00,1689.98,2.13,0.00,-1689.98,0
38,,03049/25-26,Demo -IB-UP-HS-2371-1025,Knits - Kids,market lmtd,14/10/25,149.00,2500,2500,0,0,Yes,True,215000.00,,RIA PAUL,15/05/26,1,1,4,Yes,Yes,4,4,,2500,0,0,0,2660,,,,,,,0.074,3079,,,70040,,,,2500.00,2616.00,06/01/2026,12/01/2026,2616.00,"KNITS CUTTING (BLOCK- 4, 1ST FLOOR)",0,6,-,-,-,-,-,-,0,0,2616.00,2616.00,14/02/2026,07/03/2026,11772.00,K.K EMBROIDERY(Mosammat Omila Khatun),0,21,-,-,-,-,-,-,0,0,2616.00,2150.00,28/02/2026,04/04/2026,58050.00,KK TAILOR,466,35,-,-,-,-,-,-,0,0,-,-,-,-,-,-,0,0,-,-,-,-,-,-,0,0,77,53,88,62,26,73119.00,72438.00,145557.00,55.64,0.00,-145557.00,0
23,,03063/25-26,Demo -IB-UP-HS-2373-1025,Knits - Kids,market lmtd,15/10/25,149.00,2500,2500,0,0,Yes,True,215000.00,,RIA PAUL,30/04/26,1,1,3,Yes,Yes,3,3,,2500,0,0,0,2680,,,,,,,0.068,3092,,,62900,,,,2500.00,2640.00,15/01/2026,21/01/2026,2640.00,"KNITS CUTTING (BLOCK- 4, 1ST FLOOR)",0,6,-,-,-,-,-,-,0,0,2640.00,2640.00,16/02/2026,23/02/2026,13200.00,kamal embroidery ( 5th floor ),0,7,-,-,-,-,-,-,0,0,2640.00,0.00,28/02/2026,-,-,KK TAILOR,2640,39,-,-,-,-,-,-,0,0,-,-,-,-,-,-,0,0,-,-,-,-,-,-,0,0,76,52,39,52,-13,65992.00,15840.00,81832.00,29.92,0.00,-81832.00,0
38,,03068/25-26,Demo -IB-UP-HS-2376-1025,Knits - Kids,market lmtd,15/10/25,149.00,2500,2500,0,0,Yes,True,215000.00,,RIA PAUL,15/05/26,1,1,3,Yes,Yes,3,3,,2500,0,0,0,8200,,,,,,,0.083,14130.5,,,83619,,,,2500.00,2640.00,15/01/2026,21/01/2026,2640.00,"KNITS CUTTING (BLOCK- 4, 1ST FLOOR)",0,6,-,-,-,-,-,-,0,0,-,-,-,-,-,-,0,0,2640.00,2640.00,07/02/2026,31/03/2026,52800.00,SUPRA  INDUSTRIES,0,52,-,-,-,-,-,-,0,0,-,-,-,-,-,-,0,0,-,-,-,-,-,-,0,0,-,-,-,-,-,-,0,0,76,31,75,58,17,97749.50,55440.00,153189.50,58.02,0.00,-153189.50,0
84,,03077/25-26,Demo -IB-UP-SL-2385-1025,Knits - Kids,market lmtd,15/10/25,99.00,3000,3000,0,0,Yes,True,195000.00,,RIA PAUL,30/06/26,1,1,1,Yes,Yes,1,1,,3000,0,0,0,3260,80,,,,,,0.058,2569,4400,,74608,,,,3000.00,3160.00,04/12/2025,06/12/2025,3160.00,"KNITS CUTTING (BLOCK- 4, 1ST FLOOR)",0,2,3160.00,3160.00,06/12/2025,26/12/2025,25280.00,LAXMI MACHINE MANORANJAN,0,20,-,-,-,-,-,-,0,0,6269.00,6287.00,27/12/2025,09/01/2026,49117.19,"AYSHA ENTERPRISE (SAFIKUL ISLAM), TAPARIA BLOCK 4 4TH FLOOR (L FIROZ)",0,13,-,-,-,-,-,-,0,0,-,-,-,-,-,-,0,0,-,-,-,-,-,-,0,0,-,-,-,-,-,-,0,0,41,56,36,35,1,81577.00,64106.25,145683.25,45.44,0.00,-145683.25,0
-128,,03050/25-26,HM-IB-LW-FP-2444-1025,Knits - Kids,HOME2,15/10/25,35.00,6000,1998,0,0,Yes,True,210000.00,,MALOTI RIKIASON,30/11/25,1,1,2,No,Yes,2,0,,6000,0,0,0,30,,,,,,,0.052,5383.2,,,70000,810,,,2328.00,2328.00,17/10/2025,17/10/2025,2328.00,"KNITS CUTTING (BLOCK- 4, 1ST FLOOR)",0,1,-,-,-,-,-,-,0,0,-,-,-,-,-,-,0,0,2328.00,2367.00,17/10/2025,29/10/2025,17752.50,MM Textiles,0,12,-,-,-,-,-,-,0,0,-,-,-,-,-,-,0,0,-,-,-,-,-,-,0,0,4732.00,4730.00,02/12/2025,05/12/2025,6149.00,RAJ SARKAR (GARMENTS FINISHING CONTRACTOR),2,3,0,2,49,16,33,76193.20,26229.50,102422.70,31.97,0.00,-102422.70,0
23,,03064/25-26,Demo -IB-UP-HS-2374-1025,Knits - Kids,market lmtd,15/10/25,149.00,2500,2500,0,0,Yes,True,215000.00,,RIA PAUL,30/04/26,1,1,3,Yes,Yes,3,3,,2500,0,0,0,2480,,,,,,,0.064,2962,,,61269,,,,2500.00,2440.00,15/01/2026,21/01/2026,2440.00,"KNITS CUTTING (BLOCK- 4, 1ST FLOOR)",60,6,-,-,-,-,-,-,0,0,2440.00,2440.00,16/02/2026,07/03/2026,12932.00,K.K EMBROIDERY(Mosammat Omila Khatun),0,19,-,-,-,-,-,-,0,0,2440.00,2402.00,28/02/2026,04/04/2026,64854.00,KK TAILOR,38,35,-,-,-,-,-,-,0,0,-,-,-,-,-,-,0,0,-,-,-,-,-,-,0,0,76,31,79,60,19,64231.00,80226.00,144457.00,59.20,0.00,-144457.00,0
84,,03072/25-26,Demo -IB-SL-2380-1025,Knits - Kids,market lmtd,15/10/25,99.00,3000,3000,0,0,Yes,True,195000.00,,RIA PAUL,30/06/26,1,1,1,Yes,Yes,1,1,,3000,0,0,0,6192,,,,,,,0.059,7431.2,,,74320,,,,3000.00,3040.00,11/12/2025,16/12/2025,3040.00,"KNITS CUTTING (BLOCK- 4, 1ST FLOOR)",0,5,3040.00,3040.00,16/12/2025,24/12/2025,25840.00,CHITRA TRENDS,0,8,-,-,-,-,-,-,0,0,3040.00,3035.00,22/12/2025,19/01/2026,44007.50,RAJDEEP GARMENTS,5,28,-,-,-,-,-,-,0,0,-,-,-,-,-,-,0,0,-,-,-,-,-,-,0,0,-,-,-,-,-,-,0,0,41,55,39,41,-2,81751.20,72887.50,154638.70,49.37,0.00,-154638.70,0
23,,03075/25-26,Demo -IB-UP-HS-2383-1025,Knits - Kids,market lmtd,15/10/25,149.00,3000,3000,0,0,Yes,True,258000.00,,RIA PAUL,30/04/26,1,1,1,Yes,Yes,1,1,,3000,0,0,0,8840,,,,,,,0.079,14102,,,70525,,,,3000.00,2184.00,06/01/2026,13/01/2026,2184.00,"KNITS CUTTING (BLOCK- 4, 1ST FLOOR)",816,7,2184.00,2184.00,13/01/2026,21/01/2026,15288.00,MAHALAXMI GARMENTS,0,8,-,-,-,-,-,-,0,0,2184.00,2184.00,23/01/2026,25/03/2026,43680.00,RAJDEEP GARMENTS,0,61,-,-,-,-,-,-,0,0,-,-,-,-,-,-,0,0,-,-,-,-,-,-,0,0,-,-,-,-,-,-,0,0,36,52,78,76,2,84627.00,61152.00,145779.00,66.75,0.00,-145779.00,0
38,,03069/25-26,Demo -IB-UP-HS-2377-1025,Knits - Kids,market lmtd,15/10/25,149.00,2600,2600,0,0,Yes,True,223600.00,,RIA PAUL,15/05/26,1,1,3,Yes,Yes,3,3,,2600,0,0,0,6720,,,,,,,0.083,11793,,,142124.25,,,,2600.00,2640.00,06/01/2026,12/01/2026,2640.00,"KNITS CUTTING (BLOCK- 4, 1ST FLOOR)",0,6,-,-,-,-,-,-,0,0,-,-,-,-,-,-,0,0,2640.00,2640.00,28/01/2026,31/03/2026,52800.00,SUPRA  INDUSTRIES,0,62,-,-,-,-,-,-,0,0,-,-,-,-,-,-,0,0,-,-,-,-,-,-,0,0,-,-,-,-,-,-,0,0,76,31,84,68,16,153917.25,55440.00,209357.25,55.48,0.00,-209357.25,0
84,,03073/25-26,Demo -IB-UP-SL-2381-1025,Knits - Kids,market lmtd,15/10/25,99.00,3000,3000,0,0,Yes,True,195000.00,,RIA PAUL,30/06/26,1,1,1,Yes,Yes,1,1,,3000,0,0,0,3200,,,,,,,0.062,2530,,,81108.3,,,,3000.00,3160.00,04/12/2025,06/12/2025,3160.00,"KNITS CUTTING (BLOCK- 4, 1ST FLOOR)",0,2,3160.00,3160.00,09/12/2025,31/12/2025,25280.00,LOKNATH PRINTING,0,22,-,-,-,-,-,-,0,0,3160.00,3176.00,02/01/2026,19/01/2026,38112.00,TAPARIA BLOCK 24 (L SUBRATA),0,17,-,-,-,-,-,-,0,0,-,-,-,-,-,-,0,0,-,-,-,-,-,-,0,0,-,-,-,-,-,-,0,0,41,56,46,41,5,83638.30,66552.00,150190.30,47.53,0.00,-150190.30,0
84,,03076/25-26,Demo -IB-UP-SL-2384-1025,Knits - Kids,market lmtd,15/10/25,99.00,3000,3000,0,0,Yes,True,195000.00,,RIA PAUL,30/06/26,1,1,1,Yes,Yes,1,1,,3000,0,0,0,2890,,,,,,,0.07,2328.5,,,88087.4,,,,3000.00,2640.00,24/12/2025,27/12/2025,2640.00,"KNITS CUTTING (BLOCK- 4, 1ST FLOOR)",360,3,2640.00,2640.00,27/12/2025,06/01/2026,23760.00,LAXMI MACHINE MANORANJAN,0,10,-,-,-,-,-,-,0,0,2641.00,2640.00,08/01/2026,22/01/2026,27720.00,"A & B  READY MADE  GARMENTS  , BHAI BHAI HOSIERY (LAXMAN BISWAS)",1,14,-,-,-,-,-,-,0,0,-,-,-,-,-,-,0,0,-,-,-,-,-,-,0,0,-,-,-,-,-,-,0,0,41,51,29,27,2,90415.90,54120.00,144535.90,54.75,0.00,-144535.90,0
38,,03078/25-26,Demo -IB-UP-HS-2386-1025,Knits - Kids,market lmtd,15/10/25,149.00,3000,3000,0,0,Yes,True,267000.00,,RIA PAUL,15/05/26,1,1,1,Yes,Yes,1,1,,3000,0,0,0,3060,,,,,,,0.067,6408,,,83612.8,,,,3000.00,3000.00,27/01/2026,30/01/2026,3000.00,"KNITS CUTTING (BLOCK- 4, 1ST FLOOR)",0,3,3000.00,3000.00,02/02/2026,16/02/2026,48000.00,LAXMI MACHINE MANORANJAN,0,14,3000.00,3000.00,21/02/2026,20/03/2026,63000.00,AKIB JABED EMBROIDARY,0,27,3000.00,0.00,28/02/2026,-,-,TAPARIA BLOCK 24 (L SUBRATA),3000,39,-,-,-,-,-,-,0,0,-,-,-,-,-,-,0,0,-,-,-,-,-,-,0,0,-,-,-,-,-,-,0,0,36,52,52,83,-31,90020.80,114000.00,204020.80,66.82,0.00,-204020.80,0
54,,03084/25-26,Demo-Demo-WO-CA-SH-HS-RF-00918-1025,Woven,Raju mega amrt,15/10/25,219.00,5500,0,0,0,Yes,True,709500.00,,MD SAMIM SK,31/05/26,0,1,33,Yes,Yes,33,33,,5500,0,0,0,-,-,-,-,-,-,-,,-,-,-,-,-,-,-,-,-,-,-,-,-,-,-,-,-,-,-,-,-,-,-,-,-,-,-,-,-,-,-,-,-,-,-,-,-,-,-,-,-,-,-,-,-,-,-,-,-,-,-,-,-,-,-,-,-,-,-,-,-,-,-,-,-,-,-,-,-,-,-,167,108,0,0,0,0.00,0.00,0.00,,0.00,0,0
23,,03066/25-26,Demo -IB-UP-HS-2375-1025,Knits - Kids,market lmtd,15/10/25,149.00,2500,2500,0,0,Yes,True,215000.00,,RIA PAUL,30/04/26,1,1,3,Yes,Yes,3,3,,2500,0,0,0,7889,,,,,,,0.073,14282.55,,,72992.5,,,,2500.00,2640.00,15/01/2026,21/01/2026,2640.00,"KNITS CUTTING (BLOCK- 4, 1ST FLOOR)",0,6,-,-,-,-,-,-,0,0,-,-,-,-,-,-,0,0,2640.00,2640.00,07/02/2026,31/03/2026,52800.00,SUPRA  INDUSTRIES,0,52,-,-,-,-,-,-,0,0,-,-,-,-,-,-,0,0,-,-,-,-,-,-,0,0,-,-,-,-,-,-,0,0,76,31,75,58,17,87275.05,55440.00,142715.05,51.90,0.00,-142715.05,0
84,,03074/25-26,Demo -IB-UP-SL-2382-1025,Knits - Kids,market lmtd,15/10/25,99.00,3000,3000,0,0,Yes,True,195000.00,,RIA PAUL,30/06/26,1,1,1,Yes,Yes,1,1,,3000,0,0,0,6195,,,,,,,0.066,3635.7,,,89841.8,,,,3000.00,3040.00,11/12/2025,16/12/2025,3040.00,"KNITS CUTTING (BLOCK- 4, 1ST FLOOR)",0,5,3040.00,3040.00,16/12/2025,25/12/2025,19760.00,LAXMI TABLE ADITI,0,9,-,-,-,-,-,-,0,0,3040.00,3042.00,26/12/2025,30/01/2026,44109.00,RAJDEEP GARMENTS,0,35,-,-,-,-,-,-,0,0,-,-,-,-,-,-,0,0,-,-,-,-,-,-,0,0,-,-,-,-,-,-,0,0,41,55,50,49,1,93477.50,66909.00,160386.50,52.76,0.00,-160386.50,0
38,,03070/25-26,Demo -IB-UP-HS-2378-1025,Knits - Kids,market lmtd,15/10/25,149.00,2500,2500,0,0,Yes,True,215000.00,,RIA PAUL,15/05/26,1,1,3,Yes,Yes,3,3,,2500,0,0,0,8020,,,,,,,0.076,14282.1,,,69880.5,,,,2500.00,2640.00,06/01/2026,12/01/2026,2640.00,"KNITS CUTTING (BLOCK- 4, 1ST FLOOR)",0,6,-,-,-,-,-,-,0,0,-,-,-,-,-,-,0,0,2640.00,2640.00,28/01/2026,31/03/2026,52800.00,SUPRA  INDUSTRIES,0,62,-,-,-,-,-,-,0,0,-,-,-,-,-,-,0,0,-,-,-,-,-,-,0,0,-,-,-,-,-,-,0,0,76,52,84,68,16,84162.60,55440.00,139602.60,52.88,0.00,-139602.60,0
-87,,03121/25-26,VB -IN-UP-HS-2421-1025,Knits - Kids,V-BAZAR RETAIL PVT. LTD,16/10/25,149.00,2100,2100,0,0,Yes,True,184800.00,,SAYANTANI NANDI,10/01/26,1,1,18,Yes,Yes,18,18,,2100,0,0,0,2,,,,1,,,0.077,1219,,,75278.35,2543,,,2100.00,2100.00,23/12/2025,27/12/2025,2100.00,"KNITS CUTTING (BLOCK- 4, 1ST FLOOR)",0,4,2100.00,2100.00,10/01/2026,23/01/2026,10500.00,MAHALAXMI GARMENTS,0,13,-,-,-,-,-,-,0,0,2100.00,2108.00,28/01/2026,25/02/2026,31620.00,PRIYANKA GARMENTS (MADHU HALDER),0,28,-,-,-,-,-,-,0,0,-,-,-,-,-,-,0,0,2108.00,2108.00,28/02/2026,02/03/2026,2108.00,4TH FLOOR IRONING,0,2,2108.00,2093.00,28/02/2026,06/03/2026,2093.00,Bipula das (Asgar),15,6,44,55,73,53,20,79040.35,48421.00,127461.35,57.53,0.00,-127461.35,0
8,,03153/25-26,Demo-MU-KN-CA-SL-RF-0732-1025,Knits - Men,g mart,18/10/25,349.00,1000,1000,0,0,Yes,True,180000.00,,KARTIK DAS,15/04/26,1,1,0,Yes,Yes,0,0,,1000,0,0,0,3540,,,,,,,,6019.2,,,104544,,,,1000.00,0.00,31/03/2026,-,-,"KNITS CUTTING (BLOCK- 4, 1ST FLOOR)",1000,8,-,-,-,-,-,-,0,0,-,-,-,-,-,-,0,0,-,-,-,-,-,-,0,0,-,-,-,-,-,-,0,0,-,-,-,-,-,-,0,0,-,-,-,-,-,-,0,0,-,-,-,-,-,-,0,0,74,35,0,8,-8,110563.20,0.00,110563.20,110.56,0.00,-110563.20,0
84,,03232/25-26,HO-BY-UP-SL-2479-1025,Knits - Kids,HOME2,23/10/25,0.00,1200,1200,0,0,Yes,True,144000.00,,BIKASH Mishra,30/06/26,1,1,19,No,Yes,19,0,,1200,0,0,0,2376,,,,100,,,0.134,5476.15,,,65075,143,,,1200.00,1024.00,28/10/2025,03/11/2025,1024.00,"KNITS CUTTING (BLOCK- 4, 1ST FLOOR)",176,6,-,-,-,-,-,-,0,0,-,-,-,-,-,-,0,0,1024.00,975.00,11/11/2025,27/12/2025,13650.00,"DINESH BARUI, DPS GARMENTS",49,46,-,-,-,-,-,-,0,0,-,-,-,-,-,-,0,0,446.00,446.00,14/01/2026,23/01/2026,01/10/0602,4TH FLOOR IRONING,0,9,446.00,446.00,14/01/2026,24/01/2026,0.00,BLOCK 4 3RD FLOOR BIKASH JI,0,10,0,20,88,71,17,70694.15,15276.10,85970.25,83.96,0.00,-85970.25,0
13,,03233/25-26,Demo-SG-LW-HP-2480-1025,Knits - Kids,bangur client,24/10/25,0.00,1200,1200,456,38,Yes,True,91800.00,32790.96,Titly Paul,20/04/26,1,1,,No,No,,0,04/04/26,744,456,0,0,20,,,,,,,0.114,2030.4,,,58988.2,,,,1200.00,1208.00,24/10/2025,27/10/2025,1208.00,"KNITS CUTTING (BLOCK- 4, 1ST FLOOR)",0,3,1208.00,1208.00,28/10/2025,04/11/2025,3624.00,SANJOY PAUL,0,7,-,-,-,-,-,-,0,0,1208.00,1208.00,03/11/2025,10/11/2025,11476.00,HOSSAIN FASHION ( AJIBAR HOSSAIN ),0,7,-,-,-,-,-,-,0,0,-,-,-,-,-,-,0,0,1204.00,1181.00,05/03/2026,10/03/2026,1889.60,JAMINUL MONDAL,23,5,-,-,-,-,-,-,0,0,0,0,137,22,115,61018.60,18197.60,79216.20,59.20,0.00,-46425.24,37.7
114,,03234/25-26,Demo-JG-UP-HS-2447-1025,Knits - Kids,market lmtd,24/10/25,99.00,4500,4510,0,0,Yes,True,297000.00,,RIA PAUL,30/07/26,1,1,0,Yes,Yes,0,0,,4500,0,0,0,,,,348.88,,,,0.079,,,,126818.35,,,,4510.00,4416.00,27/12/2025,31/12/2025,4416.00,"KNITS CUTTING (BLOCK- 4, 1ST FLOOR)",94,4,-,-,-,-,-,-,0,0,-,-,-,-,-,-,0,0,-,-,-,-,-,-,0,0,-,-,-,-,-,-,0,0,-,-,-,-,-,-,0,0,-,-,-,-,-,-,0,0,-,-,-,-,-,-,0,0,41,15,4,4,0,126818.35,4416.00,131234.35,29.72,0.00,-131234.35,0
84,,03254/25-26,Demo-JG-UP-HS-2462-1025,Knits - Kids,market lmtd,24/10/25,99.00,4500,4500,0,0,Yes,True,297000.00,,RIA PAUL,30/06/26,1,1,22,Yes,Yes,22,22,,4500,0,0,0,,,,352.74,,,,0.084,,,,125355.78,,,,4500.00,4200.00,26/03/2026,01/04/2026,4200.00,TAPARIA KHILKAPUR ( LAXMI GARMENTS ),300,6,4200.00,0.00,01/04/2026,-,-,R.B ENTERPRISE,4200,7,-,-,-,-,-,-,0,0,-,-,-,-,-,-,0,0,-,-,-,-,-,-,0,0,-,-,-,-,-,-,0,0,-,-,-,-,-,-,0,0,-,-,-,-,-,-,0,0,64,18,6,13,-7,125355.78,4200.00,129555.78,30.85,0.00,-129555.78,0
-7,,03235/25-26,Demo-UP-HS-2481-1025,Knits - Kids,Raju mega amrt,24/10/25,149.00,8400,8406,0,0,Yes,True,739200.00,,SUBHAJIT PATRA,31/03/26,3,1,4,Yes,Yes,4,4,,8400,0,0,0,3,,,,4,,,0.083,8205,,,399745.8,4518,,,10710.00,10728.00,06/02/2026,13/02/2026,10728.00,"BLOCK-4 1ST (FLOOR) CUTTING, KNITS CUTTING (BLOCK- 4, 1ST FLOOR)",0,7,-,-,-,-,-,-,0,0,-,-,-,-,-,-,0,0,10728.00,10693.00,14/02/2026,27/02/2026,188196.80,"BANKE BIHARI GARMENTS, RABI GARMENTS , TAPARIA BLOCK 24 (L SUBRATA)",35,13,-,-,-,-,-,-,0,0,-,-,-,-,-,-,0,0,10665.00,10665.00,09/03/2026,14/03/2026,10665.00,4TH FLOOR IRONING,0,5,10769.00,10644.00,09/03/2026,27/03/2026,4257.60,Bipula das (Asgar),125,18,99,82,49,43,6,412468.80,225686.60,638155.40,54.86,0.00,-638155.40,0
-7,,03298/25-26,Demo-MU-KN-CA-TS-HS-SF-0477-0825,Knits - Men,HOME2,25/10/25,249.00,480,0,0,0,Yes,False,60000.00,,Priya Das Chowdhury,31/03/26,0,1,-72,Yes,No,-72,-72,,480,0,0,0,-,-,-,-,-,-,-,,-,-,-,-,-,-,-,-,-,-,-,-,-,-,-,-,-,-,-,-,-,-,-,-,-,-,-,-,-,-,-,-,-,-,-,-,-,-,-,-,-,-,-,-,-,-,-,-,-,-,-,-,-,-,-,-,-,-,-,-,-,-,-,-,-,-,-,-,-,-,-,0,0,0,0,0,0.00,0.00,0.00,,0.00,0,0
54,,03303/25-26,Demo-MU-KN-SANDO-HOODIE-SF-0738-1025,Knits - Men,HOME2,25/10/25,0.00,3500,3500,2296,65.6,Yes,True,437500.00,304980.00,Priya Das Chowdhury,31/05/26,1,1,35,No,Yes,35,0,26/02/26,1204,2570,0,0,16799,,,,,,,0.294,16392.78,,,380000,,,,3500.00,2724.00,29/10/2025,07/11/2025,2724.00,KK TAILOR,776,9,-,-,-,-,-,-,0,0,-,-,-,-,-,-,0,0,-,-,-,-,-,-,0,0,2724.00,2724.00,07/11/2025,23/12/2025,76816.80,KK TAILOR,0,46,-,-,-,-,-,-,0,0,-,-,-,-,-,-,0,0,165.00,165.00,04/04/2026,04/04/2026,247.50,Bipula das (Asgar),0,1,0,35,157,56,101,396392.78,79788.30,476181.08,174.81,0.00,-171201.08,84.3
-7,,03299/25-26,Demo-MU-KN-CA-TS-HS-SF-0478-0825,Knits - Men,HOME2,25/10/25,249.00,480,0,0,0,Yes,False,60000.00,,Priya Das Chowdhury,31/03/26,0,1,-72,Yes,No,-72,-72,,480,0,0,0,-,-,-,-,-,-,-,,-,-,-,-,-,-,-,-,-,-,-,-,-,-,-,-,-,-,-,-,-,-,-,-,-,-,-,-,-,-,-,-,-,-,-,-,-,-,-,-,-,-,-,-,-,-,-,-,-,-,-,-,-,-,-,-,-,-,-,-,-,-,-,-,-,-,-,-,-,-,-,0,0,0,0,0,0.00,0.00,0.00,,0.00,0,0
54,,03301/25-26,Demo-MU-KN-SANDO-HOODIE-SF-0736-1025,Knits - Men,HOME2,25/10/25,0.00,2200,2200,1447,65.8,Yes,True,275000.00,180875.00,Priya Das Chowdhury,31/05/26,1,1,28,No,Yes,28,0,28/03/26,753,1600,0,0,,,,,6,,,0.471,6939.2,,,332139,3362,,,2200.00,1614.00,29/10/2025,05/11/2025,1614.00,SUPRA  INDUSTRIES,586,7,-,-,-,-,-,-,0,0,-,-,-,-,-,-,0,0,-,-,-,-,-,-,0,0,1614.00,1614.00,05/11/2025,23/02/2026,50034.00,SUPRA  INDUSTRIES,0,110,-,-,-,-,-,-,0,0,-,-,-,-,-,-,0,0,164.00,164.00,04/04/2026,04/04/2026,246.00,Bipula das (Asgar),0,1,0,28,157,118,39,342440.20,51894.00,394334.20,244.32,0.00,-213459.20,89.7
-7,,03300/25-26,Demo-MU-KN-CA-TS-HS-SF-0479-0825,Knits - Men,HOME2,25/10/25,249.00,480,0,0,0,Yes,False,60000.00,,Priya Das Chowdhury,31/03/26,0,1,-72,Yes,No,-72,-72,,480,0,0,0,-,-,-,-,-,-,-,,-,-,-,-,-,-,-,-,-,-,-,-,-,-,-,-,-,-,-,-,-,-,-,-,-,-,-,-,-,-,-,-,-,-,-,-,-,-,-,-,-,-,-,-,-,-,-,-,-,-,-,-,-,-,-,-,-,-,-,-,-,-,-,-,-,-,-,-,-,-,-,0,0,0,0,0,0.00,0.00,0.00,,0.00,0,0
-98,,03309/25-26,PM-JB-WO-CA-SH-FS-RF-00927-1025,Woven,Primart,27/10/25,249.00,279,279,0,0,Yes,True,40455.00,,Ananya Ghosh,30/12/25,1,1,,No,No,,0,,279,0,0,0,290,,,,,,,1.139,740.8,,,,,,33495,279.00,280.00,31/10/2025,16/11/2025,420.00,TIPL- LINE NO-8,0,16,-,-,-,-,-,-,0,0,-,-,-,-,-,-,0,0,280.00,280.00,17/11/2025,10/12/2025,11060.00,TIPL- LINE NO-8,0,23,-,-,-,-,-,-,0,0,280.00,280.00,10/12/2025,12/12/2025,1680.00,SUBHAJIT WASH,0,2,-,-,-,-,-,-,0,0,-,-,-,-,-,-,0,0,0,0,42,41,1,34235.80,13160.00,47395.80,169.27,0.00,-47395.80,0
268,,03341/25-26,Demo-MU-KN-SANDO-SF-0770-1025,Knits - Men,HOME2,29/10/25,0.00,1600,1600,1025,64.1,Yes,True,184000.00,121015.00,Priya Das Chowdhury,31/12/26,1,1,30,No,Yes,30,0,19/02/26,575,1064,0,0,10054,,,,,,,0.001,9691.78,,,475,,,,1598.00,1098.00,08/11/2025,13/11/2025,1098.00,KK TAILOR,500,5,-,-,-,-,-,-,0,0,-,-,-,-,-,-,0,0,-,-,-,-,-,-,0,0,1098.00,1098.00,13/11/2025,26/12/2025,23771.70,KK TAILOR,0,43,-,-,-,-,-,-,0,0,-,-,-,-,-,-,0,0,-,-,-,-,-,-,0,0,0,43,48,48,0,10166.78,26569.20,36735.98,33.46,0.00,84279.02,93.4
-8,,03368/25-26,Demo-MU-KN-CA-TS-HS-SF-0772-1025,Knits - Men,g mart,29/10/25,399.00,6704,6704,6216,92.7,Yes,False,1246944.00,1156176.00,KARTIK DAS,30/03/26,1,1,0,Yes,Yes,0,0,07/02/26,488,6216,0,0,,,,,1,,,0.265,91430.4,9280,,709332,1376,,,6704.00,6540.00,10/12/2025,22/12/2025,6540.00,TAPARIA KHILKAPUR ( LAXMI GARMENTS ),164,12,-,-,-,-,-,-,0,0,-,-,-,-,-,-,0,0,6540.00,6576.00,19/12/2025,11/01/2026,98640.00,BLOCK 4 STICHING BAPI GAZI,0,23,-,-,-,-,-,-,0,0,-,-,-,-,-,-,0,0,6536.00,6536.00,19/01/2026,31/01/2026,20425.00,TIPL BLOCK 4 2ND FLOOR FINISHING ( MUNNA DA ),0,12,-,-,-,-,-,-,0,0,27,49,52,47,5,811418.40,126342.00,937760.40,143.39,0.00,218415.60,95
23,,03357/25-26,Demo-Demo-WO-CA-SH-HS-RF-0939-1025,Woven,Raju mega amrt,29/10/25,179.00,5900,5900,0,0,Yes,True,719800.00,,MD SAMIM SK,30/04/26,1,1,19,Yes,Yes,19,19,,5900,0,0,0,17800,,,,,,,0.791,13870,,,,,,323285,5900.00,4984.00,12/03/2026,16/03/2026,7476.00,TIPL- LINE NO-3,916,4,-,-,-,-,-,-,0,0,-,-,-,-,-,-,0,0,4984.00,0.00,12/03/2026,-,-,TIPL- LINE NO-3,4984,27,-,-,-,-,-,-,0,0,-,-,-,-,-,-,0,0,-,-,-,-,-,-,0,0,-,-,-,-,-,-,0,0,93,34,4,31,-27,337155.00,7476.00,344631.00,69.15,0.00,-344631.00,0
23,,03372/25-26,Demo-Demo-WO-CA-SH-HS-RF-0946-1025,Woven,Raju mega amrt,29/10/25,319.00,5500,5500,0,0,Yes,True,709500.00,,MD SAMIM SK,30/04/26,1,1,19,Yes,Yes,19,19,,5500,0,0,0,18600,,,,1977,,,0.805,21807.8,,,,7070.2,,425048,5500.00,5080.00,24/01/2026,07/02/2026,7620.00,TIPL- LINE NO-7,420,14,-,-,-,-,-,-,0,0,-,-,-,-,-,-,0,0,5080.00,5080.00,05/02/2026,11/03/2026,170180.00,TIPL- LINE NO-7,0,34,-,-,-,-,-,-,0,0,5028.00,5028.00,18/03/2026,20/03/2026,30168.00,SUBHAJIT WASH,0,2,8330.00,4964.00,18/03/2026,20/03/2026,30776.80,TPS GARMENT,3366,2,-,-,-,-,-,-,0,0,73,52,55,52,3,453926.00,238744.80,692670.80,136.22,0.00,-692670.80,0
23,,03346/25-26,Demo-Demo-WO-CA-SH-HS-RF-0934-1025,Woven,Raju mega amrt,29/10/25,179.00,5900,5900,0,0,Yes,True,719800.00,,MD SAMIM SK,30/04/26,1,1,19,Yes,Yes,19,19,,5900,0,0,0,18040,,,,,,,0.755,17946,,,,,,360761.75,5900.00,5720.00,24/03/2026,24/03/2026,7150.00,DILIP,180,1,-,-,-,-,-,-,0,0,-,-,-,-,-,-,0,0,5720.00,0.00,24/03/2026,-,-,MD NUR FASHION,5720,15,-,-,-,-,-,-,0,0,-,-,-,-,-,-,0,0,-,-,-,-,-,-,0,0,-,-,-,-,-,-,0,0,136,34,0,16,-16,378707.75,7150.00,385857.75,67.46,0.00,-385857.75,0
23,,03385/25-26,Demo-Demo-WO-CA-SH-HS-RF-0953-1025,Woven,Raju mega amrt,30/10/25,219.00,5500,5500,0,0,Yes,True,709500.00,,MD SAMIM SK,30/04/26,1,1,53,Yes,Yes,53,53,,5500,0,0,0,19200,,,,,,,0.95,12036,,,,,,326576.25,5500.00,3776.00,02/03/2026,24/03/2026,5664.00,TIPL- LINE NO-8,1724,22,-,-,-,-,-,-,0,0,-,-,-,-,-,-,0,0,3776.00,0.00,07/03/2026,-,-,TIPL- LINE NO-8,3776,32,-,-,-,-,-,-,0,0,-,-,-,-,-,-,0,0,-,-,-,-,-,-,0,0,-,-,-,-,-,-,0,0,120,70,22,54,-32,338612.25,5664.00,344276.25,91.17,0.00,-344276.25,0
53,,03420/25-26,Demo-JB-WO-CA-SH-HS-RF-0970-1125,Woven,Raju mega amrt,01/11/25,399.00,6800,6800,0,0,Yes,True,1248480.00,,MD SAMIM SK,30/05/26,1,1,26,No,Yes,26,0,,6800,0,0,0,20634,,,,,,,,18872,,,,,,410040,6800.00,0.00,19/03/2026,-,-,TIPL- LINE NO-8,6800,20,-,-,-,-,-,-,0,0,-,-,-,-,-,-,0,0,-,-,-,-,-,-,0,0,-,-,-,-,-,-,0,0,-,-,-,-,-,-,0,0,-,-,-,-,-,-,0,0,-,-,-,-,-,-,0,0,0,31,0,20,-20,428912.00,0.00,428912.00,63.08,0.00,-428912.00,0
84,,03421/25-26,Demo-JB-WO-CA-SH-HS-RF-0971-1125,Woven,Raju mega amrt,01/11/25,399.00,6800,6800,0,0,Yes,True,1248480.00,,MD SAMIM SK,30/06/26,1,1,18,Yes,Yes,18,18,,6800,0,0,0,20634,,,,,,,,18872,,,,,,718590,6800.00,0.00,19/03/2026,-,-,TIPL- LINE NO-8,6800,20,-,-,-,-,-,-,0,0,-,-,-,-,-,-,0,0,-,-,-,-,-,-,0,0,-,-,-,-,-,-,0,0,-,-,-,-,-,-,0,0,-,-,-,-,-,-,0,0,-,-,-,-,-,-,0,0,90,31,0,20,-20,737462.00,0.00,737462.00,108.45,0.00,-737462.00,0
104,,03417/25-26,Demo-JG-LO-HP-2906-1125,Knits - Kids,bangur client,01/11/25,0.00,2760,2760,0,0,Yes,True,160080.00,,Titly Paul,20/07/26,1,1,,No,No,,0,,2760,0,0,0,6445,,,,55,,,0,1951.35,,,350,1595,,,2749.00,2749.00,04/11/2025,04/11/2025,2749.00,SUITPEOPLE GARMENTS PRIVATE LIMITED,0,1,-,-,-,-,-,-,0,0,-,-,-,-,-,-,0,0,-,-,-,-,-,-,0,0,2749.00,2752.00,04/11/2025,15/11/2025,63296.00,SUITPEOPLE GARMENTS PRIVATE LIMITED,0,11,-,-,-,-,-,-,0,0,-,-,-,-,-,-,0,0,-,-,-,-,-,-,0,0,0,0,11,12,-1,3896.35,66045.00,69941.35,25.44,0.00,-69941.35,0
268,,03422/25-26,Demo-MU-KN-CA-TS-HS-SF-0001-1125,Knits - Men,HOME2,03/11/25,249.00,750,750,842,112.3,Yes,True,93750.00,101040.00,Priya Das Chowdhury,31/12/26,1,1,25,No,Yes,25,0,05/03/26,-92,842,0,0,6354,,,,,,,0.001,7731.9,,,475,,,,864.00,864.00,08/11/2025,13/11/2025,864.00,KK TAILOR,0,5,-,-,-,-,-,-,0,0,-,-,-,-,-,-,0,0,-,-,-,-,-,-,0,0,864.00,864.00,13/11/2025,09/01/2026,19962.72,KK TAILOR,0,57,-,-,-,-,-,-,0,0,-,-,-,-,-,-,0,0,-,-,-,-,-,-,0,0,0,38,62,62,0,8206.90,23410.08,31616.98,36.59,0.00,69423.02,97.5
104,,03423/25-26,Demo-JG-LO-HP-2907-1125,Knits - Kids,bangur client,04/11/25,0.00,3940,3940,0,0,Yes,True,228520.00,,Titly Paul,20/07/26,1,1,0,No,Yes,0,0,,3940,0,0,0,8540,,,,,,,0,2641.8,,,475,,,,4080.00,4094.00,11/12/2025,16/12/2025,4094.00,CG LIFESTYLES LLP,0,5,-,-,-,-,-,-,0,0,-,-,-,-,-,-,0,0,-,-,-,-,-,-,0,0,4094.00,4086.00,16/12/2025,28/03/2026,65376.00,CG LIFESTYLES LLP,8,102,-,-,-,-,-,-,0,0,-,-,-,-,-,-,0,0,-,-,-,-,-,-,0,0,0,6,107,107,0,3116.80,69470.00,72586.80,17.73,0.00,-72586.80,0
54,,03469/25-26,Demo-Demo-WO-CA-SH-HS-RF-0972-1125,Woven,Raju mega amrt,05/11/25,319.00,5900,0,0,0,Yes,True,1032500.00,,MD SAMIM SK,31/05/26,0,1,12,Yes,Yes,12,12,,5900,0,0,0,-,-,-,-,-,-,-,,-,-,-,-,-,-,-,-,-,-,-,-,-,-,-,-,-,-,-,-,-,-,-,-,-,-,-,-,-,-,-,-,-,-,-,-,-,-,-,-,-,-,-,-,-,-,-,-,-,-,-,-,-,-,-,-,-,-,-,-,-,-,-,-,-,-,-,-,-,-,-,0,140,0,0,0,0.00,0.00,0.00,,0.00,0,0
-122,,03473/25-26,Woven Assorted &Old Stock,Woven,HOME2,06/11/25,0.00,500,0,36324,7264.8,Yes,False,55000.00,4161252.00,Manoj,06/12/25,0,1,,No,No,,0,06/04/26,-35824,0,0,0,-,-,-,-,-,-,-,,-,-,-,-,-,-,-,-,-,-,-,-,-,-,-,-,-,-,-,-,-,-,-,-,-,-,-,-,-,-,-,-,-,-,-,-,-,-,-,-,-,-,-,-,-,-,-,-,-,-,-,-,-,-,-,-,-,-,-,-,-,-,-,-,-,-,-,-,-,-,-,0,0,0,0,0,0.00,0.00,0.00,110.00,0.00,4161252.00,0
84,,03472/25-26,HM-IB-LW-2970-1125,Knits - Kids,HOME2,06/11/25,0.00,15000,15000,0,0,Yes,True,450000.00,,MALOTI RIKIASON,30/06/26,1,1,82,No,Yes,82,0,,15000,0,0,0,13400,,,,,,,,1621,,,,,,,-,-,-,-,-,-,-,-,-,-,-,-,-,-,-,-,-,-,-,-,-,-,-,-,-,-,-,-,-,-,-,-,-,-,-,-,-,-,-,-,-,-,-,-,-,-,-,-,-,-,-,-,-,-,-,-,-,-,-,-,-,-,-,-,0,83,0,0,0,1621.00,0.00,1621.00,0.00,0.00,-1621.00,0
-67,,03519/25-26,VB-JB-UP-HS-2950-1125,Knits - Kids,V-BAZAR RETAIL PVT. LTD,08/11/25,149.00,600,600,0,0,Yes,True,51000.00,,SAYANTANI NANDI,30/01/26,1,1,49,No,Yes,49,0,,600,0,0,0,1,,,,,,,0.081,427,,,23556,,,,600.00,608.00,10/02/2026,12/02/2026,608.00,"KNITS CUTTING (BLOCK- 4, 1ST FLOOR)",0,2,608.00,608.00,14/02/2026,19/02/2026,6080.00,R.B ENTERPRISE,0,5,-,-,-,-,-,-,0,0,608.00,609.00,20/02/2026,10/03/2026,6699.00,BLOCK 4 STICHING BAPI GAZI,0,18,-,-,-,-,-,-,0,0,-,-,-,-,-,-,0,0,-,-,-,-,-,-,0,0,-,-,-,-,-,-,0,0,0,65,28,25,3,23983.00,13387.00,37370.00,55.13,0.00,-37370.00,0
-67,,03517/25-26,VB-JB-UP-HS-2948-1125,Knits - Kids,V-BAZAR RETAIL PVT. LTD,08/11/25,149.00,800,800,0,0,Yes,True,68000.00,,SAYANTANI NANDI,30/01/26,1,1,7,Yes,Yes,7,7,,800,0,0,0,1,,,,,,,0.101,865,,,38990,,,,800.00,808.00,17/02/2026,21/02/2026,808.00,"KNITS CUTTING (BLOCK- 4, 1ST FLOOR)",0,4,808.00,808.00,21/02/2026,02/03/2026,9696.00,MA BASULI ENTERPRISE,0,9,-,-,-,-,-,-,0,0,808.00,808.00,02/03/2026,16/03/2026,8888.00,RAJDEEP GARMENTS,0,14,-,-,-,-,-,-,0,0,-,-,-,-,-,-,0,0,-,-,-,-,-,-,0,0,-,-,-,-,-,-,0,0,53,65,27,27,0,39855.00,19392.00,59247.00,60.33,0.00,-59247.00,0
-67,,03537/25-26,VB-Demo-UP-HS-2968-1125,Knits - Kids,V-BAZAR RETAIL PVT. LTD,08/11/25,199.00,600,600,0,0,Yes,True,64200.00,,SAYANTANI NANDI,30/01/26,1,1,49,No,Yes,49,0,,600,0,0,0,640,,,,,,,0.121,384,,,33741,,,,600.00,608.00,10/02/2026,12/02/2026,608.00,"KNITS CUTTING (BLOCK- 4, 1ST FLOOR)",0,2,608.00,608.00,14/02/2026,19/02/2026,6080.00,R.B ENTERPRISE,0,5,-,-,-,-,-,-,0,0,608.00,613.00,20/02/2026,13/03/2026,5874.58,TAPARIA BLOCK 4 4TH FLOOR (L FIROZ),0,21,-,-,-,-,-,-,0,0,-,-,-,-,-,-,0,0,-,-,-,-,-,-,0,0,-,-,-,-,-,-,0,0,0,65,31,28,3,34125.00,13737.50,47862.50,74.12,0.00,-47862.50,0
-67,,03483/25-26,VB-JB-UP-SL-2918-1125,Knits - Kids,V-BAZAR RETAIL PVT. LTD,08/11/25,149.00,1200,1200,1192,99.3,Yes,False,102000.00,101320.00,SAYANTANI NANDI,30/01/26,1,1,14,Yes,Yes,14,14,09/02/26,8,1192,0,0,1,,,,,,,0.083,823,,,48366,1773,,,1200.00,1200.00,05/01/2026,07/01/2026,1200.00,"KNITS CUTTING (BLOCK- 4, 1ST FLOOR)",0,2,1200.00,1200.00,07/01/2026,22/01/2026,10800.00,LAXMI MACHINE MANORANJAN,0,15,-,-,-,-,-,-,0,0,1200.00,1197.00,23/01/2026,03/02/2026,13167.00,RAJDEEP GARMENTS,3,11,-,-,-,-,-,-,0,0,-,-,-,-,-,-,0,0,1165.00,1163.00,03/02/2026,07/02/2026,2907.50,AP ENTERPRISE ( PRASENJIT HAZRA ),2,4,-,-,-,-,-,-,0,0,52,65,33,32,1,50962.00,28074.50,79036.50,62.95,0.00,22283.50,99.3
-67,,03500/25-26,VB-Demo-UP-SL-2931-1125,Knits - Kids,V-BAZAR RETAIL PVT. LTD,08/11/25,199.00,1200,1200,0,0,Yes,True,128400.00,,SAYANTANI NANDI,30/01/26,1,1,14,Yes,Yes,14,14,,1200,0,0,0,1,,,,,,,0.121,542.2,,,45309.7,,,,1200.00,944.00,08/01/2026,21/01/2026,944.00,TAPARIA KHILKAPUR ( LAXMI GARMENTS ),256,13,944.00,944.00,21/01/2026,03/02/2026,7552.00,MAHALAXMI GARMENTS,0,13,-,-,-,-,-,-,0,0,944.00,0.00,11/02/2026,-,-,TAPARIA BLOCK 24 (L SUBRATA),944,56,-,-,-,-,-,-,0,0,-,-,-,-,-,-,0,0,-,-,-,-,-,-,0,0,-,-,-,-,-,-,0,0,52,65,26,82,-56,45851.90,8496.00,54347.90,57.57,0.00,-54347.90,0
-67,,03538/25-26,VB-Demo-UP-HS-2969-1125,Knits - Kids,V-BAZAR RETAIL PVT. LTD,08/11/25,199.00,600,600,0,0,Yes,True,64200.00,,SAYANTANI NANDI,30/01/26,1,1,49,No,Yes,49,0,,600,0,0,0,1,,,,1,,,0.121,445,,,36867.6,1698,,,600.00,608.00,10/02/2026,12/02/2026,608.00,"KNITS CUTTING (BLOCK- 4, 1ST FLOOR)",0,2,608.00,608.00,14/02/2026,19/02/2026,6080.00,R.B ENTERPRISE,0,5,-,-,-,-,-,-,0,0,608.00,608.00,20/02/2026,13/03/2026,5593.60,TAPARIA BLOCK 4 4TH FLOOR (L FIROZ),0,21,-,-,-,-,-,-,0,0,-,-,-,-,-,-,0,0,605.00,573.00,16/03/2026,19/03/2026,1346.55,JAMINUL MONDAL,32,3,-,-,-,-,-,-,0,0,0,65,37,31,6,39010.60,15026.55,54037.15,78.17,0.00,-54037.15,0
-61,,03547/25-26,Demo-IB-UP-HS-2976-1125,Knits - Kids,Style fashion,10/11/25,249.00,2100,2100,1800,85.7,Yes,True,237300.00,203400.00,SAYANTANI NANDI,05/02/26,1,1,0,Yes,Yes,0,11,12/03/26,300,1800,0,0,,,,,2,,,0.092,4286,,,86302.94,4416,,,2100.00,2121.00,22/01/2026,29/01/2026,2121.00,"KNITS CUTTING (BLOCK- 4, 1ST FLOOR), SUITPEOPLE GARMENTS PRIVATE LIMITED",0,7,2121.00,2121.00,29/01/2026,06/02/2026,16968.00,LAXMI MACHINE MANORANJAN,0,8,-,-,-,-,-,-,0,0,-,-,-,-,-,-,0,0,2121.00,2010.00,07/02/2026,19/02/2026,65325.00,SUITPEOPLE GARMENTS PRIVATE LIMITED,111,12,-,-,-,-,-,-,0,0,-,-,-,-,-,-,0,0,-,-,-,-,-,-,0,0,61,7,28,27,1,95004.94,84414.00,179418.94,84.59,0.00,23981.06,84.9
-61,,03545/25-26,Demo-IB-UP-HS-2974-1125,Knits - Kids,Style fashion,10/11/25,249.00,2100,2100,0,0,Yes,True,237300.00,,SAYANTANI NANDI,05/02/26,1,1,0,Yes,Yes,0,11,,2100,0,0,0,,,,,1,,,0.095,4256,,,82731.5,2063,,,2100.00,2130.00,22/01/2026,30/01/2026,2130.00,"KNITS CUTTING (BLOCK- 4, 1ST FLOOR)",0,8,2130.00,2130.00,30/01/2026,11/02/2026,19170.00,LAXMI MACHINE MANORANJAN,0,12,-,-,-,-,-,-,0,0,3855.00,3830.00,10/02/2026,01/03/2026,69897.50,"BLOCK 4 STICHING BAPI GAZI, SS GARMENTS",25,19,-,-,-,-,-,-,0,0,-,-,-,-,-,-,0,0,2032.00,2032.00,10/03/2026,11/03/2026,2032.00,4TH FLOOR IRONING,0,1,4776.00,4776.00,10/03/2026,13/03/2026,4596.90,RAJ SARKAR (GARMENTS FINISHING CONTRACTOR),0,3,61,7,50,43,7,89050.50,79224.60,168275.10,79.00,0.00,-168275.10,0
268,,03568/25-26,Demo-ML-KN-SHORTS-SF-0007-1125,Knits - Men,HOME2,10/11/25,0.00,10000,10000,700,7,Yes,True,890000.00,56000.00,Priya Das Chowdhury,31/12/26,1,1,5,No,Yes,5,0,26/02/26,9300,700,0,0,312,,,,,,,0.242,57300.9,,,,3885,,,11542.00,11598.00,20/11/2025,24/11/2025,11598.00,"KNITS CUTTING (BLOCK- 4, 1ST FLOOR)",0,4,-,-,-,-,-,-,0,0,-,-,-,-,-,-,0,0,11596.00,11358.00,24/11/2025,22/01/2026,203950.17,"BANKE BIHARI GARMENTS, SS GARMENTS",238,59,-,-,-,-,-,-,0,0,-,-,-,-,-,-,0,0,5782.00,4567.00,19/01/2026,26/02/2026,15984.50,"SUDIPTO BANERJEE, TIPL BLOCK 4 2ND FLOOR FINISHING ( MUNNA DA )",1215,38,-,-,-,-,-,-,0,0,0,5,98,101,-3,61185.90,246884.50,308070.40,50.78,0.00,-252070.40,6
-61,,03546/25-26,Demo-IB-UP-HS-2975-1125,Knits - Kids,Style fashion,10/11/25,249.00,2100,2100,1800,85.7,Yes,True,237300.00,203400.00,SAYANTANI NANDI,05/02/26,1,1,0,Yes,Yes,0,11,12/03/26,300,1800,0,0,,,,,2,,,0.101,3288.5,,,87309.66,4416,,,2100.00,2121.00,22/01/2026,30/01/2026,2121.00,"KNITS CUTTING (BLOCK- 4, 1ST FLOOR)",0,8,2121.00,2121.00,30/01/2026,09/02/2026,12726.00,LAXMI MACHINE MANORANJAN,0,10,-,-,-,-,-,-,0,0,-,-,-,-,-,-,0,0,2121.00,2010.00,07/02/2026,19/02/2026,65325.00,SUITPEOPLE GARMENTS PRIVATE LIMITED,111,12,-,-,-,-,-,-,0,0,-,-,-,-,-,-,0,0,-,-,-,-,-,-,0,0,61,7,28,30,-2,95014.16,80172.00,175186.16,82.60,0.00,28213.84,84.9
-61,,03544/25-26,Demo-IB-UP-HS-2973-1125,Knits - Kids,Style fashion,10/11/25,249.00,2100,2100,0,0,Yes,True,237300.00,,SAYANTANI NANDI,05/02/26,1,1,0,Yes,Yes,0,11,,2100,0,0,0,,,,,1,,,0.1,4260.8,,,92488.34,1577,,,2100.00,2121.00,22/01/2026,30/01/2026,2121.00,"KNITS CUTTING (BLOCK- 4, 1ST FLOOR)",0,8,2121.00,2121.00,30/01/2026,10/02/2026,10605.00,LAXMI MACHINE MANORANJAN,0,11,-,-,-,-,-,-,0,0,4021.00,4007.00,10/02/2026,10/03/2026,73127.75,"BLOCK 4 STICHING BAPI GAZI, SS GARMENTS",14,28,-,-,-,-,-,-,0,0,-,-,-,-,-,-,0,0,6106.00,6104.00,11/03/2026,13/03/2026,4781.46,JAMINUL MONDAL,2,2,-,-,-,-,-,-,0,0,61,7,50,49,1,98326.14,70066.26,168392.40,79.39,0.00,-168392.40,0
-61,,03543/25-26,Demo-IB-UP-HS-2972-1125,Knits - Kids,Style fashion,10/11/25,249.00,2100,2100,1800,85.7,Yes,True,237300.00,203400.00,SAYANTANI NANDI,05/02/26,1,1,0,Yes,Yes,0,11,18/03/26,300,1800,0,0,5736,,,,620,,,0.09,4203.8,,,65485.3,2104,,,2100.00,2121.00,22/01/2026,30/01/2026,2121.00,"KNITS CUTTING (BLOCK- 4, 1ST FLOOR)",0,8,2121.00,2121.00,28/01/2026,11/02/2026,19089.00,LAXMI MACHINE MANORANJAN,0,14,-,-,-,-,-,-,0,0,2121.00,2125.00,17/02/2026,05/03/2026,41437.50,RAJDEEP GARMENTS,0,16,-,-,-,-,-,-,0,0,-,-,-,-,-,-,0,0,4040.00,4032.00,05/03/2026,07/03/2026,6481.44,JAMINUL MONDAL,8,2,-,-,-,-,-,-,0,0,61,7,44,40,4,71793.10,67342.15,139135.25,65.60,0.00,64264.75,84.9
-51,,03584/25-26,Demo-MU-KN-CA-FS-SF-0018-1125,Knits - Men,vill ltd,12/11/25,149.00,1206,1206,0,0,Yes,True,114570.00,,Saikat Kr Das,15/02/26,1,1,8,Yes,Yes,8,8,,1206,0,0,0,3656,,,,,,,0.205,3353.68,,,98845.24,,,,1206.00,1098.00,04/02/2026,16/02/2026,1098.00,SUITPEOPLE GARMENTS PRIVATE LIMITED,108,12,1098.00,1098.00,23/02/2026,10/03/2026,8784.00,LAXMI MACHINE MANORANJAN,0,15,-,-,-,-,-,-,0,0,-,-,-,-,-,-,0,0,1098.00,0.00,17/02/2026,-,-,SUITPEOPLE GARMENTS PRIVATE LIMITED,1098,50,-,-,-,-,-,-,0,0,-,-,-,-,-,-,0,0,-,-,-,-,-,-,0,0,57,84,34,77,-43,102198.92,9882.00,112080.92,102.08,0.00,-112080.92,0
-7,,03595/25-26,Demo-MU-KN-CA-TS-HS-SF-0703-1025,Knits - Men,Primart,13/11/25,399.00,320,0,0,0,Yes,False,57600.00,,Priya Das Chowdhury,31/03/26,0,1,-34,Yes,No,-34,-34,,320,0,0,0,-,-,-,-,-,-,-,,-,-,-,-,-,-,-,-,-,-,-,-,-,-,-,-,-,-,-,-,-,-,-,-,-,-,-,-,-,-,-,-,-,-,-,-,-,-,-,-,-,-,-,-,-,-,-,-,-,-,-,-,-,-,-,-,-,-,-,-,-,-,-,-,-,-,-,-,-,-,-,-1,0,0,0,0,0.00,0.00,0.00,,0.00,0,0
53,,03593/25-26,Demo-JB-WO-CA-SH-HS-RF-0998-1125,Woven,Raju mega amrt,13/11/25,399.00,6800,6800,0,0,Yes,True,1248480.00,,MD SAMIM SK,30/05/26,1,2,54,Yes,Yes,54,54,,6800,0,0,0,,,,,,,3088,,,,,,,,370560,6800.00,0.00,07/04/2026,-,-,TIPL- LINE NO-8,6800,1,-,-,-,-,-,-,0,0,-,-,-,-,-,-,0,0,-,-,-,-,-,-,0,0,-,-,-,-,-,-,0,0,-,-,-,-,-,-,0,0,-,-,-,-,-,-,0,0,-,-,-,-,-,-,0,0,107,69,0,1,-1,370560.00,0.00,370560.00,54.49,0.00,-370560.00,0
-97,,03598/25-26,HM-IB-LW-2992-1125,Knits - Kids,HOME2,13/11/25,0.00,5055,5055,3868,76.5,Yes,True,176925.00,250692.00,MALOTI RIKIASON,31/12/25,1,1,,No,No,,0,28/03/26,1187,3868,0,0,,,,,1,,,0,1143.5,,,400,899.7,,,5988.00,5988.00,29/12/2025,29/12/2025,5988.00,CG LIFESTYLES LLP,0,1,-,-,-,-,-,-,0,0,-,-,-,-,-,-,0,0,-,-,-,-,-,-,0,0,5988.00,4843.00,29/12/2025,16/01/2026,53273.00,CG LIFESTYLES LLP,1145,18,-,-,-,-,-,-,0,0,3868.00,3868.00,27/03/2026,27/03/2026,5415.20,JAMINUL MONDAL,0,1,-,-,-,-,-,-,0,0,0,0,88,20,68,2443.20,64676.20,67119.40,11.21,0.00,183572.60,64.6
53,,03594/25-26,Demo-JB-WO-CA-SH-HS-RF-0999-1125,Woven,Raju mega amrt,13/11/25,399.00,6800,6800,6624,97.4,Yes,True,1248480.00,1195102.08,MD SAMIM SK,30/05/26,1,2,40,Yes,Yes,40,40,07/04/26,176,6624,0,0,27400,,,,7868,,,0.27,22976,,,80166.84,17102,,460276.6,13600.00,13504.00,09/02/2026,17/02/2026,16880.00,"KNITS CUTTING (BLOCK- 4, 1ST FLOOR), TIPL- LINE NO-8",96,8,6832.00,6832.00,23/02/2026,27/02/2026,47824.00,LAXMI MACHINE MANORANJAN,0,4,-,-,-,-,-,-,0,0,13504.00,13504.00,13/02/2026,05/03/2026,407820.80,"TAPARIA BLOCK 4 4TH FLOOR (L FIROZ), TIPL- LINE NO-8",0,20,-,-,-,-,-,-,0,0,-,-,-,-,-,-,0,0,6624.00,6624.00,28/03/2026,04/04/2026,39744.00,TPS GARMENT,0,7,-,-,-,-,-,-,0,0,79,69,54,39,15,580521.44,382096.00,962617.44,141.58,0.00,232484.64,49.1
54,,03613/25-26,Demo-Demo-WO-CA-SH-HS-RF-1006-1125,Woven,Raju mega amrt,15/11/25,319.00,5900,5900,0,0,Yes,True,1032500.00,,MD SAMIM SK,31/05/26,1,1,83,Yes,Yes,83,83,,5900,0,0,0,,,,,,,4336.75,,,,,,,,500894.63,5900.00,0.00,02/04/2026,-,-,SAHIN GARMENTS,5900,6,-,-,-,-,-,-,0,0,-,-,-,-,-,-,0,0,-,-,-,-,-,-,0,0,-,-,-,-,-,-,0,0,-,-,-,-,-,-,0,0,-,-,-,-,-,-,0,0,-,-,-,-,-,-,0,0,129,110,0,6,-6,500894.63,0.00,500894.63,84.90,0.00,-500894.63,0
-51,,03615/25-26,Demo-MU-KN-CA-FS-SF-0020-1125,Knits - Men,vill ltd,15/11/25,0.00,1206,1206,0,0,Yes,True,114570.00,,Saikat Kr Das,15/02/26,1,1,5,Yes,Yes,5,5,,1206,0,0,0,3782,,,,,,,0.212,3420.46,,,96200,,,,1206.00,1224.00,04/02/2026,12/02/2026,1224.00,SUITPEOPLE GARMENTS PRIVATE LIMITED,0,8,1224.00,1224.00,23/02/2026,28/02/2026,9792.00,LAXMI MACHINE MANORANJAN,0,5,-,-,-,-,-,-,0,0,-,-,-,-,-,-,0,0,1224.00,1200.00,12/02/2026,12/03/2026,38700.00,SUITPEOPLE GARMENTS PRIVATE LIMITED,24,28,-,-,-,-,-,-,0,0,-,-,-,-,-,-,0,0,-,-,-,-,-,-,0,0,54,81,36,41,-5,99620.46,49716.00,149336.46,122.01,0.00,-149336.46,0
-51,,03608/25-26,Demo-MU-KN-CA-FS-SF-0019-1125,Knits - Men,vill ltd,15/11/25,0.00,1206,1206,0,0,Yes,True,178488.00,,Saikat Kr Das,15/02/26,1,1,5,Yes,Yes,5,5,,1206,0,0,0,3774,15,,,,,,0.214,3416.22,1740,,61100,,,,1206.00,1215.00,10/01/2026,16/02/2026,1215.00,SUITPEOPLE GARMENTS PRIVATE LIMITED,0,37,1215.00,1215.00,23/02/2026,10/03/2026,9720.00,LAXMI MACHINE MANORANJAN,0,15,-,-,-,-,-,-,0,0,-,-,-,-,-,-,0,0,1215.00,0.00,17/02/2026,-,-,SUITPEOPLE GARMENTS PRIVATE LIMITED,1215,50,-,-,-,-,-,-,0,0,-,-,-,-,-,-,0,0,-,-,-,-,-,-,0,0,54,81,59,102,-43,66256.22,10935.00,77191.22,63.53,0.00,-77191.22,0
54,,03612/25-26,Demo-Demo-WO-CA-SH-HS-RF-1005-1125,Woven,Raju mega amrt,15/11/25,319.00,5900,5900,0,0,Yes,True,1032500.00,,MD SAMIM SK,31/05/26,1,1,59,Yes,Yes,59,59,,5900,0,0,0,17800,,,,,,,,16294,,,,,,615465,5900.00,0.00,03/04/2026,-,-,TIPL- LINE NO-8,5900,5,-,-,-,-,-,-,0,0,-,-,-,-,-,-,0,0,-,-,-,-,-,-,0,0,-,-,-,-,-,-,0,0,-,-,-,-,-,-,0,0,-,-,-,-,-,-,0,0,-,-,-,-,-,-,0,0,128,77,0,5,-5,631759.00,0.00,631759.00,107.08,0.00,-631759.00,0
23,,03614/25-26,Demo-Demo-WO-CA-SH-HS-RF-1007-1125,Woven,Raju mega amrt,15/11/25,319.00,5900,5900,0,0,Yes,True,1032500.00,,MD SAMIM SK,30/04/26,1,1,83,Yes,Yes,83,83,,5900,0,0,0,15700,,,,,,,0.849,13272,,,,,,471531.13,5900.00,5024.00,19/03/2026,26/03/2026,7536.00,TIPL- LINE NO-4,876,7,-,-,-,-,-,-,0,0,-,-,-,-,-,-,0,0,5024.00,0.00,20/03/2026,-,-,TIPL- LINE NO-4,5024,19,-,-,-,-,-,-,0,0,-,-,-,-,-,-,0,0,-,-,-,-,-,-,0,0,-,-,-,-,-,-,0,0,123,110,7,26,-19,484803.13,7536.00,492339.13,98.00,0.00,-492339.13,0
-51,,03616/25-26,Demo-MU-KN-CA-FS-SF-0021-1125,Knits - Men,vill ltd,15/11/25,0.00,1206,1206,0,0,Yes,True,114570.00,,Saikat Kr Das,15/02/26,1,1,5,Yes,Yes,5,5,,1206,0,0,0,3693,,,,,,,0.229,3373.29,,,119080,,,,1206.00,1134.00,04/02/2026,12/02/2026,1134.00,SUITPEOPLE GARMENTS PRIVATE LIMITED,72,8,1134.00,1134.00,23/02/2026,28/02/2026,9072.00,LAXMI MACHINE MANORANJAN,0,5,-,-,-,-,-,-,0,0,-,-,-,-,-,-,0,0,1134.00,1100.00,12/02/2026,17/03/2026,35475.00,SUITPEOPLE GARMENTS PRIVATE LIMITED,34,33,-,-,-,-,-,-,0,0,-,-,-,-,-,-,0,0,-,-,-,-,-,-,0,0,54,81,41,46,-5,122453.29,45681.00,168134.29,148.27,0.00,-168134.29,0
268,,03624/25-26,Demo-ML-KN-JOGGER-RF-0025-1125,Knits - Men,HOME2,17/11/25,449.00,450,450,345,76.7,Yes,True,110250.00,77445.00,Priya Das Chowdhury,31/12/26,1,1,14,No,Yes,14,0,26/02/26,105,345,0,38,5,,,,,,,0.414,2872.6,,,50660,,,,450.00,360.00,22/11/2025,22/11/2025,360.00,"KNITS CUTTING (BLOCK- 4, 1ST FLOOR)",90,1,-,-,-,-,-,-,0,0,-,-,-,-,-,-,0,0,359.00,366.00,02/12/2025,27/01/2026,9150.00,"BLOCK 4 STICHING BAPI GAZI, TAPARIA  BLOCK 4, 2ND FLOOR,( ANIL )",0,56,-,-,-,-,-,-,0,0,-,-,-,-,-,-,0,0,575.00,575.00,08/02/2026,09/02/2026,2300.00,"AP ENTERPRISE ( PRASENJIT HAZRA ), TIPL BLOCK 4 2ND FLOOR FINISHING ( MUNNA DA )",0,1,-,-,-,-,-,-,0,0,0,19,79,58,21,53532.60,11810.00,65342.60,181.51,0.00,12102.40,95.8
268,,03621/25-26,Demo-ML-KN-JOGGER-RF-0022-1125,Knits - Men,HOME2,17/11/25,449.00,570,570,170,29.8,Yes,True,139650.00,36850.00,Priya Das Chowdhury,31/12/26,1,1,14,No,Yes,14,0,26/02/26,400,194,0,1,3,,,,,,,0.337,11054.6,,,24080,,,,570.00,204.00,22/11/2025,22/11/2025,204.00,"KNITS CUTTING (BLOCK- 4, 1ST FLOOR)",366,1,-,-,-,-,-,-,0,0,-,-,-,-,-,-,0,0,204.00,204.00,02/12/2025,02/02/2026,5100.00,"BLOCK 4 STICHING BAPI GAZI, TAPARIA  BLOCK 4, 2ND FLOOR,( ANIL )",0,62,-,-,-,-,-,-,0,0,-,-,-,-,-,-,0,0,194.00,194.00,10/02/2026,13/02/2026,582.00,TIPL BLOCK 4 2ND FLOOR FINISHING ( MUNNA DA ),0,3,-,-,-,-,-,-,0,0,0,19,83,66,17,35134.60,5886.00,41020.60,201.08,0.00,-4170.60,83.3
268,,03627/25-26,Demo-ML-KN-JOGGER-RF-0028-1125,Knits - Men,HOME2,17/11/25,399.00,480,480,180,37.5,Yes,True,110400.00,30690.00,Priya Das Chowdhury,31/12/26,1,1,14,No,Yes,14,0,06/04/26,300,456,0,0,7,,,,,,,0.342,17397,,,54400,,,,480.00,468.00,22/11/2025,22/11/2025,468.00,"KNITS CUTTING (BLOCK- 4, 1ST FLOOR)",12,1,-,-,-,-,-,-,0,0,-,-,-,-,-,-,0,0,468.00,468.00,02/12/2025,03/02/2026,11700.00,"BLOCK 4 STICHING BAPI GAZI, TAPARIA  BLOCK 4, 2ND FLOOR,( ANIL )",0,63,-,-,-,-,-,-,0,0,-,-,-,-,-,-,0,0,-,-,-,-,-,-,0,0,-,-,-,-,-,-,0,0,0,19,73,64,9,71797.00,12168.00,83965.00,179.41,0.00,-53275.00,38.5
268,,03622/25-26,Demo-ML-KN-JOGGER-RF-0023-1125,Knits - Men,HOME2,17/11/25,449.00,600,600,422,70.3,Yes,True,147000.00,88690.00,Priya Das Chowdhury,31/12/26,1,1,14,No,Yes,14,0,06/04/26,178,528,0,0,15,,,,,,,0.333,7189.5,1102,,61200,,,,600.00,540.00,22/11/2025,22/11/2025,540.00,"KNITS CUTTING (BLOCK- 4, 1ST FLOOR)",60,1,-,-,-,-,-,-,0,0,-,-,-,-,-,-,0,0,540.00,548.00,02/12/2025,27/01/2026,13700.00,"BLOCK 4 STICHING BAPI GAZI, TAPARIA  BLOCK 4, 2ND FLOOR,( ANIL )",0,56,-,-,-,-,-,-,0,0,-,-,-,-,-,-,0,0,122.00,122.00,09/02/2026,10/02/2026,488.00,TIPL BLOCK 4 2ND FLOOR FINISHING ( MUNNA DA ),0,1,-,-,-,-,-,-,0,0,0,19,80,58,22,69491.50,14728.00,84219.50,155.96,0.00,4470.50,78.1
268,,03625/25-26,Demo-ML-KN-JOGGER-RF-0026-1125,Knits - Men,HOME2,17/11/25,449.00,600,600,306,51,Yes,True,147000.00,68955.00,Priya Das Chowdhury,31/12/26,1,1,14,No,Yes,14,0,26/02/26,294,306,0,8,5,,,,,,,0.513,2453.7,,,68000,,,,600.00,312.00,22/11/2025,22/11/2025,312.00,"KNITS CUTTING (BLOCK- 4, 1ST FLOOR)",288,1,-,-,-,-,-,-,0,0,-,-,-,-,-,-,0,0,312.00,312.00,02/12/2025,02/02/2026,7800.00,"BLOCK 4 STICHING BAPI GAZI, TAPARIA  BLOCK 4, 2ND FLOOR,( ANIL )",0,62,-,-,-,-,-,-,0,0,-,-,-,-,-,-,0,0,576.00,576.00,08/02/2026,09/02/2026,2304.00,"AP ENTERPRISE ( PRASENJIT HAZRA ), TIPL BLOCK 4 2ND FLOOR FINISHING ( MUNNA DA )",0,1,-,-,-,-,-,-,0,0,0,19,79,64,15,70453.70,10416.00,80869.70,259.20,0.00,-11914.70,98.1
23,,03619/25-26,Demo-JB-WO-CA-SH-HS-RF-1010-1125,Woven,Raju mega amrt,17/11/25,299.00,7600,7600,0,0,Yes,True,1140000.00,,MD SAMIM SK,30/04/26,1,1,11,Yes,Yes,11,91,,7600,0,0,0,15600,,,,,,,0.567,12700,,,,,,244755,7600.00,6400.00,20/02/2026,23/03/2026,9600.00,TIPL- LINE NO-7,1200,31,-,-,-,-,-,-,0,0,-,-,-,-,-,-,0,0,6400.00,0.00,06/03/2026,-,-,TIPL- LINE NO-7,6400,33,-,-,-,-,-,-,0,0,-,-,-,-,-,-,0,0,-,-,-,-,-,-,0,0,-,-,-,-,-,-,0,0,93,19,31,64,-33,257455.00,9600.00,267055.00,41.73,0.00,-267055.00,0
268,,03626/25-26,Demo-ML-KN-JOGGER-RF-0027-1125,Knits - Men,HOME2,17/11/25,449.00,528,528,391,74.1,Yes,True,129360.00,87970.00,Priya Das Chowdhury,31/12/26,1,1,14,No,Yes,14,0,01/04/26,137,474,0,0,7,,,,,,,0.354,3662.4,,,59500,,,,528.00,480.00,22/11/2025,22/11/2025,480.00,"KNITS CUTTING (BLOCK- 4, 1ST FLOOR)",48,1,-,-,-,-,-,-,0,0,-,-,-,-,-,-,0,0,480.00,480.00,02/12/2025,03/02/2026,12000.00,"BLOCK 4 STICHING BAPI GAZI, TAPARIA  BLOCK 4, 2ND FLOOR,( ANIL )",0,63,-,-,-,-,-,-,0,0,-,-,-,-,-,-,0,0,123.00,123.00,08/02/2026,09/02/2026,492.00,TIPL BLOCK 4 2ND FLOOR FINISHING ( MUNNA DA ),0,1,-,-,-,-,-,-,0,0,0,19,79,65,14,63162.40,12972.00,76134.40,158.61,0.00,11835.60,81.5
268,,03623/25-26,Demo-ML-KN-JOGGER-RF-0024-1125,Knits - Men,HOME2,17/11/25,449.00,478,478,350,73.2,Yes,True,117110.00,73675.00,Priya Das Chowdhury,31/12/26,1,1,14,No,Yes,14,0,06/04/26,128,468,0,4,7,,,,,,,0.333,3660.8,1160,,51200,,,,478.00,480.00,22/11/2025,22/11/2025,480.00,"KNITS CUTTING (BLOCK- 4, 1ST FLOOR)",0,1,-,-,-,-,-,-,0,0,-,-,-,-,-,-,0,0,480.00,480.00,02/12/2025,28/01/2026,12000.00,"TAPARIA  BLOCK 4, 2ND FLOOR,( ANIL ) , TAPARIA BLOCK 4 4TH FLOOR (L FIROZ)",0,57,-,-,-,-,-,-,0,0,-,-,-,-,-,-,0,0,575.00,575.00,08/02/2026,09/02/2026,2300.00,"AP ENTERPRISE ( PRASENJIT HAZRA ), TIPL BLOCK 4 2ND FLOOR FINISHING ( MUNNA DA )",0,1,-,-,-,-,-,-,0,0,0,19,79,59,20,56020.80,14780.00,70800.80,147.50,0.00,2874.20,72.9
23,,03620/25-26,Demo-JB-WO-CA-SH-HS-RF-1011-1125,Woven,Raju mega amrt,17/11/25,299.00,7600,7600,0,0,Yes,True,1140000.00,,MD SAMIM SK,30/04/26,1,1,11,Yes,Yes,11,91,,7600,0,0,0,22250,,,,2129,,,0.578,17755.5,,,,6526,,246375,7600.00,6320.00,20/02/2026,24/03/2026,9480.00,TIPL- LINE NO-7,1280,32,-,-,-,-,-,-,0,0,-,-,-,-,-,-,0,0,6320.00,6320.00,28/02/2026,28/03/2026,211720.00,TIPL- LINE NO-7,0,28,-,-,-,-,-,-,0,0,-,-,-,-,-,-,0,0,6320.00,0.00,06/04/2026,-,-,AWANTIKA ENTERPRISES,6320,2,-,-,-,-,-,-,0,0,93,19,36,62,-26,270656.50,221200.00,491856.50,77.83,0.00,-491856.50,0
-98,,03629/25-26,FU-JB-WO-CA-SH-HS-RF-1013-1125,Woven,Bihar fashion,18/11/25,199.00,900,900,0,0,Yes,False,130500.00,,Ananya Ghosh,30/12/25,1,1,1,Yes,Yes,1,1,,900,0,0,0,1840,,,,,,,0.826,1943.2,,,,,,52800,900.00,852.00,24/11/2025,01/12/2025,1278.00,TIPL- LINE NO-8,48,7,-,-,-,-,-,-,0,0,-,-,-,-,-,-,0,0,852.00,852.00,01/12/2025,10/12/2025,28542.00,TIPL- LINE NO-8,0,9,-,-,-,-,-,-,0,0,852.00,852.00,10/12/2025,12/12/2025,5112.00,SUBHAJIT WASH,0,2,846.00,846.00,12/12/2025,15/12/2025,2030.40,SHANKAR ENTERPRISE IN HOUSE,0,3,846.00,846.00,06/02/2026,06/02/2026,1269.00,SHANKAR ENTERPRISE IN HOUSE,0,1,1,24,74,22,52,54743.20,38231.40,92974.60,109.13,0.00,-92974.60,0
54,,03633/25-26,Demo-MU-KN-CA-HS-TS-SF-0031-1125,Knits - Men,HOME2,19/11/25,199.00,1000,1000,408,40.8,Yes,True,125000.00,50160.00,Priya Das Chowdhury,31/05/26,1,1,-20,Yes,Yes,-20,2,31/03/26,592,408,0,0,4880,,,,,,,0.248,1887.6,,,83910.4,,,,1000.00,896.00,29/01/2026,20/02/2026,896.00,KAYA APPARDemoS,104,22,-,-,-,-,-,-,0,0,-,-,-,-,-,-,0,0,-,-,-,-,-,-,0,0,896.00,408.00,09/02/2026,20/02/2026,10132.00,KAYA APPARDemoS,488,11,-,-,-,-,-,-,0,0,-,-,-,-,-,-,0,0,-,-,-,-,-,-,0,0,71,-16,22,33,-11,85798.00,11044.00,96842.00,108.08,0.00,-46682.00,45.5
-7,,03641/25-26,Demo-MU-KN-CA-HS-TS-SF-0039-1125,Knits - Men,HOME2,19/11/25,199.00,1000,1000,510,51,Yes,True,125000.00,63750.00,Priya Das Chowdhury,31/03/26,1,1,-20,Yes,Yes,-20,2,04/04/26,490,750,0,0,,,,,1,,,0.263,1801.2,,,79163,5479,,,1000.00,800.00,12/01/2026,11/02/2026,800.00,CLUBTEX APPARDemoS,200,30,-,-,-,-,-,-,0,0,-,-,-,-,-,-,0,0,800.00,762.00,12/02/2026,18/03/2026,11430.00,"CLUBTEX APPARDemoS, TAPARIA BLOCK 24 (L SUBRATA)",38,34,-,-,-,-,-,-,0,0,-,-,-,-,-,-,0,0,762.00,751.00,30/03/2026,03/04/2026,2628.50,JAMINUL MONDAL,11,4,-,-,-,-,-,-,0,0,52,-16,81,68,13,86443.20,14858.50,101301.70,126.63,0.00,-37551.70,63.8
-7,,03642/25-26,Demo-MU-KN-CA-HS-TS-SF-0040-1125,Knits - Men,HOME2,19/11/25,199.00,1000,1000,546,54.6,Yes,True,125000.00,68250.00,Priya Das Chowdhury,31/03/26,1,1,-20,Yes,Yes,-20,2,04/04/26,454,850,0,0,,,,,1,,,0.244,1674,,,77925.32,2775.75,,,1000.00,928.00,12/01/2026,11/02/2026,928.00,CLUBTEX APPARDemoS,72,30,-,-,-,-,-,-,0,0,-,-,-,-,-,-,0,0,928.00,928.00,12/02/2026,17/03/2026,13920.00,TAPARIA BLOCK 24 (L SUBRATA),0,33,-,-,-,-,-,-,0,0,-,-,-,-,-,-,0,0,921.00,892.00,30/03/2026,03/04/2026,3122.00,JAMINUL MONDAL,29,4,-,-,-,-,-,-,0,0,52,-16,81,67,14,82375.07,17970.00,100345.07,108.13,0.00,-32095.07,58.8
54,,03639/25-26,Demo-MU-KN-CA-HS-TS-SF-0037-1125,Knits - Men,HOME2,19/11/25,199.00,1000,1000,544,54.4,Yes,True,125000.00,66480.00,Priya Das Chowdhury,31/05/26,1,1,-20,Yes,Yes,-20,2,31/03/26,456,544,0,0,2875,62,,,,,,0.26,1162.5,3654,,78264.42,,,,1000.00,816.00,29/01/2026,12/02/2026,816.00,KAYA APPARDemoS,184,14,-,-,-,-,-,-,0,0,-,-,-,-,-,-,0,0,-,-,-,-,-,-,0,0,816.00,544.00,10/02/2026,09/03/2026,13509.33,KAYA APPARDemoS,272,27,-,-,-,-,-,-,0,0,-,-,-,-,-,-,0,0,-,-,-,-,-,-,0,0,71,-16,39,41,-2,83080.92,14364.00,97444.92,119.42,0.00,-30964.92,66.7
54,,03638/25-26,Demo-MU-KN-CA-HS-TS-SF-0036-1125,Knits - Men,HOME2,19/11/25,199.00,1000,1000,784,78.4,Yes,False,125000.00,96000.00,Priya Das Chowdhury,31/05/26,1,1,-20,Yes,Yes,-20,2,02/04/26,216,784,0,0,3375,,,,,,,0.253,1212.5,,,99111,,,,1000.00,912.00,29/01/2026,12/02/2026,912.00,KAYA APPARDemoS,88,14,-,-,-,-,-,-,0,0,-,-,-,-,-,-,0,0,-,-,-,-,-,-,0,0,912.00,784.00,10/02/2026,09/03/2026,19502.00,KAYA APPARDemoS,128,27,-,-,-,-,-,-,0,0,-,-,-,-,-,-,0,0,-,-,-,-,-,-,0,0,71,-16,39,41,-2,100323.50,20460.00,120783.50,132.44,0.00,-24783.50,86
54,,03632/25-26,Demo-MU-KN-CA-HS-TS-SF-0030-1125,Knits - Men,HOME2,19/11/25,199.00,1000,1000,464,46.4,Yes,True,125000.00,57480.00,Priya Das Chowdhury,31/05/26,1,1,-20,Yes,Yes,-20,2,20/03/26,536,464,0,0,5000,,,,,,,0.227,2010,,,3946.16,,,,1000.00,944.00,29/01/2026,12/02/2026,944.00,KAYA APPARDemoS,56,14,-,-,-,-,-,-,0,0,-,-,-,-,-,-,0,0,-,-,-,-,-,-,0,0,944.00,464.00,09/02/2026,12/03/2026,11561.33,KAYA APPARDemoS,480,31,-,-,-,-,-,-,0,0,-,-,-,-,-,-,0,0,-,-,-,-,-,-,0,0,71,-16,42,45,-3,5956.16,12522.00,18478.16,19.57,0.00,39001.84,49.2
54,,03634/25-26,Demo-MU-KN-CA-HS-TS-SF-0032-1125,Knits - Men,HOME2,19/11/25,199.00,1000,1000,464,46.4,Yes,True,125000.00,56880.00,Priya Das Chowdhury,31/05/26,1,1,-20,Yes,Yes,-20,2,31/03/26,536,464,0,0,5000,,,,,,,0.234,2010,,,75456.68,,,,1000.00,960.00,29/01/2026,20/02/2026,960.00,KAYA APPARDemoS,40,22,-,-,-,-,-,-,0,0,-,-,-,-,-,-,0,0,-,-,-,-,-,-,0,0,960.00,464.00,09/02/2026,20/02/2026,11522.67,KAYA APPARDemoS,496,11,-,-,-,-,-,-,0,0,-,-,-,-,-,-,0,0,-,-,-,-,-,-,0,0,71,-16,22,33,-11,77466.68,12508.00,89974.68,93.72,0.00,-33094.68,48.3
54,,03631/25-26,Demo-MU-KN-CA-HS-TS-SF-0029-1125,Knits - Men,HOME2,19/11/25,199.00,1000,1000,464,46.4,Yes,True,125000.00,57480.00,Priya Das Chowdhury,31/05/26,1,1,-20,Yes,Yes,-20,2,20/03/26,536,464,0,0,5000,,,,,,,0.244,2010,,,77986.72,,,,1000.00,896.00,29/01/2026,12/02/2026,896.00,KAYA APPARDemoS,104,14,-,-,-,-,-,-,0,0,-,-,-,-,-,-,0,0,-,-,-,-,-,-,0,0,896.00,464.00,09/02/2026,12/03/2026,11561.33,KAYA APPARDemoS,432,31,-,-,-,-,-,-,0,0,-,-,-,-,-,-,0,0,-,-,-,-,-,-,0,0,71,-16,42,45,-3,79996.72,12474.00,92470.72,103.20,0.00,-34990.72,51.8
54,,03640/25-26,Demo-MU-KN-CA-HS-TS-SF-0038-1125,Knits - Men,HOME2,19/11/25,199.00,1000,1000,544,54.4,Yes,True,125000.00,66480.00,Priya Das Chowdhury,31/05/26,1,1,-20,Yes,Yes,-20,2,31/03/26,456,544,0,0,3880,,,,,,,0.257,1717.6,,,91916.08,,,,1000.00,896.00,29/01/2026,12/02/2026,896.00,KAYA APPARDemoS,104,14,-,-,-,-,-,-,0,0,-,-,-,-,-,-,0,0,-,-,-,-,-,-,0,0,896.00,544.00,10/02/2026,09/03/2026,13509.33,KAYA APPARDemoS,352,27,-,-,-,-,-,-,0,0,-,-,-,-,-,-,0,0,-,-,-,-,-,-,0,0,71,-16,39,41,-2,93633.68,14444.00,108077.68,120.62,0.00,-41597.68,60.7
54,,03637/25-26,Demo-MU-KN-CA-HS-TS-SF-0035-1125,Knits - Men,HOME2,19/11/25,199.00,1000,1000,784,78.4,Yes,False,125000.00,109880.00,Priya Das Chowdhury,31/05/26,1,1,-20,Yes,Yes,-20,2,02/04/26,216,784,0,0,3375,,,,,,,0.247,1212.5,,,86686.14,,,,1000.00,960.00,29/01/2026,12/02/2026,960.00,KAYA APPARDemoS,40,14,-,-,-,-,-,-,0,0,-,-,-,-,-,-,0,0,-,-,-,-,-,-,0,0,960.00,888.00,10/02/2026,10/03/2026,21400.80,KAYA APPARDemoS,72,28,-,-,-,-,-,-,0,0,-,-,-,-,-,-,0,0,-,-,-,-,-,-,0,0,71,-16,40,42,-2,87898.64,22692.00,110590.64,115.20,0.00,-710.64,81.7
84,,03655/25-26,HM-IN-LW-PY-2994-1125,Knits - Kids,HOME2,20/11/25,79.00,15000,15000,5244,35,Yes,True,1185000.00,167808.00,MALOTI RIKIASON,30/06/26,7,1,1,No,Yes,1,0,15/01/26,9756,5244,0,0,210,,,,2,,,0.06,33880.15,,,400731.73,4160,,,14627.00,14446.00,09/12/2025,09/12/2025,14446.00,"KNITS CUTTING (BLOCK- 4, 1ST FLOOR)",181,1,2145.00,2145.00,12/12/2025,17/12/2025,12870.00,"BIDYUT SAMANTA, SANJOY PAUL",0,5,-,-,-,-,-,-,0,0,14888.00,14766.00,09/12/2025,15/12/2025,102254.55,"ARCHAIC APPARDemo (PINTU SHEE), DINESH BARUI, HOSSAIN FASHION ( AJIBAR HOSSAIN ), LAXMI GARMENTS ( MAKER ), LOKENATH READYMADE FACTORY ( SENTU BISWAS ), MM Textiles",122,6,-,-,-,-,-,-,0,0,-,-,-,-,-,-,0,0,1661.00,1261.00,12/01/2026,17/01/2026,1261.00,4TH FLOOR IRONING,400,5,7877.00,7472.00,16/12/2025,19/12/2025,5123.66,"BLOCK 4 3RD FLOOR BIKASH JI, RAJ SARKAR (GARMENTS FINISHING CONTRACTOR)",405,3,0,11,39,20,19,438771.88,131852.30,570624.18,33.93,0.00,-402816.18,36.3
54,,03653/25-26,Demo-MU-KN-CA-HS-TS-SF-0059-1125,Knits - Men,HOME2,20/11/25,299.00,1000,1000,464,46.4,Yes,True,185000.00,84720.00,Priya Das Chowdhury,31/05/26,1,1,4,Yes,Yes,4,4,25/03/26,536,464,0,0,27045,,,,,,,0.312,23526,,,77365.5,,,,1000.00,680.00,20/01/2026,20/02/2026,680.00,KAYA APPARDemoS,320,31,-,-,-,-,-,-,0,0,-,-,-,-,-,-,0,0,-,-,-,-,-,-,0,0,680.00,464.00,09/02/2026,22/03/2026,12218.67,KAYA APPARDemoS,216,41,-,-,-,-,-,-,0,0,-,-,-,-,-,-,0,0,-,-,-,-,-,-,0,0,60,83,61,72,-11,100891.50,12928.00,113819.50,167.38,0.00,-29099.50,68.2
84,,03656/25-26,HM-IN-UP-SL-2997-1125,Knits - Kids,HOME2,20/11/25,79.00,15000,15000,0,0,Yes,True,600000.00,,MALOTI RIKIASON,30/06/26,7,1,1,No,Yes,1,0,,15000,0,0,0,,,,,1,,,0.06,2363.31,,,290675,1135.7,,,12000.00,12152.00,06/01/2026,06/01/2026,12152.00,"KNITS CUTTING (BLOCK- 4, 1ST FLOOR)",0,1,12152.00,12152.00,06/01/2026,16/01/2026,56709.33,"BIDYUT SAMANTA, SANJOY PAUL",0,10,-,-,-,-,-,-,0,0,12152.00,12092.00,19/01/2026,31/01/2026,88098.85,"HOSSAIN FASHION ( AJIBAR HOSSAIN ), PRADIP SARKAR ( MOUSUMI GARMENTS ) , RITTIK MOR (NEW MAKER), SHIB ENTERPRISE (SHIB SHANKAR GAIN)",60,12,-,-,-,-,-,-,0,0,-,-,-,-,-,-,0,0,2270.00,2270.00,09/02/2026,13/02/2026,2724.00,"4TH FLOOR IRONING, JAMINUL MONDAL",0,4,4006.00,0.00,19/03/2026,-,-,Bipula das (Asgar),4006,20,0,11,38,47,-9,294174.01,159942.50,454116.51,37.37,0.00,-454116.51,0
54,,03654/25-26,Demo-MU-KN-CA-HS-TS-SF-0060-1125,Knits - Men,HOME2,20/11/25,299.00,1000,1000,464,46.4,Yes,True,185000.00,84720.00,Priya Das Chowdhury,31/05/26,1,1,4,Yes,Yes,4,4,25/03/26,536,464,0,0,6425,,,,,,,0.289,7922.5,,,92128.5,,,,1000.00,744.00,20/01/2026,20/02/2026,744.00,KAYA APPARDemoS,256,31,-,-,-,-,-,-,0,0,-,-,-,-,-,-,0,0,-,-,-,-,-,-,0,0,744.00,464.00,09/02/2026,22/03/2026,12218.67,KAYA APPARDemoS,280,41,-,-,-,-,-,-,0,0,-,-,-,-,-,-,0,0,-,-,-,-,-,-,0,0,60,83,61,72,-11,100051.00,12992.00,113043.00,151.94,0.00,-28323.00,62.4
54,,03661/25-26,Demo-MU-KN-CA-HS-TS-SF-0045-1125,Knits - Men,HOME2,21/11/25,249.00,1000,1000,544,54.4,Yes,True,145000.00,78880.00,Priya Das Chowdhury,31/05/26,1,1,4,Yes,Yes,4,4,01/04/26,456,544,0,0,6325,,,,,,,0.259,7755,,,94472.62,,,,1000.00,840.00,09/02/2026,20/02/2026,840.00,KAYA APPARDemoS,160,11,-,-,-,-,-,-,0,0,-,-,-,-,-,-,0,0,-,-,-,-,-,-,0,0,840.00,544.00,12/02/2026,20/03/2026,14280.00,KAYA APPARDemoS,296,36,-,-,-,-,-,-,0,0,-,-,-,-,-,-,0,0,-,-,-,-,-,-,0,0,80,80,39,47,-8,102227.62,15178.00,117405.62,139.77,0.00,-38525.62,64.8
54,,03664/25-26,Demo-MU-KN-CA-HS-TS-SF-0048-1125,Knits - Men,HOME2,21/11/25,249.00,1000,1000,560,56,Yes,True,145000.00,81200.00,Priya Das Chowdhury,31/05/26,1,1,4,Yes,Yes,4,4,01/04/26,440,560,0,0,3475,,,,,,,0.264,5055,,,95077,,,,1000.00,840.00,09/02/2026,02/03/2026,840.00,KAYA APPARDemoS,160,21,-,-,-,-,-,-,0,0,-,-,-,-,-,-,0,0,-,-,-,-,-,-,0,0,840.00,560.00,12/02/2026,20/03/2026,14886.67,KAYA APPARDemoS,280,36,-,-,-,-,-,-,0,0,-,-,-,-,-,-,0,0,-,-,-,-,-,-,0,0,80,80,39,57,-18,100132.00,15710.00,115842.00,137.91,0.00,-34642.00,66.7
54,,03667/25-26,Demo-MU-KN-CA-HS-TS-SF-0051-1125,Knits - Men,HOME2,21/11/25,249.00,1000,1000,664,66.4,Yes,True,145000.00,96280.00,Priya Das Chowdhury,31/05/26,1,1,4,Yes,Yes,4,4,01/04/26,336,664,0,0,4475,,,,,,,0.241,6355,,,82990.52,,,,1000.00,864.00,09/02/2026,20/02/2026,864.00,KAYA APPARDemoS,136,11,-,-,-,-,-,-,0,0,-,-,-,-,-,-,0,0,-,-,-,-,-,-,0,0,864.00,664.00,12/02/2026,20/03/2026,17513.00,KAYA APPARDemoS,200,36,-,-,-,-,-,-,0,0,-,-,-,-,-,-,0,0,-,-,-,-,-,-,0,0,80,80,39,47,-8,89345.52,18412.00,107757.52,124.72,0.00,-11477.52,76.9
54,,03662/25-26,Demo-MU-KN-CA-HS-TS-SF-0046-1125,Knits - Men,HOME2,21/11/25,249.00,1000,1000,544,54.4,Yes,True,145000.00,78880.00,Priya Das Chowdhury,31/05/26,1,1,4,Yes,Yes,4,4,01/04/26,456,544,0,0,5475,,,,,,,0.257,6905,,,63131.24,,,,1000.00,712.00,09/02/2026,20/02/2026,712.00,KAYA APPARDemoS,288,11,-,-,-,-,-,-,0,0,-,-,-,-,-,-,0,0,-,-,-,-,-,-,0,0,712.00,544.00,12/02/2026,20/03/2026,14280.00,KAYA APPARDemoS,168,36,-,-,-,-,-,-,0,0,-,-,-,-,-,-,0,0,-,-,-,-,-,-,0,0,80,80,39,47,-8,70036.24,15050.00,85086.24,119.50,0.00,-6206.24,76.4
54,,03663/25-26,Demo-MU-KN-CA-HS-TS-SF-0047-1125,Knits - Men,HOME2,21/11/25,249.00,1000,1000,560,56,Yes,True,145000.00,81200.00,Priya Das Chowdhury,31/05/26,1,1,4,Yes,Yes,4,4,01/04/26,440,560,0,0,3475,,,,,,,0.267,5055,,,78121.12,,,,1000.00,792.00,09/02/2026,02/03/2026,792.00,KAYA APPARDemoS,208,21,-,-,-,-,-,-,0,0,-,-,-,-,-,-,0,0,-,-,-,-,-,-,0,0,792.00,560.00,12/02/2026,20/03/2026,14886.67,KAYA APPARDemoS,232,36,-,-,-,-,-,-,0,0,-,-,-,-,-,-,0,0,-,-,-,-,-,-,0,0,80,80,39,57,-18,83176.12,15662.00,98838.12,124.80,0.00,-17638.12,70.7
-38,,03660/25-26,Demo-MU-KN-CA-HS-TS-SF-0044-1125,Knits - Men,HOME2,21/11/25,249.00,1000,1000,240,24,Yes,True,145000.00,34800.00,Priya Das Chowdhury,28/02/26,1,1,4,Yes,Yes,4,4,25/03/26,760,240,0,0,1100,,,,,,,0.265,4400,,,76869.9,,,,1000.00,792.00,29/01/2026,12/02/2026,792.00,KAYA APPARDemoS,208,14,-,-,-,-,-,-,0,0,-,-,-,-,-,-,0,0,-,-,-,-,-,-,0,0,792.00,240.00,12/02/2026,25/03/2026,6360.00,KAYA APPARDemoS,552,41,-,-,-,-,-,-,0,0,-,-,-,-,-,-,0,0,-,-,-,-,-,-,0,0,69,80,55,55,0,81269.90,7152.00,88421.90,111.64,0.00,-53621.90,30.3
54,,03657/25-26,Demo-MU-KN-CA-HS-TS-SF-0041-1125,Knits - Men,HOME2,21/11/25,249.00,1000,1000,344,34.4,Yes,True,145000.00,49880.00,Priya Das Chowdhury,31/05/26,1,1,4,Yes,Yes,4,4,25/03/26,656,344,0,0,3475,,,,,,,0.252,5055,,,84530.9,,,,1000.00,800.00,21/02/2026,06/03/2026,800.00,KAYA APPARDemoS,200,13,-,-,-,-,-,-,0,0,-,-,-,-,-,-,0,0,-,-,-,-,-,-,0,0,800.00,344.00,12/02/2026,20/03/2026,8987.00,KAYA APPARDemoS,456,36,-,-,-,-,-,-,0,0,-,-,-,-,-,-,0,0,-,-,-,-,-,-,0,0,92,80,36,49,-13,89585.90,9838.00,99423.90,124.28,0.00,-49543.90,43
54,,03668/25-26,Demo-MU-KN-CA-HS-TS-SF-0052-1125,Knits - Men,HOME2,21/11/25,249.00,1000,1000,664,66.4,Yes,True,145000.00,96280.00,Priya Das Chowdhury,31/05/26,1,1,4,Yes,Yes,4,4,01/04/26,336,664,0,0,4475,,,,,,,0.238,6355,,,83535.64,,,,1000.00,852.00,09/02/2026,20/02/2026,852.00,KAYA APPARDemoS,148,11,-,-,-,-,-,-,0,0,-,-,-,-,-,-,0,0,-,-,-,-,-,-,0,0,852.00,664.00,12/02/2026,20/03/2026,17513.00,KAYA APPARDemoS,188,36,-,-,-,-,-,-,0,0,479.00,479.00,26/02/2026,26/02/2026,1556.75,TIPL BLOCK 4 2ND FLOOR FINISHING ( MUNNA DA ),0,1,-,-,-,-,-,-,0,0,80,80,39,48,-9,89890.64,19956.75,109847.39,128.93,0.00,-13567.39,77.9
-71,,03678/25-26,Demo-JB-WO-CA-SH-HS-RF-01015-1125,Woven,Style fashion,22/11/25,249.00,1000,1000,0,0,Yes,True,142000.00,,Ananya Ghosh,26/01/26,1,1,10,No,Yes,10,0,,1000,0,0,0,6,,,,,,,0.942,2777.2,,,,,,68120,1000.00,552.00,01/12/2025,05/12/2025,828.00,TIPL- LINE NO-3,448,4,-,-,-,-,-,-,0,0,-,-,-,-,-,-,0,0,552.00,552.00,06/12/2025,25/12/2025,18492.00,TIPL- LINE NO-3,0,19,-,-,-,-,-,-,0,0,552.00,552.00,25/12/2025,31/12/2025,3312.00,RAZA WASHING PROCESS,0,6,527.00,527.00,07/02/2026,12/02/2026,1264.80,SHANKAR ENTERPRISE IN HOUSE,0,5,-,-,-,-,-,-,0,0,0,13,73,34,39,70897.20,23896.80,94794.00,171.73,0.00,-94794.00,0
104,,03701/25-26,Demo-JG-UP-HS-3015-1125,Knits - Kids,bangur client,22/11/25,79.00,3000,3000,888,29.6,Yes,True,186000.00,51752.64,MALOTI RIKIASON,20/07/26,1,1,,No,No,,0,20/01/26,2112,888,0,0,6240,,,,,,,0.075,1591.2,,,97423.2,,,,3000.00,3040.00,09/12/2025,10/12/2025,3040.00,"KNITS CUTTING (BLOCK- 4, 1ST FLOOR)",0,1,3040.00,3040.00,11/12/2025,12/12/2025,18240.00,LAXMI MACHINE MANORANJAN,0,1,-,-,-,-,-,-,0,0,3040.00,3041.00,12/12/2025,30/12/2025,26608.75,RUKSANA ENTERPRISE,0,18,-,-,-,-,-,-,0,0,-,-,-,-,-,-,0,0,2990.00,2990.00,05/01/2026,06/01/2026,3438.50,4TH FLOOR IRONING,0,1,3041.00,2887.00,13/01/2026,16/01/2026,721.75,RAJ SARKAR (GARMENTS FINISHING CONTRACTOR),154,3,0,0,38,24,14,99014.40,52783.75,151798.15,49.93,0.00,-100045.51,29.2
-71,,03681/25-26,Demo-JB-WO-CA-SH-HS-RF-01018-1125,Woven,Style fashion,22/11/25,199.00,1124,1124,1000,89,Yes,False,134880.00,120000.00,Ananya Ghosh,26/01/26,1,1,10,No,Yes,10,0,21/02/26,124,1000,0,0,5,,,,,,,0.353,4477,,,,816,,39137.5,1124.00,1124.00,13/12/2025,13/12/2025,1686.00,"TIPL- LINE NO- 5, TIPL- LINE NO-3",0,1,-,-,-,-,-,-,0,0,-,-,-,-,-,-,0,0,1124.00,1124.00,13/12/2025,25/12/2025,37654.00,TIPL- LINE NO-3,0,12,-,-,-,-,-,-,0,0,1124.00,1124.00,25/12/2025,30/12/2025,6744.00,RAZA WASHING PROCESS,0,5,1123.00,1123.00,12/02/2026,21/02/2026,4716.60,AWANTIKA ENTERPRISES,0,9,-,-,-,-,-,-,0,0,0,13,70,27,43,44430.50,50800.60,95231.10,84.73,0.00,24768.90,89
-7,,03688/25-26,Demo-JB-SET-HS-3002-1125,Knits - Kids,Raju mega amrt,22/11/25,199.00,6600,6600,0,0,Yes,True,883080.00,,SUBHAJIT PATRA,31/03/26,1,2,3,Yes,Yes,3,3,,6600,0,0,0,100,,,,,,,0.091,6200,,,573192.65,,,,13200.00,12837.00,19/02/2026,17/03/2026,12837.00,"KNITS CUTTING (BLOCK- 4, 1ST FLOOR)",363,26,6342.00,6342.00,10/03/2026,18/03/2026,25368.00,LAXMI MACHINE MANORANJAN,0,8,-,-,-,-,-,-,0,0,12837.00,12672.00,17/03/2026,31/03/2026,92928.00,"BLOCK 4 STICHING BAPI GAZI, TAPARIA BLOCK 24 (L SUBRATA)",165,14,-,-,-,-,-,-,0,0,-,-,-,-,-,-,0,0,-,-,-,-,-,-,0,0,-,-,-,-,-,-,0,0,69,39,40,48,-8,579392.65,112836.00,692228.65,107.86,0.00,-692228.65,0
-71,,03679/25-26,Demo-JB-WO-CA-SH-FS-RF-01016-1125,Woven,Style fashion,22/11/25,199.00,2000,2000,0,0,Yes,True,240000.00,,Ananya Ghosh,26/01/26,1,1,10,No,Yes,10,0,,2000,0,0,0,10,,,,,,,0.448,10512.8,,,,4101.08,,121002,2000.00,2016.00,29/11/2025,29/11/2025,3024.00,TIPL- LINE NO-4,0,1,-,-,-,-,-,-,0,0,-,-,-,-,-,-,0,0,2016.00,2016.00,05/12/2025,12/12/2025,79632.00,TIPL- LINE NO-4,0,7,-,-,-,-,-,-,0,0,2016.00,2016.00,12/12/2025,20/12/2025,12096.00,RAZA WASHING PROCESS,0,8,2015.00,2015.00,05/01/2026,07/01/2026,5440.50,SHANKAR ENTERPRISE IN HOUSE,0,2,1974.00,1974.00,06/03/2026,06/03/2026,2961.00,MAMATA CREATION,0,1,0,13,97,19,78,135615.88,103153.50,238769.38,118.44,0.00,-238769.38,0
-71,,03682/25-26,Demo-JB-WO-CA-SH-FS-RF-01019-1125,Woven,Style fashion,22/11/25,199.00,2000,2000,1960,98,Yes,True,240000.00,235200.00,Ananya Ghosh,26/01/26,1,1,10,No,Yes,10,0,02/04/26,40,1960,0,19,10,,,,,,,0.448,9227.6,2895,,,804,,121136,2000.00,2016.00,29/11/2025,29/11/2025,3024.00,TIPL- LINE NO-4,0,1,-,-,-,-,-,-,0,0,-,-,-,-,-,-,0,0,2016.00,2016.00,08/12/2025,12/12/2025,79632.00,TIPL- LINE NO-4,0,4,-,-,-,-,-,-,0,0,2016.00,2016.00,12/12/2025,15/12/2025,12096.00,RAZA WASHING PROCESS,0,3,1859.00,1859.00,31/12/2025,05/01/2026,5019.30,SHANKAR ENTERPRISE IN HOUSE,0,5,1970.00,1970.00,06/03/2026,06/03/2026,2955.00,MAMATA CREATION,0,1,0,13,97,14,83,134062.60,102726.30,236788.90,117.45,0.00,-1588.90,97.2
104,,03699/25-26,Demo-JG-UP-HS-3013-1125,Knits - Kids,bangur client,22/11/25,79.00,3000,3000,888,29.6,Yes,True,186000.00,51752.64,MALOTI RIKIASON,20/07/26,1,1,,No,No,,0,20/01/26,2112,888,0,0,6480,,,,,,,0.068,1629.6,,,95823,,,,3000.00,3040.00,04/12/2025,08/12/2025,3040.00,"KNITS CUTTING (BLOCK- 4, 1ST FLOOR)",0,4,3040.00,3040.00,08/12/2025,10/12/2025,18240.00,LAXMI MACHINE MANORANJAN,0,2,-,-,-,-,-,-,0,0,3040.00,3040.00,10/12/2025,26/12/2025,24320.00,FARHAN GARMENTS,0,16,-,-,-,-,-,-,0,0,-,-,-,-,-,-,0,0,3040.00,3040.00,05/01/2026,06/01/2026,3496.00,4TH FLOOR IRONING,0,1,3040.00,2887.00,13/01/2026,16/01/2026,721.75,RAJ SARKAR (GARMENTS FINISHING CONTRACTOR),153,3,0,0,43,26,17,97452.60,49817.75,147270.35,43.95,0.00,-95517.71,29.2
104,,03702/25-26,Demo-JG-UP-HS-3016-1125,Knits - Kids,bangur client,22/11/25,79.00,3000,3000,888,29.6,Yes,True,186000.00,51752.64,MALOTI RIKIASON,20/07/26,1,1,,No,No,,0,20/01/26,2112,888,0,0,6240,,,,,,,0.075,1591.2,,,95745,,,,3000.00,3040.00,04/12/2025,08/12/2025,3040.00,"KNITS CUTTING (BLOCK- 4, 1ST FLOOR)",0,4,3040.00,3040.00,08/12/2025,10/12/2025,18240.00,LAXMI MACHINE MANORANJAN,0,2,-,-,-,-,-,-,0,0,3040.00,3040.00,10/12/2025,19/12/2025,24320.00,SUMITRA TEXTILE,0,9,-,-,-,-,-,-,0,0,-,-,-,-,-,-,0,0,3040.00,3040.00,05/01/2026,06/01/2026,3496.00,4TH FLOOR IRONING,0,1,3040.00,2888.00,13/01/2026,16/01/2026,722.00,RAJ SARKAR (GARMENTS FINISHING CONTRACTOR),152,3,0,0,43,19,24,97336.20,49818.00,147154.20,46.45,0.00,-95401.56,29.2
-71,,03683/25-26,Demo-JB-WO-CA-SH-HS-RF-01020-1125,Woven,Style fashion,22/11/25,199.00,1000,1000,0,0,Yes,True,120000.00,,Ananya Ghosh,26/01/26,1,1,10,No,Yes,10,0,,1000,0,0,0,5,,,,,,,0.622,3788.4,,,,1380,,73700,1000.00,884.00,01/12/2025,04/12/2025,1326.00,TIPL- LINE NO-3,116,3,-,-,-,-,-,-,0,0,-,-,-,-,-,-,0,0,884.00,884.00,05/12/2025,16/12/2025,29614.00,TIPL- LINE NO-3,0,11,-,-,-,-,-,-,0,0,884.00,884.00,16/12/2025,31/12/2025,5304.00,RAZA WASHING PROCESS,0,15,840.00,840.00,12/02/2026,26/02/2026,3276.00,AWANTIKA ENTERPRISES,0,14,-,-,-,-,-,-,0,0,0,13,87,43,44,78868.40,39520.00,118388.40,133.92,0.00,-118388.40,0
104,,03698/25-26,Demo-JG-UP-HS-3012-1125,Knits - Kids,bangur client,22/11/25,79.00,3000,3000,888,29.6,Yes,True,186000.00,51752.64,MALOTI RIKIASON,20/07/26,1,1,,No,No,,0,20/01/26,2112,888,0,0,6240,,,,,,,0.072,1591.2,,,107532,,,,3000.00,3040.00,04/12/2025,06/12/2025,3040.00,"KNITS CUTTING (BLOCK- 4, 1ST FLOOR)",0,2,3040.00,3040.00,06/12/2025,11/12/2025,21280.00,LAXMI MACHINE MANORANJAN,0,5,-,-,-,-,-,-,0,0,3040.00,3040.00,12/12/2025,23/12/2025,24320.00,BHAI BHAI HOSIERY (LAXMAN BISWAS),0,11,-,-,-,-,-,-,0,0,-,-,-,-,-,-,0,0,3040.00,3040.00,05/01/2026,06/01/2026,3496.00,4TH FLOOR IRONING,0,1,3040.00,2887.00,13/01/2026,16/01/2026,721.75,RAJ SARKAR (GARMENTS FINISHING CONTRACTOR),153,3,0,0,43,22,21,109123.20,52857.75,161980.95,50.06,0.00,-110228.31,29.2
-71,,03680/25-26,Demo-Demo-WO-CA-SH-FS-RF-01017-1125,Woven,Style fashion,22/11/25,249.00,1200,1200,996,83,Yes,True,170400.00,141432.00,Ananya Ghosh,26/01/26,1,1,10,No,Yes,10,0,02/04/26,204,996,0,0,8,,,,,,,1.512,7568.4,,,,2029.04,,199644,1200.00,1008.00,29/11/2025,29/11/2025,1512.00,TIPL- LINE NO-4,192,1,-,-,-,-,-,-,0,0,-,-,-,-,-,-,0,0,1008.00,1008.00,09/12/2025,17/12/2025,39816.00,TIPL- LINE NO-4,0,8,-,-,-,-,-,-,0,0,1008.00,1008.00,17/12/2025,06/01/2026,6048.00,RAZA WASHING PROCESS,0,20,1007.00,1007.00,06/01/2026,23/01/2026,6545.50,SR ENTERPRISE,0,17,968.00,968.00,14/03/2026,14/03/2026,1452.00,MAMATA CREATION,0,1,0,13,105,47,58,209241.44,55373.50,264614.94,262.51,0.00,-123182.94,98.8
104,,03697/25-26,Demo-JG-UP-HS-3011-1125,Knits - Kids,bangur client,22/11/25,79.00,3000,3000,888,29.6,Yes,True,186000.00,51752.64,MALOTI RIKIASON,20/07/26,1,1,,No,No,,0,20/01/26,2112,888,0,0,6080,,,,1065,,,0.073,1550.4,,,107715,11447,,,3000.00,3040.00,04/12/2025,06/12/2025,3040.00,"KNITS CUTTING (BLOCK- 4, 1ST FLOOR)",0,2,3040.00,3040.00,06/12/2025,10/12/2025,21280.00,LAXMI MACHINE MANORANJAN,0,4,-,-,-,-,-,-,0,0,3040.00,3038.00,10/12/2025,23/12/2025,24304.00,PRADIP SARKAR ( MOUSUMI GARMENTS ),2,13,-,-,-,-,-,-,0,0,-,-,-,-,-,-,0,0,3038.00,3038.00,05/01/2026,06/01/2026,3493.70,4TH FLOOR IRONING,0,1,3038.00,2887.00,13/01/2026,16/01/2026,721.75,RAJ SARKAR (GARMENTS FINISHING CONTRACTOR),151,3,0,0,43,23,20,120712.40,52839.45,173551.85,53.75,0.00,-121799.21,29.2
104,,03700/25-26,Demo-JG-UP-HS-3014-1125,Knits - Kids,bangur client,22/11/25,79.00,3000,3000,888,29.6,Yes,True,186000.00,51752.64,MALOTI RIKIASON,20/07/26,1,1,,No,No,,0,20/01/26,2112,888,0,0,6240,,,,,,,0.075,1591.2,,,107307.75,,,,3000.00,3040.00,09/12/2025,10/12/2025,3040.00,"KNITS CUTTING (BLOCK- 4, 1ST FLOOR)",0,1,3040.00,3040.00,10/12/2025,20/12/2025,21280.00,LAXMI MACHINE MANORANJAN,0,10,-,-,-,-,-,-,0,0,3040.00,3039.00,20/12/2025,31/12/2025,27351.00,SUMITRA TEXTILE,1,11,-,-,-,-,-,-,0,0,-,-,-,-,-,-,0,0,3024.00,3024.00,05/01/2026,07/01/2026,3477.60,4TH FLOOR IRONING,0,2,3039.00,2887.00,13/01/2026,16/01/2026,721.75,RAJ SARKAR (GARMENTS FINISHING CONTRACTOR),152,3,0,0,38,27,11,108898.95,55870.35,164769.30,50.52,0.00,-113016.66,29.2
5,,03719/25-26,Demo-MU-KN-CA-TS-HS-SF-0685-0925,Knits - Men,g mart,24/11/25,249.00,6704,6704,0,0,Yes,True,791072.00,,Saikat Kr Das,12/04/26,1,1,2,Yes,Yes,2,2,,6704,0,0,0,6,,,,,,,0.239,27592.8,,,550508.85,,,,6704.00,6432.00,06/03/2026,30/03/2026,6432.00,KAYA APPARDemoS,272,24,-,-,-,-,-,-,0,0,-,-,-,-,-,-,0,0,-,-,-,-,-,-,0,0,6432.00,0.00,12/03/2026,-,-,KAYA APPARDemoS,6432,27,-,-,-,-,-,-,0,0,-,-,-,-,-,-,0,0,-,-,-,-,-,-,0,0,93,26,24,51,-27,578101.65,6432.00,584533.65,90.88,0.00,-584533.65,0
5,,03718/25-26,Demo-MU-KN-CA-TS-HS-SF-0684-0925,Knits - Men,g mart,24/11/25,249.00,6704,6704,0,0,Yes,True,791072.00,,Saikat Kr Das,12/04/26,1,1,2,Yes,Yes,2,2,,6704,0,0,0,6,,,,,,,,26406,,,673214.36,,,,6704.00,0.00,10/03/2026,-,-,KAYA APPARDemoS,6704,29,-,-,-,-,-,-,0,0,-,-,-,-,-,-,0,0,-,-,-,-,-,-,0,0,-,-,-,-,-,-,0,0,-,-,-,-,-,-,0,0,-,-,-,-,-,-,0,0,-,-,-,-,-,-,0,0,93,26,0,29,-29,699620.36,0.00,699620.36,104.36,0.00,-699620.36,0
-97,,03703/25-26,HO-IB-LW-HP-3018-1125,Knits - Kids,HOME2,24/11/25,0.00,3000,9000,0,0,Yes,True,96000.00,,MALOTI RIKIASON,31/12/25,3,1,,No,No,,0,,3000,0,0,0,157,,,,,,,0.039,23171.6,,,131950,,,,9450.00,9747.00,25/11/2025,25/11/2025,30865.49,"KNITS CUTTING (BLOCK- 4, 1ST FLOOR)",0,1,-,-,-,-,-,-,0,0,-,-,-,-,-,-,0,0,9747.00,9665.00,25/11/2025,06/12/2025,70554.50,"DINESH BARUI, MM Textiles, RABI GARMENTS , STORE",82,11,-,-,-,-,-,-,0,0,-,-,-,-,-,-,0,0,-,-,-,-,-,-,0,0,-,-,-,-,-,-,0,0,0,0,11,12,-1,155121.60,101032.50,256154.10,26.28,0.00,-256154.10,0
5,,03717/25-26,Demo-MU-KN-CA-TS-HS-SF-0683-0925,Knits - Men,g mart,24/11/25,249.00,6704,6704,0,0,Yes,True,791072.00,,Saikat Kr Das,12/04/26,1,1,2,Yes,Yes,2,2,,6704,0,0,0,6,,,,12,,,0.254,27548.4,,,429383.7,15208,,,6704.00,6136.00,10/03/2026,02/04/2026,6136.00,KAYA APPARDemoS,568,23,-,-,-,-,-,-,0,0,-,-,-,-,-,-,0,0,-,-,-,-,-,-,0,0,6136.00,0.00,11/03/2026,-,-,KAYA APPARDemoS,6136,28,-,-,-,-,-,-,0,0,-,-,-,-,-,-,0,0,-,-,-,-,-,-,0,0,93,26,23,51,-28,472140.10,6136.00,478276.10,77.95,0.00,-478276.10,0
-5,,03720/25-26,Demo-MU-KN-CA-TS-HS-RF-0686-0925,Knits - Men,g mart,24/11/25,249.00,1200,1200,0,0,Yes,True,147600.00,,Saikat Kr Das,02/04/26,1,1,2,Yes,Yes,2,2,,1200,0,0,0,1,,,,,,,0.244,1609,,,85236.3,,,,1200.00,1232.00,10/03/2026,24/03/2026,1232.00,KAYA APPARDemoS,0,14,-,-,-,-,-,-,0,0,-,-,-,-,-,-,0,0,-,-,-,-,-,-,0,0,1232.00,0.00,12/03/2026,-,-,KAYA APPARDemoS,1232,27,-,-,-,-,-,-,0,0,-,-,-,-,-,-,0,0,-,-,-,-,-,-,0,0,93,103,14,41,-27,86845.30,1232.00,88077.30,71.49,0.00,-88077.30,0
-7,,03727/25-26,Demo-MU-KN-CA-TS-SL-SF-0716-1025,Knits - Men,HOME2,25/11/25,0.00,320,0,0,0,Yes,False,51200.00,,Priya Das Chowdhury,31/03/26,0,1,-43,Yes,Yes,-43,-43,,320,0,0,0,-,-,-,-,-,-,-,,-,-,-,-,-,-,-,-,-,-,-,-,-,-,-,-,-,-,-,-,-,-,-,-,-,-,-,-,-,-,-,-,-,-,-,-,-,-,-,-,-,-,-,-,-,-,-,-,-,-,-,-,-,-,-,-,-,-,-,-,-,-,-,-,-,-,-,-,-,-,-,-1,23,0,0,0,0.00,0.00,0.00,,0.00,0,0
-5,,03729/25-26,Demo-MU-KN-CA-TS-HS-RF-0689-0925,Knits - Men,g mart,25/11/25,249.00,1200,1200,0,0,Yes,True,147600.00,,Saikat Kr Das,02/04/26,1,1,1,Yes,Yes,1,1,,1200,0,0,0,1,,,,,,,0.245,6398.8,3480,,109460.4,,,,1200.00,1232.00,06/03/2026,24/03/2026,1232.00,KAYA APPARDemoS,0,18,-,-,-,-,-,-,0,0,-,-,-,-,-,-,0,0,-,-,-,-,-,-,0,0,1232.00,0.00,12/03/2026,-,-,KAYA APPARDemoS,1232,27,-,-,-,-,-,-,0,0,-,-,-,-,-,-,0,0,-,-,-,-,-,-,0,0,92,102,18,45,-27,119339.20,1232.00,120571.20,97.87,0.00,-120571.20,0
-7,,03726/25-26,Demo-MU-KN-CA-TS-SL-SF-0715-1025,Knits - Men,HOME2,25/11/25,250.00,320,0,0,0,Yes,False,51200.00,,Priya Das Chowdhury,31/03/26,0,1,-43,Yes,Yes,-43,-43,,320,0,0,0,-,-,-,-,-,-,-,,-,-,-,-,-,-,-,-,-,-,-,-,-,-,-,-,-,-,-,-,-,-,-,-,-,-,-,-,-,-,-,-,-,-,-,-,-,-,-,-,-,-,-,-,-,-,-,-,-,-,-,-,-,-,-,-,-,-,-,-,-,-,-,-,-,-,-,-,-,-,-,-1,23,0,0,0,0.00,0.00,0.00,,0.00,0,0
23,,03730/25-26,Demo -IG-UP-HS-3019-1125,Knits - Kids,market lmtd,25/11/25,149.00,2000,2000,0,0,Yes,True,172000.00,,RIA PAUL,30/04/26,1,1,1,Yes,Yes,1,1,,2000,0,0,0,,,,,1,,,0.069,1979,,5000,57685,3165,,,2000.00,2016.00,15/01/2026,16/01/2026,2016.00,"KNITS CUTTING (BLOCK- 4, 1ST FLOOR)",0,1,-,-,-,-,-,-,0,0,2016.00,2016.00,22/01/2026,02/03/2026,28224.00,K.K EMBROIDERY(Mosammat Omila Khatun),0,39,2016.00,2040.00,27/02/2026,25/03/2026,26112.00,"KK TAILOR, TAPARIA BLOCK 4 4TH FLOOR (L FIROZ)",0,26,-,-,-,-,-,-,0,0,-,-,-,-,-,-,0,0,1928.00,0.00,27/03/2026,-,-,Sree Gopal (Sentu Ali),1928,12,-,-,-,-,-,-,0,0,42,43,69,78,-9,67829.00,56736.00,124565.00,61.79,0.00,-124565.00,0
38,,03731/25-26,Demo -IG-UP-HS-3020-1125,Knits - Kids,market lmtd,25/11/25,129.00,2000,2000,0,0,Yes,True,148000.00,,RIA PAUL,15/05/26,1,1,1,Yes,Yes,1,1,,2000,0,0,0,1,,,,,,,0.072,2554,2900,,88028,1301.7,,,2500.00,2520.00,16/01/2026,19/01/2026,2520.00,"KNITS CUTTING (BLOCK- 4, 1ST FLOOR)",0,3,2520.00,2520.00,19/01/2026,06/02/2026,17640.00,LAXMI TABLE ADITI,0,18,2520.00,2520.00,07/02/2026,14/02/2026,25200.00,AKIB JABED EMBROIDARY,0,7,2520.00,2047.00,16/02/2026,05/03/2026,16376.00,"STORE, TAPARIA BLOCK 4 4TH FLOOR (L FIROZ)",473,17,-,-,-,-,-,-,0,0,-,-,-,-,-,-,0,0,4006.00,3999.00,10/03/2026,13/03/2026,5398.65,JAMINUL MONDAL,7,3,-,-,-,-,-,-,0,0,42,56,56,48,8,94783.70,71219.90,166003.60,59.73,0.00,-166003.60,0
114,,03737/25-26,Demo-IB-UP-SL-3026-1125,Knits - Kids,market lmtd,25/11/25,129.00,3000,3000,0,0,Yes,True,222000.00,,RIA PAUL,30/07/26,1,1,1,Yes,Yes,1,1,,3000,0,0,0,1920,,,,,,,0.062,1248,,,58826.3,,,,3000.00,1848.00,06/01/2026,08/01/2026,1848.00,"KNITS CUTTING (BLOCK- 4, 1ST FLOOR)",1152,2,1848.00,1848.00,08/01/2026,27/01/2026,20328.00,LAXMI MACHINE MANORANJAN,0,19,-,-,-,-,-,-,0,0,1848.00,1860.00,27/01/2026,16/03/2026,20460.00,MM Textiles,0,48,-,-,-,-,-,-,0,0,-,-,-,-,-,-,0,0,-,-,-,-,-,-,0,0,-,-,-,-,-,-,0,0,42,105,69,69,0,60074.30,42636.00,102710.30,48.72,0.00,-102710.30,0
-5,,03728/25-26,Demo-MU-KN-CA-TS-HS-RF-0687-0925,Knits - Men,g mart,25/11/25,249.00,1200,1200,0,0,Yes,True,147600.00,,Saikat Kr Das,02/04/26,1,1,1,Yes,Yes,1,1,,1200,0,0,0,1,,,,,,,0.245,1669,,,131451,,,,1200.00,1232.00,10/03/2026,24/03/2026,1232.00,KAYA APPARDemoS,0,14,-,-,-,-,-,-,0,0,-,-,-,-,-,-,0,0,-,-,-,-,-,-,0,0,1232.00,0.00,12/03/2026,-,-,KAYA APPARDemoS,1232,27,-,-,-,-,-,-,0,0,-,-,-,-,-,-,0,0,-,-,-,-,-,-,0,0,92,102,14,41,-27,133120.00,1232.00,134352.00,109.05,0.00,-134352.00,0
-38,,03738/25-26,PM-MU&L-KN-CO-ORD SET-SF & COMFORT FIT-0072-1125,Knits - Men,Primart,26/11/25,550.00,381,381,0,0,Yes,True,140970.00,,Priya Das Chowdhury,28/02/26,1,1,-44,Yes,Yes,-44,-44,,381,0,0,0,4110,,,,300,,,0.697,4282.2,,,100725,429,,,381.00,366.00,19/12/2025,19/12/2025,366.00,"KNITS CUTTING (BLOCK- 4, 1ST FLOOR)",15,1,-,-,-,-,-,-,0,0,-,-,-,-,-,-,0,0,366.00,363.00,20/12/2025,07/02/2026,4356.00,TAPARIA BLOCK 24 (L SUBRATA),3,49,-,-,-,-,-,-,0,0,-,-,-,-,-,-,0,0,273.00,273.00,13/02/2026,23/02/2026,1638.00,SUDIPTO BANERJEE,0,10,-,-,-,-,-,-,0,0,-2,14,66,60,6,105436.20,6360.00,111796.20,305.45,0.00,-111796.20,0
-38,,03739/25-26,PM-MU&L-KN-CO-ORD SET-SF & COMFORT FIT-0073-1125,Knits - Men,Primart,26/11/25,550.00,381,381,0,0,Yes,True,140970.00,,Priya Das Chowdhury,28/02/26,1,1,-44,Yes,Yes,-44,-44,,381,0,0,0,6,,,,,,,0.793,3935,,,94977.2,1996,,,381.00,315.00,19/12/2025,19/12/2025,315.00,"KNITS CUTTING (BLOCK- 4, 1ST FLOOR)",66,1,-,-,-,-,-,-,0,0,-,-,-,-,-,-,0,0,315.00,315.00,20/12/2025,31/12/2025,3780.00,"SUBRATA BISWAS, TAPARIA BLOCK 24 (L SUBRATA)",0,11,-,-,-,-,-,-,0,0,-,-,-,-,-,-,0,0,313.00,313.00,13/02/2026,23/02/2026,1878.00,SUDIPTO BANERJEE,0,10,-,-,-,-,-,-,0,0,-2,14,66,22,44,100908.20,5973.00,106881.20,339.31,0.00,-106881.20,0
-82,,03781/25-26,Demo-JB-WO-CA-SH-HS-RF-01030-1125,Woven,Style fashion,28/11/25,199.00,1500,1500,0,0,Yes,True,180000.00,,Ananya Ghosh,15/01/26,1,1,4,Yes,Yes,4,5,,1500,0,0,0,8,,,,,,,0.509,5275,,,,612,,58211.25,1500.00,1524.00,10/12/2025,21/12/2025,2286.00,TIPL- LINE NO-7,0,11,-,-,-,-,-,-,0,0,-,-,-,-,-,-,0,0,1524.00,1524.00,16/12/2025,29/12/2025,51054.00,TIPL- LINE NO-7,0,13,-,-,-,-,-,-,0,0,1517.00,1517.00,05/01/2026,07/01/2026,9102.00,SUBHAJIT WASH,0,2,1502.00,1502.00,12/02/2026,26/02/2026,5857.80,AWANTIKA ENTERPRISES,0,14,-,-,-,-,-,-,0,0,5,7,78,40,38,64098.25,68299.80,132398.05,86.88,0.00,-132398.05,0
28,,03780/25-26,Demo-IB-UP-SL-3092-1125,Knits - Kids,C2 ltd,28/11/25,1.00,2110,2110,0,0,Yes,True,158250.00,,Suman Debnath,05/05/26,1,1,4,Yes,Yes,4,4,,2110,0,0,0,2,,,,,,,0.054,666.5,,,50056.4,,,,2110.00,2120.00,24/01/2026,20/02/2026,2120.00,"KNITS CUTTING (BLOCK- 4, 1ST FLOOR)",0,27,2120.00,2120.00,20/02/2026,19/03/2026,33920.00,LAXMI MACHINE MANORANJAN,0,27,-,-,-,-,-,-,0,0,2120.00,0.00,21/02/2026,-,-,"STORE, TAPARIA BLOCK 4 4TH FLOOR (L FIROZ)",2120,46,-,-,-,-,-,-,0,0,-,-,-,-,-,-,0,0,-,-,-,-,-,-,0,0,-,-,-,-,-,-,0,0,32,12,54,100,-46,50722.90,36040.00,86762.90,40.93,0.00,-86762.90,0
-7,,03798/25-26,Demo-MU-KN-CA-TS-HS-SF-0772-1025,Knits - Men,Primart,28/11/25,399.00,320,0,0,0,Yes,False,58240.00,,Priya Das Chowdhury,31/03/26,0,1,17,No,Yes,17,0,,320,0,0,0,-,-,-,-,-,-,-,,-,-,-,-,-,-,-,-,-,-,-,-,-,-,-,-,-,-,-,-,-,-,-,-,-,-,-,-,-,-,-,-,-,-,-,-,-,-,-,-,-,-,-,-,-,-,-,-,-,-,-,-,-,-,-,-,-,-,-,-,-,-,-,-,-,-,-,-,-,-,-,0,19,0,0,0,0.00,0.00,0.00,,0.00,0,0
28,,03750/25-26,Demo-IB-UP-HS-3063-1125,Knits - Kids,C2 ltd,28/11/25,1.00,2510,2510,0,0,Yes,True,175700.00,,Suman Debnath,05/05/26,1,1,4,Yes,Yes,4,4,,2510,0,0,0,2,,,,1,,,0.066,1090.05,2900,,66675.25,2854,,,2510.00,2480.00,21/01/2026,19/02/2026,2480.00,"KNITS CUTTING (BLOCK- 4, 1ST FLOOR)",30,29,2480.00,2480.00,20/02/2026,27/02/2026,19840.00,MAHALAXMI GARMENTS,0,7,-,-,-,-,-,-,0,0,2480.00,2506.00,28/02/2026,11/03/2026,27566.00,BLOCK 4 STICHING BAPI GAZI,0,11,-,-,-,-,-,-,0,0,-,-,-,-,-,-,0,0,2506.00,2470.00,16/03/2026,19/03/2026,5187.00,JAMINUL MONDAL,36,3,-,-,-,-,-,-,0,0,33,12,57,50,7,73519.30,55073.00,128592.30,51.85,0.00,-128592.30,0
28,,03768/25-26,Demo-JG-UP-HS-3080-1125,Knits - Kids,C2 ltd,28/11/25,1.00,2110,2110,0,0,Yes,True,183570.00,,Suman Debnath,05/05/26,1,1,4,Yes,Yes,4,4,,2110,0,0,0,2,,,,1,,,0.092,855.5,3480,,93194.5,3271,,,2110.00,2120.00,24/01/2026,17/02/2026,2120.00,"KNITS CUTTING (BLOCK- 4, 1ST FLOOR)",0,24,2120.00,2120.00,17/02/2026,23/02/2026,21200.00,LAXMI TABLE ADITI,0,6,-,-,-,-,-,-,0,0,2120.00,2124.00,23/02/2026,10/03/2026,23364.00,BLOCK 4 STICHING BAPI GAZI,0,15,-,-,-,-,-,-,0,0,-,-,-,-,-,-,0,0,2124.00,2124.00,13/03/2026,16/03/2026,2442.60,4TH FLOOR IRONING,0,3,2124.00,2103.00,13/03/2026,20/03/2026,2103.00,Bipula das (Asgar),21,7,32,12,55,55,0,100801.00,51229.60,152030.60,70.06,0.00,-152030.60,0
28,,03774/25-26,Demo-IB-UP-HS-3086-1125,Knits - Kids,C2 ltd,28/11/25,1.00,950,950,0,0,Yes,True,80750.00,,Suman Debnath,05/05/26,1,1,8,No,Yes,8,0,,950,0,0,0,1,,,,,,,0.072,308.7,,,33355,,,,950.00,1000.00,16/03/2026,20/03/2026,1000.00,"KNITS CUTTING (BLOCK- 4, 1ST FLOOR)",0,4,1000.00,1000.00,19/03/2026,27/03/2026,8500.00,MAHALAXMI GARMENTS,0,8,1000.00,0.00,03/04/2026,-,-,SK  SDemoIM,1000,5,-,-,-,-,-,-,0,0,-,-,-,-,-,-,0,0,-,-,-,-,-,-,0,0,-,-,-,-,-,-,0,0,-,-,-,-,-,-,0,0,0,12,11,17,-6,33663.70,9500.00,43163.70,35.81,0.00,-43163.70,0
28,,03757/25-26,Demo-JG-UP-HS-3069-1125,Knits - Kids,C2 ltd,28/11/25,1.00,1000,1000,0,0,Yes,True,112000.00,,Suman Debnath,05/05/26,1,1,4,Yes,Yes,4,4,,1000,0,0,0,1,,,,,,,0.089,326.5,,,44302.6,,,,1000.00,1020.00,24/01/2026,23/02/2026,1020.00,"KNITS CUTTING (BLOCK- 4, 1ST FLOOR)",0,30,-,-,-,-,-,-,0,0,1020.00,1020.00,16/03/2026,06/04/2026,22950.00,RR DemoECTRONIC,0,21,1020.00,0.00,24/02/2026,-,-,"STORE, TAPARIA BLOCK 24 (L SUBRATA)",1020,43,-,-,-,-,-,-,0,0,-,-,-,-,-,-,0,0,-,-,-,-,-,-,0,0,-,-,-,-,-,-,0,0,32,12,72,94,-22,44629.10,23970.00,68599.10,63.82,0.00,-68599.10,0
28,,03771/25-26,Demo-JG-UP-HS-3083-1125,Knits - Kids,C2 ltd,28/11/25,1.00,3000,3000,0,0,Yes,True,264000.00,,Suman Debnath,05/05/26,1,1,4,Yes,Yes,4,4,,3000,0,0,0,,,,,1,,,0.095,1870.5,,,116440,3194,,,3000.00,3000.00,20/01/2026,27/01/2026,3000.00,"KNITS CUTTING (BLOCK- 4, 1ST FLOOR)",0,7,3000.00,3000.00,27/01/2026,02/02/2026,15000.00,SANJOY PAUL,0,6,-,-,-,-,-,-,0,0,3000.00,3010.00,05/02/2026,19/02/2026,30100.00,TAPARIA BLOCK 24 (L SUBRATA),0,14,-,-,-,-,-,-,0,0,-,-,-,-,-,-,0,0,3024.00,3019.00,20/02/2026,27/02/2026,6641.80,JAMINUL MONDAL,5,7,-,-,-,-,-,-,0,0,50,12,38,34,4,121504.50,54741.80,176246.30,58.03,0.00,-176246.30,0
28,,03760/25-26,Demo-SG-UP-HS-3072-1125,Knits - Kids,C2 ltd,28/11/25,1.00,2500,2500,0,0,Yes,True,330000.00,,Suman Debnath,05/05/26,1,1,4,Yes,Yes,4,4,,2500,0,0,0,2,,,,,,,0.104,779.9,,,107196.3,,,,2500.00,2516.00,23/02/2026,23/02/2026,2516.00,"KNITS CUTTING (BLOCK- 4, 1ST FLOOR)",0,1,2516.00,2516.00,23/02/2026,02/03/2026,12580.00,LAXMI TABLE ADITI,0,7,2516.00,0.00,06/03/2026,-,-,RDB embroidary,2516,33,-,-,-,-,-,-,0,0,-,-,-,-,-,-,0,0,-,-,-,-,-,-,0,0,-,-,-,-,-,-,0,0,-,-,-,-,-,-,0,0,32,12,7,41,-34,107976.20,15096.00,123072.20,48.92,0.00,-123072.20,0
-67,,03789/25-26,Demo-Demo-WO-CA-SH-HS-RF-01039-1125,Woven,Style fashion,28/11/25,249.00,700,700,0,0,Yes,True,99400.00,,Ananya Ghosh,30/01/26,1,1,4,Yes,Yes,4,5,,700,0,0,0,5,,,,,,,1.26,2578,,,,204,,58211.25,700.00,616.00,10/12/2025,21/12/2025,924.00,TIPL- LINE NO-7,84,11,-,-,-,-,-,-,0,0,-,-,-,-,-,-,0,0,616.00,616.00,16/12/2025,29/12/2025,20636.00,TIPL- LINE NO-7,0,13,-,-,-,-,-,-,0,0,610.00,610.00,05/01/2026,07/01/2026,3660.00,SUBHAJIT WASH,0,2,300.00,0.00,28/03/2026,-,-,AWANTIKA ENTERPRISES,300,11,-,-,-,-,-,-,0,0,5,7,28,37,-9,60993.25,25220.00,86213.25,139.96,0.00,-86213.25,0
28,,03753/25-26,Demo-IG-UP-HS-3066-1125,Knits - Kids,C2 ltd,28/11/25,1.00,2090,2090,0,0,Yes,True,177650.00,,Suman Debnath,05/05/26,1,1,4,Yes,Yes,4,4,,2090,0,0,0,2,,,,1,,,0.064,1590.7,,,54180,2288,,,2090.00,1980.00,03/02/2026,04/02/2026,1980.00,"KNITS CUTTING (BLOCK- 4, 1ST FLOOR)",110,1,1980.00,1980.00,05/02/2026,12/02/2026,16830.00,LAXMI TABLE ADITI,0,7,-,-,-,-,-,-,0,0,1980.00,1980.00,10/02/2026,05/03/2026,25740.00,"TAPARIA BLOCK 24 (L SUBRATA), TAPARIA BLOCK 4 4TH FLOOR (L FIROZ)",0,23,-,-,-,-,-,-,0,0,-,-,-,-,-,-,0,0,1980.00,0.00,18/03/2026,-,-,JAMINUL MONDAL,1980,21,-,-,-,-,-,-,0,0,50,12,30,52,-22,58058.70,44550.00,102608.70,51.82,0.00,-102608.70,0
28,,03777/25-26,Demo-IB-SET-SL-3089-1125,Knits - Kids,C2 ltd,28/11/25,1.00,2110,2110,0,0,Yes,True,242650.00,,Suman Debnath,05/05/26,1,2,4,Yes,Yes,4,4,,2110,0,0,0,34,,,,,,,0.048,2618.3,,,80464.5,,,,4220.00,4240.00,09/03/2026,12/03/2026,4240.00,"KNITS CUTTING (BLOCK- 4, 1ST FLOOR)",0,3,2120.00,2120.00,12/03/2026,17/03/2026,14840.00,LAXMI TABLE ADITI,0,5,-,-,-,-,-,-,0,0,4226.00,0.00,19/03/2026,-,-,LOKENATH READYMADE FACTORY ( SENTU BISWAS ),4226,20,-,-,-,-,-,-,0,0,-,-,-,-,-,-,0,0,-,-,-,-,-,-,0,0,-,-,-,-,-,-,0,0,50,12,8,28,-20,83082.80,19080.00,102162.80,42.03,0.00,-102162.80,0
-72,,03800/25-26,DemoM-MU-KN-PLO-TS-HS-0078-1125,Knits - Men,Raju mega amrt,28/11/25,399.00,6504,6504,0,0,Yes,True,1430880.00,,Saikat Kr Das,25/01/26,1,1,7,Yes,Yes,7,7,,6504,0,0,0,,,,,,,3701,0.743,7286.4,,,495198.9,,,371453,6504.00,6336.00,02/02/2026,09/02/2026,6336.00,"KNITS CUTTING (BLOCK- 4, 1ST FLOOR)",168,7,-,-,-,-,-,-,0,0,-,-,-,-,-,-,0,0,-,-,-,-,-,-,0,0,6336.00,0.00,09/02/2026,-,-,SUPRA  INDUSTRIES,6336,58,-,-,-,-,-,-,0,0,-,-,-,-,-,-,0,0,-,-,-,-,-,-,0,0,33,67,7,65,-58,873938.30,6336.00,880274.30,124.13,0.00,-880274.30,0
-67,,03792/25-26,Demo-Demo-WO-CA-SH-HS-RF-01042-1125,Woven,Style fashion,28/11/25,249.00,900,900,0,0,Yes,True,127800.00,,Ananya Ghosh,30/01/26,1,1,4,Yes,Yes,4,5,,900,0,0,0,,,,,,,776.15,1.016,,,,,,,58211.25,900.00,764.00,10/12/2025,12/01/2026,1146.00,TIPL- LINE NO-7,136,33,-,-,-,-,-,-,0,0,-,-,-,-,-,-,0,0,764.00,764.00,12/01/2026,06/02/2026,25594.00,TIPL- LINE NO-7,0,25,-,-,-,-,-,-,0,0,754.00,754.00,06/02/2026,11/02/2026,4524.00,S.M.D WASH,0,5,744.00,744.00,11/02/2026,18/02/2026,1785.60,SHANKAR ENTERPRISE IN HOUSE,0,7,744.00,744.00,18/02/2026,18/02/2026,1116.00,SHANKAR ENTERPRISE IN HOUSE,0,1,5,7,70,71,-1,58211.25,34165.60,92376.85,120.91,0.00,-92376.85,0
28,,03754/25-26,Demo-JG-UP-HS-3067-1125,Knits - Kids,C2 ltd,28/11/25,1.00,2110,2110,0,0,Yes,True,236320.00,,Suman Debnath,05/05/26,1,1,4,Yes,Yes,4,4,,2110,0,0,0,2,,,,,,,0.09,663.8,,,89385.4,,,,2110.00,2120.00,24/01/2026,19/02/2026,2120.00,"KNITS CUTTING (BLOCK- 4, 1ST FLOOR)",0,26,2120.00,2120.00,19/02/2026,21/02/2026,14840.00,LAXMI TABLE ADITI,0,2,2120.00,0.00,18/03/2026,-,-,RDB embroidary,2120,21,-,-,-,-,-,-,0,0,-,-,-,-,-,-,0,0,-,-,-,-,-,-,0,0,-,-,-,-,-,-,0,0,-,-,-,-,-,-,0,0,32,12,28,49,-21,90049.20,16960.00,107009.20,48.16,0.00,-107009.20,0
28,,03751/25-26,Demo-IB-UP-HS-3064-1125,Knits - Kids,C2 ltd,28/11/25,1.00,2090,2090,0,0,Yes,True,146300.00,,Suman Debnath,05/05/26,1,1,4,Yes,Yes,4,4,,2090,0,0,0,2,,,,2,,,0.076,994.2,,,69817.2,1910.4,,,2090.00,2100.00,06/01/2026,09/01/2026,2100.00,"KNITS CUTTING (BLOCK- 4, 1ST FLOOR)",0,3,2100.00,2100.00,09/01/2026,21/01/2026,16800.00,H.P PRINTING,0,12,-,-,-,-,-,-,0,0,2100.00,2094.00,27/01/2026,05/02/2026,21987.00,MM Textiles,6,9,-,-,-,-,-,-,0,0,-,-,-,-,-,-,0,0,2094.00,2094.00,07/02/2026,10/02/2026,2094.00,4TH FLOOR IRONING,0,3,2094.00,2079.00,07/02/2026,14/02/2026,2079.00,Bipula das (Asgar),15,7,32,12,39,34,5,72721.80,45060.00,117781.80,56.09,0.00,-117781.80,0
28,,03763/25-26,Demo-IG-UP-HS-3075-1125,Knits - Kids,C2 ltd,28/11/25,1.00,3000,3000,0,0,Yes,True,210000.00,,Suman Debnath,05/05/26,1,1,4,Yes,Yes,4,4,,3000,0,0,0,1,,,,,,,0.063,2331.1,,,84240,2416,,,3000.00,3003.00,17/01/2026,22/01/2026,3003.00,"KNITS CUTTING (BLOCK- 4, 1ST FLOOR)",0,5,3003.00,3003.00,22/01/2026,03/02/2026,21021.00,LOKNATH PRINTING,0,12,-,-,-,-,-,-,0,0,3003.00,3007.00,04/02/2026,28/02/2026,39091.00,"TAPARIA BLOCK 24 (L SUBRATA), TAPARIA BLOCK 4 4TH FLOOR (L FIROZ)",0,24,-,-,-,-,-,-,0,0,-,-,-,-,-,-,0,0,2935.00,2935.00,10/03/2026,12/03/2026,2935.00,4TH FLOOR IRONING,0,2,3007.00,2942.00,06/03/2026,13/03/2026,2942.00,RAJ SARKAR (GARMENTS FINISHING CONTRACTOR),65,7,33,12,55,50,5,88987.10,68992.00,157979.10,51.79,0.00,-157979.10,0
28,,03766/25-26,Demo-SG-UP-HS-3078-1125,Knits - Kids,C2 ltd,28/11/25,1.00,3510,3510,0,0,Yes,True,393120.00,,Suman Debnath,05/05/26,1,1,4,Yes,Yes,4,4,,3510,0,0,0,3,,,,1,,,0.111,1545.7,,,185433,4994,,,3510.00,3550.00,20/01/2026,28/01/2026,3550.00,"KNITS CUTTING (BLOCK- 4, 1ST FLOOR)",0,8,3550.00,3550.00,28/01/2026,16/02/2026,35500.00,LAXMI TABLE ADITI,0,19,-,-,-,-,-,-,0,0,3550.00,3550.00,16/02/2026,07/03/2026,35500.00,TAPARIA BLOCK 4 4TH FLOOR (L FIROZ),0,19,-,-,-,-,-,-,0,0,-,-,-,-,-,-,0,0,3406.00,3406.00,09/03/2026,11/03/2026,01/10/4598,4TH FLOOR IRONING,0,2,3530.00,3429.00,09/03/2026,14/03/2026,3429.00,Bipula das (Asgar),101,5,33,12,53,53,0,191972.70,82577.10,274549.80,73.39,0.00,-274549.80,0
28,,03769/25-26,Demo-SG-UP-HS-3081-1125,Knits - Kids,C2 ltd,28/11/25,1.00,2500,2500,0,0,Yes,True,267500.00,,Suman Debnath,05/05/26,1,1,4,Yes,Yes,4,4,,2500,0,0,0,2,,,,1,,,0.096,1104.9,,,109869.44,4207,,,2500.00,2525.00,24/01/2026,21/02/2026,2525.00,"KNITS CUTTING (BLOCK- 4, 1ST FLOOR)",0,28,2525.00,2525.00,20/02/2026,02/03/2026,25250.00,LAXMI TABLE ADITI,0,10,-,-,-,-,-,-,0,0,2525.00,2518.00,23/02/2026,16/03/2026,27698.00,RAJDEEP GARMENTS,7,21,-,-,-,-,-,-,0,0,-,-,-,-,-,-,0,0,2518.00,2516.00,30/03/2026,04/04/2026,5912.60,JAMINUL MONDAL,2,5,-,-,-,-,-,-,0,0,32,12,70,64,6,115181.34,61385.60,176566.94,69.93,0.00,-176566.94,0
28,,03775/25-26,Demo-IB-UP-HS-3087-1125,Knits - Kids,C2 ltd,28/11/25,1.00,3000,3000,0,0,Yes,True,255000.00,,Suman Debnath,05/05/26,1,1,4,Yes,Yes,4,4,,3000,0,0,0,2,,,,,,,0.087,1325.15,,,108233.6,1580,,,3000.00,3028.00,21/01/2026,22/01/2026,3028.00,"KNITS CUTTING (BLOCK- 4, 1ST FLOOR)",0,1,3028.00,3028.00,22/01/2026,29/01/2026,18168.00,LAXMI TABLE ADITI,0,7,-,-,-,-,-,-,0,0,3028.00,3064.00,28/01/2026,24/02/2026,30640.00,TAPARIA BLOCK 24 (L SUBRATA),0,27,-,-,-,-,-,-,0,0,-,-,-,-,-,-,0,0,3064.00,3064.00,05/03/2026,06/03/2026,3064.00,4TH FLOOR IRONING,0,1,3064.00,3042.00,05/03/2026,07/03/2026,3042.00,RAJ SARKAR (GARMENTS FINISHING CONTRACTOR),22,2,50,12,45,38,7,111138.75,57942.00,169080.75,55.84,0.00,-169080.75,0
-67,,03790/25-26,Demo-Demo-WO-CA-SH-HS-RF-01040-1125,Woven,Style fashion,28/11/25,249.00,900,900,0,0,Yes,True,127800.00,,Ananya Ghosh,30/01/26,1,1,4,Yes,Yes,4,5,,900,0,0,0,1996,,,,1410,,,0.826,3260.5,,,,2360,,58211.25,900.00,940.00,11/12/2025,02/02/2026,1410.00,TIPL- LINE NO-7,0,53,-,-,-,-,-,-,0,0,-,-,-,-,-,-,0,0,1040.00,1040.00,06/02/2026,28/02/2026,34840.00,TIPL- LINE NO-7,0,22,-,-,-,-,-,-,0,0,1040.00,1040.00,28/02/2026,08/03/2026,6240.00,SUBHAJIT WASH,0,8,1030.00,0.00,28/03/2026,-,-,MAHADEV ENTERPRISES AND FINISHING ( SUBHAJIT ),1030,11,-,-,-,-,-,-,0,0,5,7,87,94,-7,63831.75,42490.00,106321.75,113.11,0.00,-106321.75,0
28,,03759/25-26,Demo-JG-UP-HS-3071-1125,Knits - Kids,C2 ltd,28/11/25,1.00,1510,1510,0,0,Yes,True,169120.00,,Suman Debnath,05/05/26,1,1,4,Yes,Yes,4,4,,1510,0,0,0,1,,,,,,,0.088,458.8,,,54858,,,,1510.00,1520.00,21/02/2026,23/02/2026,1520.00,"KNITS CUTTING (BLOCK- 4, 1ST FLOOR)",0,2,1520.00,1520.00,23/02/2026,02/03/2026,7600.00,LAXMI TABLE ADITI,0,7,3040.00,1520.00,06/03/2026,18/03/2026,38000.00,"RDB embroidary, SK. SAHABUDDIN",1520,12,-,-,-,-,-,-,0,0,-,-,-,-,-,-,0,0,-,-,-,-,-,-,0,0,-,-,-,-,-,-,0,0,-,-,-,-,-,-,0,0,32,12,25,21,4,55316.80,47120.00,102436.80,67.39,0.00,-102436.80,0
28,,03755/25-26,Demo-SG-UP-HS-3068-1125,Knits - Kids,C2 ltd,28/11/25,1.00,2500,2500,0,0,Yes,True,330000.00,,Suman Debnath,05/05/26,1,1,4,Yes,Yes,4,4,,2500,0,0,0,2,,,,,,,0.113,750.2,,,125839.65,,,,2500.00,2525.00,24/01/2026,23/02/2026,2525.00,"KNITS CUTTING (BLOCK- 4, 1ST FLOOR)",0,30,2525.00,2525.00,23/02/2026,26/02/2026,17675.00,LAXMI TABLE ADITI,0,3,2525.00,0.00,18/03/2026,-,-,RDB embroidary,2525,21,-,-,-,-,-,-,0,0,-,-,-,-,-,-,0,0,-,-,-,-,-,-,0,0,-,-,-,-,-,-,0,0,-,-,-,-,-,-,0,0,32,12,33,54,-21,126589.85,20200.00,146789.85,56.71,0.00,-146789.85,0
28,,03752/25-26,Demo-IG-UP-HS-3065-1125,Knits - Kids,C2 ltd,28/11/25,1.00,1000,1000,0,0,Yes,True,70000.00,,Suman Debnath,05/05/26,1,1,8,No,Yes,8,0,,1000,0,0,0,1,,,,1,,,0.059,1964.6,1160,,33700.8,1072,,,1000.00,1032.00,02/03/2026,07/03/2026,1032.00,"KNITS CUTTING (BLOCK- 4, 1ST FLOOR)",0,5,1032.00,1032.00,07/03/2026,14/03/2026,8256.00,LAXMI TABLE ADITI,0,7,-,-,-,-,-,-,0,0,1032.00,1051.00,09/03/2026,27/03/2026,14714.00,"BLOCK 4 STICHING BAPI GAZI, STORE, TAPARIA  BLOCK 4, 2ND FLOOR,( ANIL )",0,18,-,-,-,-,-,-,0,0,-,-,-,-,-,-,0,0,1051.00,1051.00,28/03/2026,30/03/2026,1051.00,4TH FLOOR IRONING,0,2,1051.00,1014.00,28/03/2026,03/04/2026,1014.00,RAJ SARKAR (GARMENTS FINISHING CONTRACTOR),37,6,0,12,32,38,-6,37897.40,26067.00,63964.40,55.54,0.00,-63964.40,0
28,,03762/25-26,Demo-IG-UP-HS-3074-1125,Knits - Kids,C2 ltd,28/11/25,1.00,2090,2090,1161,55.6,Yes,True,146300.00,81270.00,Suman Debnath,05/05/26,1,1,4,Yes,Yes,4,4,23/02/26,929,1161,0,0,1,,,,,,,0.067,915.4,2320,,61813.5,1871,,,2090.00,2100.00,19/01/2026,22/01/2026,2100.00,"KNITS CUTTING (BLOCK- 4, 1ST FLOOR)",0,3,2100.00,2100.00,22/01/2026,04/02/2026,18900.00,LAXMI TABLE ADITI,0,13,-,-,-,-,-,-,0,0,2100.00,2127.00,30/01/2026,09/02/2026,25524.00,"STORE, TAPARIA BLOCK 4 4TH FLOOR (L FIROZ)",0,10,-,-,-,-,-,-,0,0,-,-,-,-,-,-,0,0,2127.00,2086.00,13/02/2026,18/02/2026,4380.60,JAMINUL MONDAL,41,5,-,-,-,-,-,-,0,0,33,12,30,31,-1,66919.90,50904.60,117824.50,56.11,0.00,-36554.50,55.3
28,,03765/25-26,Demo-JG-UP-HS-3077-1125,Knits - Kids,C2 ltd,28/11/25,1.00,1510,1510,0,0,Yes,True,138920.00,,Suman Debnath,05/05/26,1,1,4,Yes,Yes,4,4,,1510,0,0,0,1,,,,,,,0.091,655.15,,,59196.45,1803,,,1510.00,1515.00,20/01/2026,21/01/2026,1515.00,"KNITS CUTTING (BLOCK- 4, 1ST FLOOR)",0,1,1515.00,1515.00,22/01/2026,17/02/2026,13635.00,LAXMI TABLE ADITI,0,26,-,-,-,-,-,-,0,0,1515.00,1515.00,20/02/2026,07/03/2026,18180.00,TAPARIA BLOCK 4 4TH FLOOR (L FIROZ),0,15,-,-,-,-,-,-,0,0,-,-,-,-,-,-,0,0,1475.00,1475.00,09/03/2026,11/03/2026,1696.25,4TH FLOOR IRONING,0,2,1475.00,1460.00,09/03/2026,13/03/2026,1460.00,RAJ SARKAR (GARMENTS FINISHING CONTRACTOR),15,4,33,12,52,48,4,61654.60,36486.25,98140.85,64.78,0.00,-98140.85,0
28,,03776/25-26,Demo-IG-UP-HS-3088-1125,Knits - Kids,C2 ltd,28/11/25,1.00,3000,3000,0,0,Yes,True,210000.00,,Suman Debnath,05/05/26,1,1,4,Yes,Yes,4,4,,3000,0,0,0,3,,,,,,,0.063,1395.73,,,86737.45,,,,3000.00,3066.00,17/01/2026,22/01/2026,3066.00,"KNITS CUTTING (BLOCK- 4, 1ST FLOOR)",0,5,3066.00,3066.00,22/01/2026,10/02/2026,27594.00,LAXMI TABLE ADITI,0,19,-,-,-,-,-,-,0,0,3066.00,3137.00,10/02/2026,23/02/2026,34507.00,BLOCK 4 STICHING BAPI GAZI,0,13,-,-,-,-,-,-,0,0,-,-,-,-,-,-,0,0,3137.00,3011.00,05/03/2026,07/03/2026,01/10/6323,JAMINUL MONDAL,126,2,-,-,-,-,-,-,0,0,32,12,49,39,10,88133.18,71490.10,159623.28,51.49,0.00,-159623.28,0
28,,03779/25-26,Demo-IB-UP-SL-3091-1125,Knits - Kids,C2 ltd,28/11/25,1.00,2110,2110,0,0,Yes,True,158250.00,,Suman Debnath,05/05/26,1,1,4,Yes,Yes,4,4,,2110,0,0,0,2,,,,1,,,0.065,947.6,,,60139.95,2373.7,,,2110.00,2120.00,22/01/2026,20/02/2026,2120.00,"KNITS CUTTING (BLOCK- 4, 1ST FLOOR)",0,29,2120.00,1960.00,20/02/2026,19/03/2026,31360.00,LAXMI MACHINE MANORANJAN,160,27,-,-,-,-,-,-,0,0,2120.00,2039.00,21/02/2026,04/04/2026,21409.50,"STORE, TAPARIA BLOCK 4 4TH FLOOR (L FIROZ)",81,42,-,-,-,-,-,-,0,0,-,-,-,-,-,-,0,0,2039.00,0.00,07/04/2026,-,-,4TH FLOOR IRONING,2039,1,2039.00,0.00,07/04/2026,-,-,Bipula das (Asgar),2039,1,32,12,72,100,-28,63461.25,54889.50,118350.75,55.83,0.00,-118350.75,0
-82,,03783/25-26,Demo-JB-WO-CA-SH-HS-RF-01034-1125,Woven,Style fashion,28/11/25,199.00,1500,0,0,0,Yes,True,180000.00,,Ananya Ghosh,15/01/26,0,1,4,No,Yes,4,0,,1500,0,0,0,-,-,-,-,-,-,-,,-,-,-,-,-,-,-,-,-,-,-,-,-,-,-,-,-,-,-,-,-,-,-,-,-,-,-,-,-,-,-,-,-,-,-,-,-,-,-,-,-,-,-,-,-,-,-,-,-,-,-,-,-,-,-,-,-,-,-,-,-,-,-,-,-,-,-,-,-,-,-,0,7,0,0,0,0.00,0.00,0.00,,0.00,0,0
-82,,03786/25-26,Demo-Demo-WO-CA-SH-HS-RF-01050-1125,Woven,Style fashion,28/11/25,249.00,650,650,0,0,Yes,True,92300.00,,Ananya Ghosh,15/01/26,1,1,4,Yes,Yes,4,5,,650,0,0,0,5,,,,,,,,2440,,,,,,58211.25,650.00,0.00,11/01/2026,-,-,TIPL- LINE NO-7,650,87,-,-,-,-,-,-,0,0,-,-,-,-,-,-,0,0,-,-,-,-,-,-,0,0,-,-,-,-,-,-,0,0,-,-,-,-,-,-,0,0,-,-,-,-,-,-,0,0,-,-,-,-,-,-,0,0,5,7,0,87,-87,60651.25,0.00,60651.25,93.31,0.00,-60651.25,0
-72,,03799/25-26,DemoM-MU-KN-PLO-TS-HS-0077-1125,Knits - Men,Raju mega amrt,28/11/25,399.00,6504,6504,0,0,Yes,True,1430880.00,,Saikat Kr Das,25/01/26,1,1,7,Yes,Yes,7,7,,6504,0,0,0,4,,,,,,,0.624,9086.4,,,764803.2,,,291450,7716.00,7716.00,17/02/2026,27/02/2026,7716.00,"KNITS CUTTING (BLOCK- 4, 1ST FLOOR)",0,10,-,-,-,-,-,-,0,0,-,-,-,-,-,-,0,0,-,-,-,-,-,-,0,0,7716.00,4.00,27/02/2026,14/03/2026,84.00,CG LIFESTYLES LLP,7712,15,-,-,-,-,-,-,0,0,-,-,-,-,-,-,0,0,-,-,-,-,-,-,0,0,33,69,25,25,0,1065339.60,7800.00,1073139.60,139.08,0.00,-1073139.60,0
28,,03749/25-26,Demo-IB-UP-HS-3062-1125,Knits - Kids,C2 ltd,28/11/25,1.00,2510,2510,0,0,Yes,True,175700.00,,Suman Debnath,05/05/26,1,1,4,Yes,Yes,4,4,,2510,0,0,0,4,,,,1,,,0.066,1140.1,,,67212.55,2764,,,2510.00,2400.00,21/01/2026,19/02/2026,2400.00,"KNITS CUTTING (BLOCK- 4, 1ST FLOOR)",110,29,2400.00,2400.00,18/02/2026,21/02/2026,16800.00,LAXMI TABLE ADITI,0,3,-,-,-,-,-,-,0,0,2439.00,2440.00,19/02/2026,06/03/2026,26840.00,RUKSANA ENTERPRISE,0,15,-,-,-,-,-,-,0,0,-,-,-,-,-,-,0,0,2401.00,2401.00,16/03/2026,20/03/2026,2401.00,4TH FLOOR IRONING,0,4,2401.00,2387.00,16/03/2026,20/03/2026,2387.00,Bipula das (Asgar),14,4,33,12,58,55,3,71116.65,50828.00,121944.65,50.81,0.00,-121944.65,0
28,,03761/25-26,Demo-JG-UP-HS-3073-1125,Knits - Kids,C2 ltd,28/11/25,1.00,1510,1510,0,0,Yes,True,169120.00,,Suman Debnath,05/05/26,1,1,4,Yes,Yes,4,4,,1510,0,0,0,1574,,,,,,,0.081,424.98,,,49967.05,,,,1510.00,1520.00,18/02/2026,21/02/2026,1520.00,"KNITS CUTTING (BLOCK- 4, 1ST FLOOR)",0,3,1520.00,1520.00,20/02/2026,24/02/2026,15200.00,LAXMI TABLE ADITI,0,4,1520.00,1520.00,16/03/2026,06/04/2026,39520.00,RR DemoECTRONIC,0,21,1520.00,0.00,18/03/2026,-,-,"STORE, TAPARIA BLOCK 4 4TH FLOOR (L FIROZ)",1520,21,-,-,-,-,-,-,0,0,-,-,-,-,-,-,0,0,-,-,-,-,-,-,0,0,-,-,-,-,-,-,0,0,32,12,47,49,-2,50392.03,56240.00,106632.03,66.97,0.00,-106632.03,0
28,,03758/25-26,Demo-SG-UP-HS-3070-1125,Knits - Kids,C2 ltd,28/11/25,1.00,2500,2500,0,0,Yes,True,330000.00,,Suman Debnath,05/05/26,1,1,4,Yes,Yes,4,4,,2500,0,0,0,2,,,,,,,0.107,777.2,,,124052.82,,,,2500.00,2525.00,24/01/2026,23/02/2026,2525.00,"KNITS CUTTING (BLOCK- 4, 1ST FLOOR)",0,30,-,-,-,-,-,-,0,0,2525.00,2525.00,16/03/2026,06/04/2026,56812.50,RR DemoECTRONIC,0,21,2525.00,0.00,24/02/2026,-,-,"STORE, TAPARIA BLOCK 24 (L SUBRATA)",2525,43,-,-,-,-,-,-,0,0,-,-,-,-,-,-,0,0,-,-,-,-,-,-,0,0,-,-,-,-,-,-,0,0,32,12,72,94,-22,124830.02,59337.50,184167.52,71.14,0.00,-184167.52,0
28,,03767/25-26,Demo-SG-UP-HS-3079-1125,Knits - Kids,C2 ltd,28/11/25,1.00,3510,0,0,0,Yes,True,463320.00,,Suman Debnath,05/05/26,0,1,8,Yes,Yes,8,71,,3510,0,0,0,-,-,-,-,-,-,-,,-,-,-,-,-,-,-,-,-,-,-,-,-,-,-,-,-,-,-,-,-,-,-,-,-,-,-,-,-,-,-,-,-,-,-,-,-,-,-,-,-,-,-,-,-,-,-,-,-,-,-,-,-,-,-,-,-,-,-,-,-,-,-,-,-,-,-,-,-,-,-,0,12,0,0,0,0.00,0.00,0.00,,0.00,0,0
28,,03764/25-26,Demo-JG-UP-HS-3076-1125,Knits - Kids,C2 ltd,28/11/25,1.00,2110,2110,0,0,Yes,True,185680.00,,Suman Debnath,05/05/26,1,1,4,Yes,Yes,4,4,,2110,0,0,0,2,,,,,,,0.089,1508.3,,,77480.4,2037,,,2110.00,2040.00,20/01/2026,28/01/2026,2040.00,"KNITS CUTTING (BLOCK- 4, 1ST FLOOR)",70,8,2040.00,2040.00,29/01/2026,11/02/2026,15300.00,LOKNATH PRINTING,0,13,-,-,-,-,-,-,0,0,2040.00,2047.00,11/02/2026,26/02/2026,24564.00,TAPARIA BLOCK 24 (L SUBRATA),0,15,-,-,-,-,-,-,0,0,-,-,-,-,-,-,0,0,2047.00,2047.00,05/03/2026,07/03/2026,01/05/2354,4TH FLOOR IRONING,0,2,2047.00,2026.00,05/03/2026,12/03/2026,2026.00,Bipula das (Asgar),21,7,33,12,51,45,6,81025.70,46284.05,127309.75,62.41,0.00,-127309.75,0
28,,03770/25-26,Demo-IG-UP-HS-3082-1125,Knits - Kids,C2 ltd,28/11/25,1.00,2090,2090,0,0,Yes,True,146300.00,,Suman Debnath,05/05/26,1,1,4,Yes,Yes,4,4,,2090,0,0,0,,,,,1,,,0.071,1556.2,,,59800,2279,,,2090.00,2100.00,20/01/2026,22/01/2026,2100.00,"KNITS CUTTING (BLOCK- 4, 1ST FLOOR)",0,2,2100.00,2100.00,22/01/2026,02/02/2026,10500.00,SANJOY PAUL,0,11,-,-,-,-,-,-,0,0,2100.00,2096.00,05/02/2026,19/02/2026,20960.00,TAPARIA BLOCK 24 (L SUBRATA),4,14,-,-,-,-,-,-,0,0,-,-,-,-,-,-,0,0,2096.00,2096.00,21/02/2026,23/02/2026,2096.00,4TH FLOOR IRONING,0,2,2096.00,2077.00,21/02/2026,27/02/2026,2077.00,RAJ SARKAR (GARMENTS FINISHING CONTRACTOR),19,6,50,12,38,35,3,63635.20,37733.00,101368.20,48.27,0.00,-101368.20,0
28,,03778/25-26,Demo-IB-SET-SL-3090-1125,Knits - Kids,C2 ltd,28/11/25,1.00,2110,2110,0,0,Yes,True,242650.00,,Suman Debnath,05/05/26,1,2,4,Yes,Yes,4,4,,2110,0,0,0,32,,,,2,,,0.055,12365.6,,,116906.5,5175.4,,,4220.00,4240.00,03/02/2026,04/02/2026,4240.00,"KNITS CUTTING (BLOCK- 4, 1ST FLOOR)",0,1,4240.00,4240.00,04/02/2026,12/02/2026,31800.00,LAXMI MACHINE MANORANJAN,0,8,-,-,-,-,-,-,0,0,4240.00,4244.00,17/02/2026,10/03/2026,48098.67,RAJDEEP GARMENTS,0,21,-,-,-,-,-,-,0,0,-,-,-,-,-,-,0,0,4244.00,0.00,07/04/2026,-,-,JAMINUL MONDAL,4244,1,-,-,-,-,-,-,0,0,50,12,35,31,4,134447.50,72284.00,206731.50,91.35,0.00,-206731.50,0
-82,,03785/25-26,Demo-JB-WO-CA-SH-HS-RF-01036-1125,Woven,Style fashion,28/11/25,199.00,1000,1000,0,0,Yes,False,120000.00,,Ananya Ghosh,15/01/26,1,1,4,Yes,Yes,4,5,,1000,0,0,0,5,,,,,,,0.767,4123.2,,,,1759,,58211.25,1000.00,1012.00,10/12/2025,29/12/2025,1518.00,TIPL- LINE NO-7,0,19,-,-,-,-,-,-,0,0,-,-,-,-,-,-,0,0,1012.00,1012.00,16/12/2025,25/01/2026,33902.00,TIPL- LINE NO-7,0,40,-,-,-,-,-,-,0,0,1012.00,1012.00,27/01/2026,29/01/2026,6072.00,S.M.D WASH,0,2,1011.00,1011.00,29/01/2026,03/02/2026,2426.40,SHANKAR ENTERPRISE IN HOUSE,0,5,1008.00,1008.00,12/02/2026,16/02/2026,1512.00,MAMATA CREATION,0,4,5,7,68,70,-2,64093.45,45430.40,109523.85,108.23,0.00,-109523.85,0
-82,,03782/25-26,Demo-Demo-WO-CA-SH-HS-RF-01033-1125,Woven,Style fashion,28/11/25,249.00,1800,0,0,0,Yes,True,255600.00,,Ananya Ghosh,15/01/26,0,1,4,No,Yes,4,0,,1800,0,0,0,-,-,-,-,-,-,-,,-,-,-,-,-,-,-,-,-,-,-,-,-,-,-,-,-,-,-,-,-,-,-,-,-,-,-,-,-,-,-,-,-,-,-,-,-,-,-,-,-,-,-,-,-,-,-,-,-,-,-,-,-,-,-,-,-,-,-,-,-,-,-,-,-,-,-,-,-,-,-,0,7,0,0,0,0.00,0.00,0.00,,0.00,0,0
-97,,03944/25-26,GG_LADIES T-SHIRT,Others,g mart,01/12/25,199.00,5400,0,140000,2592.6,Yes,True,621000.00,16124832.00,RAKESH NAYAK,31/12/25,0,1,19,No,Yes,19,0,13/02/26,-134600,0,0,0,-,-,-,-,-,-,-,,-,-,-,-,-,-,-,-,-,-,-,-,-,-,-,-,-,-,-,-,-,-,-,-,-,-,-,-,-,-,-,-,-,-,-,-,-,-,-,-,-,-,-,-,-,-,-,-,-,-,-,-,-,-,-,-,-,-,-,-,-,-,-,-,-,-,-,-,-,-,-,0,19,0,0,0,0.00,0.00,0.00,109.00,0.00,16124832.00,0
53,,03811/25-26,Demo-JB-WO-CA-SH-HS-RF-01047-1225,Woven,Raju mega amrt,02/12/25,449.00,5000,0,0,0,Yes,True,1200000.00,,MD SAMIM SK,30/05/26,0,1,25,Yes,Yes,25,81,,5000,0,0,0,-,-,-,-,-,-,-,,-,-,-,-,-,-,-,-,-,-,-,-,-,-,-,-,-,-,-,-,-,-,-,-,-,-,-,-,-,-,-,-,-,-,-,-,-,-,-,-,-,-,-,-,-,-,-,-,-,-,-,-,-,-,-,-,-,-,-,-,-,-,-,-,-,-,-,-,-,-,-,0,27,0,0,0,0.00,0.00,0.00,,0.00,0,0
23,,03808/25-26,Demo-JB-WO-CA-SH-HS-RF-01044-1225,Woven,Raju mega amrt,02/12/25,299.00,7599,7599,0,0,Yes,True,1139850.00,,MD SAMIM SK,30/04/26,1,1,15,Yes,Yes,15,76,,7599,0,0,0,15600,,,,,,,0.572,12700,,,,,,245362.5,7599.00,6352.00,20/02/2026,24/03/2026,9528.00,TIPL- LINE NO-7,1247,32,-,-,-,-,-,-,0,0,-,-,-,-,-,-,0,0,6352.00,0.00,06/03/2026,-,-,TIPL- LINE NO-7,6352,33,-,-,-,-,-,-,0,0,-,-,-,-,-,-,0,0,-,-,-,-,-,-,0,0,-,-,-,-,-,-,0,0,78,22,32,65,-33,258062.50,9528.00,267590.50,42.13,0.00,-267590.50,0
13,,03814/25-26,SS-JB-UP-HS-3094-1125,Knits - Kids,Shpping lmtd,02/12/25,199.00,3510,3510,0,0,Yes,True,308880.00,,RIA PAUL,20/04/26,1,1,2,Yes,Yes,2,2,,3510,0,0,0,3,,,,1,,,0.096,6720.8,,,133425.19,6565,,,3510.00,3483.00,20/01/2026,22/01/2026,3483.00,"KNITS CUTTING (BLOCK- 4, 1ST FLOOR)",27,2,3483.00,3483.00,22/01/2026,03/02/2026,27864.00,LAXMI MACHINE MANORANJAN,0,12,-,-,-,-,-,-,0,0,3483.00,3483.00,10/02/2026,21/02/2026,28444.50,TAPARIA BLOCK 24 (L SUBRATA),0,11,-,-,-,-,-,-,0,0,-,-,-,-,-,-,0,0,3296.00,3296.00,07/03/2026,10/03/2026,3790.40,4TH FLOOR IRONING,0,3,5737.00,4926.00,07/03/2026,13/03/2026,4926.00,Bipula das (Asgar),811,6,43,31,52,34,18,146710.99,75267.40,221978.39,63.73,65.83,-221978.39,0
84,,03806/25-26,HO-IB-LW-HP-3105-1225,Knits - Kids,HOME2,02/12/25,60.00,9000,9000,4003,44.5,Yes,True,270000.00,223067.00,MALOTI RIKIASON,30/06/26,3,1,,No,No,,0,28/03/26,4997,4003,0,0,130,,,,1,,,0.042,23208.95,,,156364.4,3544,,,9000.00,9622.00,06/12/2025,06/12/2025,9622.00,"KNITS CUTTING (BLOCK- 4, 1ST FLOOR)",0,1,-,-,-,-,-,-,0,0,-,-,-,-,-,-,0,0,12583.00,12643.00,06/12/2025,22/12/2025,93242.13,"ARCHAIC APPARDemo (PINTU SHEE), HOSSAIN FASHION ( AJIBAR HOSSAIN ), SHIB ENTERPRISE (SHIB SHANKAR GAIN)",0,16,-,-,-,-,-,-,0,0,-,-,-,-,-,-,0,0,1500.00,1500.00,26/03/2026,27/03/2026,3600.00,JAMINUL MONDAL,0,1,3232.00,3232.00,12/02/2026,21/02/2026,1939.20,"BLOCK 4 3RD FLOOR BIKASH JI, JAMINUL MONDAL",0,9,0,0,111,27,84,183117.35,108367.70,291485.05,30.29,24.00,-68418.05,41.6
23,,03812/25-26,Demo-JB-WO-CA-SH-HS-RF-01048-1225,Woven,Raju mega amrt,02/12/25,449.00,5000,0,0,0,Yes,True,1200000.00,,MD SAMIM SK,30/04/26,0,1,25,Yes,Yes,25,81,,5000,0,0,0,-,-,-,-,-,-,-,,-,-,-,-,-,-,-,-,-,-,-,-,-,-,-,-,-,-,-,-,-,-,-,-,-,-,-,-,-,-,-,-,-,-,-,-,-,-,-,-,-,-,-,-,-,-,-,-,-,-,-,-,-,-,-,-,-,-,-,-,-,-,-,-,-,-,-,-,-,-,-,0,27,0,0,0,0.00,0.00,0.00,,0.00,0,0
38,,03817/25-26,SS-JB-UP-HS-3097-1125,Knits - Kids,Shpping lmtd,02/12/25,199.00,3510,3510,0,0,Yes,True,308880.00,,RIA PAUL,15/05/26,1,1,2,Yes,Yes,2,2,,3510,0,0,0,2,,,,2,,,0.098,7198.6,,,146518.08,4804,,,3510.00,3456.00,20/01/2026,24/01/2026,3456.00,"KNITS CUTTING (BLOCK- 4, 1ST FLOOR)",54,4,3456.00,3456.00,24/01/2026,31/01/2026,51840.00,LAXMI MACHINE MANORANJAN,0,7,-,-,-,-,-,-,0,0,3456.00,3456.00,03/02/2026,19/02/2026,38016.00,BLOCK 4 STICHING BAPI GAZI,0,16,-,-,-,-,-,-,0,0,-,-,-,-,-,-,0,0,3399.00,3318.00,25/02/2026,10/03/2026,01/10/9788,TIPL BLOCK 4 2ND FLOOR FINISHING ( MUNNA DA ),81,13,-,-,-,-,-,-,0,0,43,31,49,40,9,158520.68,103100.10,261620.78,75.70,65.83,-261620.78,0
13,,03820/25-26,SS-JB-UP-HS-3100-1125,Knits - Kids,Shpping lmtd,02/12/25,199.00,3047,3047,0,0,Yes,True,268136.00,,RIA PAUL,20/04/26,1,1,2,Yes,Yes,2,2,,3047,0,0,0,3,,,,2,,,0.098,6359.6,,,125167.98,4504,,,3047.00,2970.00,21/01/2026,07/02/2026,2970.00,"KNITS CUTTING (BLOCK- 4, 1ST FLOOR)",77,17,2970.00,2970.00,07/02/2026,12/02/2026,23760.00,LAXMI MACHINE MANORANJAN,0,5,-,-,-,-,-,-,0,0,2970.00,2978.00,11/02/2026,27/02/2026,32758.00,"BLOCK 4 STICHING BAPI GAZI, TAPARIA BLOCK 4 4TH FLOOR (L FIROZ)",0,16,-,-,-,-,-,-,0,0,-,-,-,-,-,-,0,0,2978.00,2929.00,28/02/2026,07/03/2026,6443.80,JAMINUL MONDAL,49,7,-,-,-,-,-,-,0,0,43,31,45,45,0,136031.58,65931.80,201963.38,65.31,65.83,-201963.38,0
84,,03810/25-26,Demo-JB-WO-CA-SH-HS-RF-01046-1225,Woven,Raju mega amrt,02/12/25,399.00,6800,0,0,0,Yes,True,1248480.00,,MD SAMIM SK,30/06/26,0,1,50,No,Yes,50,0,,6800,0,0,0,-,-,-,-,-,-,-,,-,-,-,-,-,-,-,-,-,-,-,-,-,-,-,-,-,-,-,-,-,-,-,-,-,-,-,-,-,-,-,-,-,-,-,-,-,-,-,-,-,-,-,-,-,-,-,-,-,-,-,-,-,-,-,-,-,-,-,-,-,-,-,-,-,-,-,-,-,-,-,0,50,0,0,0,0.00,0.00,0.00,,0.00,0,0
13,,03816/25-26,SS-Demo-UP-HS-3096-1125,Knits - Kids,Shpping lmtd,02/12/25,299.00,1800,1800,0,0,Yes,True,225000.00,,RIA PAUL,20/04/26,1,1,2,Yes,Yes,2,2,,1800,0,0,0,1,,,,1,,,0.158,3418.6,,,120250.45,3697,,,1800.00,1728.00,20/01/2026,11/02/2026,1728.00,"KNITS CUTTING (BLOCK- 4, 1ST FLOOR)",72,22,1728.00,1728.00,11/02/2026,10/03/2026,12096.00,LAXMI MACHINE MANORANJAN,0,27,-,-,-,-,-,-,0,0,1728.00,1720.00,14/02/2026,25/03/2026,20640.00,TAPARIA BLOCK 24 (L SUBRATA),8,39,-,-,-,-,-,-,0,0,-,-,-,-,-,-,0,0,1720.00,1720.00,28/03/2026,03/04/2026,2322.00,4TH FLOOR IRONING,0,6,1720.00,1678.00,28/03/2026,03/04/2026,1678.00,Bipula das (Asgar),42,6,43,31,73,100,-27,127366.05,38464.00,165830.05,91.51,97.32,-165830.05,0
13,,03819/25-26,SS-JB-UP-HS-3099-1125,Knits - Kids,Shpping lmtd,02/12/25,199.00,2502,2502,0,0,Yes,True,220176.00,,RIA PAUL,20/04/26,1,1,2,Yes,Yes,2,2,,2502,0,0,0,2,,,,,,,0.091,805.6,,,105817.8,,,,2502.00,2511.00,24/01/2026,28/01/2026,2511.00,"KNITS CUTTING (BLOCK- 4, 1ST FLOOR)",0,4,2511.00,2511.00,28/01/2026,31/01/2026,17577.00,LAXMI MACHINE MANORANJAN,0,3,-,-,-,-,-,-,0,0,2511.00,2511.00,31/01/2026,10/02/2026,30132.00,TAPARIA BLOCK 24 (L SUBRATA),0,10,-,-,-,-,-,-,0,0,-,-,-,-,-,-,0,0,-,-,-,-,-,-,0,0,-,-,-,-,-,-,0,0,43,31,17,17,0,106623.40,50220.00,156843.40,56.61,65.83,-156843.40,0
13,,03813/25-26,SS-JB-UP-HS-3093-1125,Knits - Kids,Shpping lmtd,02/12/25,0.00,3510,3510,0,0,Yes,True,308880.00,,RIA PAUL,20/04/26,1,1,2,Yes,Yes,2,2,,3510,0,0,0,3,,,,1,,,0.094,7360.8,,,139512.5,5391,,,3510.00,3510.00,20/01/2026,24/01/2026,3510.00,"KNITS CUTTING (BLOCK- 4, 1ST FLOOR)",0,4,3510.00,3510.00,24/01/2026,09/03/2026,52650.00,LAXMI MACHINE MANORANJAN,0,44,-,-,-,-,-,-,0,0,3510.00,3510.00,14/02/2026,24/03/2026,40365.00,TAPARIA BLOCK 24 (L SUBRATA),0,38,-,-,-,-,-,-,0,0,-,-,-,-,-,-,0,0,3470.00,3470.00,25/03/2026,26/03/2026,3990.50,4TH FLOOR IRONING,0,1,3470.00,3460.00,25/03/2026,27/03/2026,3460.00,RAJ SARKAR (GARMENTS FINISHING CONTRACTOR),10,2,43,31,66,89,-23,152264.30,102261.50,254525.80,71.52,65.83,-254525.80,0
13,,03821/25-26,SS-JB-UP-HS-3101-1125,Knits - Kids,Shpping lmtd,02/12/25,199.00,2500,2500,0,0,Yes,True,220000.00,,RIA PAUL,20/04/26,1,1,2,Yes,Yes,2,2,,2500,0,0,0,2,,,,1,,,0.1,4952.8,,,105125.17,3490,,,2500.00,2376.00,22/01/2026,07/02/2026,2376.00,"KNITS CUTTING (BLOCK- 4, 1ST FLOOR)",124,16,2421.00,2421.00,07/02/2026,17/02/2026,12105.00,LAXMI MACHINE MANORANJAN,0,10,-,-,-,-,-,-,0,0,2376.00,2407.00,20/02/2026,02/03/2026,27680.50,BLOCK 4 STICHING BAPI GAZI,0,10,-,-,-,-,-,-,0,0,-,-,-,-,-,-,0,0,4644.00,4635.00,07/03/2026,13/03/2026,8111.25,JAMINUL MONDAL,9,6,-,-,-,-,-,-,0,0,43,31,50,42,8,113567.97,63712.90,177280.87,74.61,65.83,-177280.87,0
23,,03815/25-26,SS-Demo-UP-HS-3095-1125,Knits - Kids,Shpping lmtd,02/12/25,299.00,1800,1800,0,0,Yes,True,225000.00,,RIA PAUL,30/04/26,1,1,2,Yes,Yes,2,2,,1800,0,0,0,1,,,,2,,,0.167,3435.28,,,103498.8,2970,,,1800.00,1584.00,24/01/2026,04/02/2026,1584.00,"KNITS CUTTING (BLOCK- 4, 1ST FLOOR)",216,11,1584.00,1584.00,04/02/2026,12/02/2026,11088.00,LAXMI MACHINE MANORANJAN,0,8,-,-,-,-,-,-,0,0,1584.00,1594.00,12/02/2026,25/02/2026,17534.00,BLOCK 4 STICHING BAPI GAZI,0,13,-,-,-,-,-,-,0,0,-,-,-,-,-,-,0,0,1594.00,1594.00,25/02/2026,27/02/2026,2151.90,4TH FLOOR IRONING,0,2,1594.00,1549.00,25/02/2026,28/02/2026,1549.00,RAJ SARKAR (GARMENTS FINISHING CONTRACTOR),45,3,43,31,35,37,-2,109904.08,33906.90,143810.98,90.79,97.32,-143810.98,0
-61,,03823/25-26,FU-Demo-WO-CA-SH-HS-RF-01049-1125,Woven,Bihar fashion,03/12/25,349.00,256,256,0,0,Yes,True,52480.00,,Ananya Ghosh,05/02/26,1,1,0,Yes,No,0,0,,256,0,0,0,532,,,,302,,,0.768,514,,,,603,,39300,256.00,256.00,02/02/2026,26/02/2026,384.00,TIPL- LINE NO-6,0,24,-,-,-,-,-,-,0,0,-,-,-,-,-,-,0,0,256.00,256.00,06/02/2026,13/03/2026,8576.00,TIPL- LINE NO-6,0,35,-,-,-,-,-,-,0,0,-,-,-,-,-,-,0,0,254.00,0.00,28/03/2026,-,-,PAPAI GARMENTS,254,11,-,-,-,-,-,-,0,0,0,0,39,70,-31,40417.00,8960.00,49377.00,192.88,0.00,-49377.00,0
53,,03843/25-26,Demo-Demo-WO-CA-SH-HS-RF-01053-1225,Woven,Raju mega amrt,04/12/25,419.00,3900,3900,0,0,Yes,True,877500.00,,MD SAMIM SK,30/05/26,1,1,13,Yes,Yes,13,13,,3900,0,0,0,12226,,,,,,,0.817,11520,,,,,,373472.47,3900.00,3412.00,16/03/2026,06/04/2026,5118.00,TIPL- LINE NO-9,488,21,-,-,-,-,-,-,0,0,-,-,-,-,-,-,0,0,3412.00,0.00,18/03/2026,-,-,TIPL- LINE NO-9,3412,21,-,-,-,-,-,-,0,0,-,-,-,-,-,-,0,0,-,-,-,-,-,-,0,0,-,-,-,-,-,-,0,0,100,91,21,42,-21,384992.47,5118.00,390110.47,114.33,0.00,-390110.47,0
53,,03847/25-26,Demo-Demo-WO-CA-SH-HS-RF-01056-1225,Woven,Raju mega amrt,04/12/25,319.00,3900,3900,0,0,Yes,True,682500.00,,MD SAMIM SK,30/05/26,1,1,40,Yes,Yes,40,40,,3900,0,0,0,11730,,,,,,,,7210.5,,,,,,351000,3900.00,0.00,11/03/2026,-,-,SAHIN GARMENTS,3900,28,-,-,-,-,-,-,0,0,-,-,-,-,-,-,0,0,-,-,-,-,-,-,0,0,-,-,-,-,-,-,0,0,-,-,-,-,-,-,0,0,-,-,-,-,-,-,0,0,-,-,-,-,-,-,0,0,96,104,0,28,-28,358210.50,0.00,358210.50,91.85,0.00,-358210.50,0
23,,03842/25-26,Demo-Demo-WO-CA-SH-HS-RF-01052-1225,Woven,Raju mega amrt,04/12/25,419.00,3900,3900,3400,87.2,Yes,True,877500.00,751400.00,MD SAMIM SK,30/04/26,1,1,13,Yes,Yes,13,13,07/04/26,500,3400,0,0,10426,280,,,1424,,,0.816,12108,14315,,,3886,,373338.46,3900.00,3416.00,05/03/2026,06/03/2026,4270.00,DILIP,484,1,-,-,-,-,-,-,0,0,-,-,-,-,-,-,0,0,3416.00,3416.00,06/03/2026,07/04/2026,102480.00,TIPL- LINE NO-1,0,32,-,-,-,-,-,-,0,0,3411.00,3411.00,19/03/2026,25/03/2026,20466.00,S.M.D WASH,0,6,3402.00,3402.00,27/03/2026,02/04/2026,10886.40,AWANTIKA ENTERPRISES,0,6,-,-,-,-,-,-,0,0,79,91,33,45,-12,403647.46,138102.40,541749.86,158.59,0.00,209650.14,99.5
53,,03846/25-26,Demo-Demo-WO-CA-SH-HS-RF-01055-1225,Woven,Raju mega amrt,04/12/25,419.00,3900,3900,0,0,Yes,True,877500.00,,MD SAMIM SK,30/05/26,1,1,13,Yes,Yes,13,13,,3900,0,0,0,12126,,,,,,,0.828,11784,,,,,,368929.53,3900.00,3324.00,26/02/2026,06/03/2026,4986.00,TIPL- LINE NO-4,576,8,-,-,-,-,-,-,0,0,-,-,-,-,-,-,0,0,3324.00,3324.00,02/03/2026,05/04/2026,111354.00,TIPL- LINE NO-4,0,34,-,-,-,-,-,-,0,0,3319.00,3319.00,06/04/2026,07/04/2026,19914.00,RAZA WASHING PROCESS,0,1,-,-,-,-,-,-,0,0,-,-,-,-,-,-,0,0,83,91,40,43,-3,380713.53,136254.00,516967.53,155.53,0.00,-516967.53,0
53,,03845/25-26,Demo-Demo-WO-CA-SH-HS-RF-01054-1225,Woven,Raju mega amrt,04/12/25,419.00,3900,3900,0,0,Yes,True,877500.00,,MD SAMIM SK,30/05/26,1,1,13,Yes,Yes,13,13,,3900,0,0,0,16146,,,,,,,,14760,,,,,,370430.44,3900.00,0.00,16/03/2026,-,-,TIPL- LINE NO-9,3900,23,-,-,-,-,-,-,0,0,-,-,-,-,-,-,0,0,-,-,-,-,-,-,0,0,-,-,-,-,-,-,0,0,-,-,-,-,-,-,0,0,-,-,-,-,-,-,0,0,-,-,-,-,-,-,0,0,100,91,0,23,-23,385190.44,0.00,385190.44,98.77,0.00,-385190.44,0
53,,03848/25-26,Demo-Demo-WO-CA-SH-HS-RF-01057-1225,Woven,Raju mega amrt,04/12/25,319.00,3900,3900,0,0,Yes,True,682500.00,,MD SAMIM SK,30/05/26,1,1,40,Yes,Yes,40,40,,3900,0,0,0,11730,,,,,,,1.06,6817.5,,,,,,351250,3900.00,2652.00,11/03/2026,06/04/2026,3978.00,TIPL- LINE NO-4,1248,26,-,-,-,-,-,-,0,0,-,-,-,-,-,-,0,0,2052.00,0.00,20/03/2026,-,-,TIPL- LINE NO-4,2052,19,-,-,-,-,-,-,0,0,-,-,-,-,-,-,0,0,-,-,-,-,-,-,0,0,-,-,-,-,-,-,0,0,96,104,26,45,-19,358067.50,3978.00,362045.50,136.52,0.00,-362045.50,0
-7,,03862/25-26,Demo-IB-UP-HS-3123-1225,Knits - Kids,C2 ltd,09/12/25,1.00,3000,3000,0,0,Yes,True,255000.00,,Suman Debnath,31/03/26,1,1,-3,No,Yes,-3,0,,3000,0,0,0,3,,,,,,,0.091,914.4,,,104693.5,,,,3000.00,3044.00,10/03/2026,16/03/2026,3044.00,"KNITS CUTTING (BLOCK- 4, 1ST FLOOR)",0,6,3044.00,3044.00,16/03/2026,19/03/2026,18264.00,LAXMI TABLE ADITI,0,3,-,-,-,-,-,-,0,0,3044.00,0.00,18/03/2026,-,-,TAPARIA BLOCK 4 4TH FLOOR (L FIROZ),3044,21,-,-,-,-,-,-,0,0,-,-,-,-,-,-,0,0,-,-,-,-,-,-,0,0,-,-,-,-,-,-,0,0,0,35,9,30,-21,105607.90,21308.00,126915.90,41.69,0.00,-126915.90,0
74,,03870/25-26,Demo-MU-KN-CA-TS-HS-SF-0009-1225,Knits - Men,market lmtd,10/12/25,299.00,3101,3101,0,0,Yes,True,551978.00,,Saikat Kr Das,20/06/26,1,1,9,Yes,Yes,9,9,,3101,0,0,0,9351,,,,,,,,28549.05,,,341873.6,,,,3101.00,0.00,28/03/2026,-,-,BUMBLE BEE GARMENTS PVT. LTD.,3101,11,-,-,-,-,-,-,0,0,-,-,-,-,-,-,0,0,-,-,-,-,-,-,0,0,-,-,-,-,-,-,0,0,-,-,-,-,-,-,0,0,-,-,-,-,-,-,0,0,-,-,-,-,-,-,0,0,108,58,0,11,-11,370422.65,0.00,370422.65,119.45,153.51,-370422.65,0
74,,03873/25-26,Demo-MU-KN-CA-TS-HS-SF-0012-1225,Knits - Men,market lmtd,10/12/25,299.00,3101,3101,0,0,Yes,True,551978.00,,Saikat Kr Das,20/06/26,1,1,9,Yes,Yes,9,9,,3101,0,0,0,9351,,,,,,,,23036.55,,,444198.2,,,,3101.00,0.00,28/03/2026,-,-,BUMBLE BEE GARMENTS PVT. LTD.,3101,11,-,-,-,-,-,-,0,0,-,-,-,-,-,-,0,0,-,-,-,-,-,-,0,0,-,-,-,-,-,-,0,0,-,-,-,-,-,-,0,0,-,-,-,-,-,-,0,0,-,-,-,-,-,-,0,0,108,58,0,11,-11,467234.75,0.00,467234.75,150.67,167.51,-467234.75,0
74,,03869/25-26,Demo-MU-KN-CA-TS-HS-SF-0008-1225,Knits - Men,market lmtd,10/12/25,299.00,2883,3101,0,0,Yes,True,513174.00,,Saikat Kr Das,20/06/26,1,1,9,Yes,Yes,9,9,,2883,0,0,0,9351,,,,,,,,25399.05,,,368731.05,,,,3101.00,0.00,28/03/2026,-,-,BUMBLE BEE GARMENTS PVT. LTD.,3101,11,-,-,-,-,-,-,0,0,-,-,-,-,-,-,0,0,-,-,-,-,-,-,0,0,-,-,-,-,-,-,0,0,-,-,-,-,-,-,0,0,-,-,-,-,-,-,0,0,-,-,-,-,-,-,0,0,108,58,0,11,-11,394130.10,0.00,394130.10,127.10,153.51,-394130.10,0
74,,03872/25-26,Demo-MU-KN-CA-TS-HS-SF-0011-1225,Knits - Men,market lmtd,10/12/25,299.00,3101,3101,0,0,Yes,True,551978.00,,Saikat Kr Das,20/06/26,1,1,9,Yes,Yes,9,9,,3101,0,0,0,9351,,,,,,,,19099.05,,,440111.25,,,,3101.00,0.00,28/03/2026,-,-,BUMBLE BEE GARMENTS PVT. LTD.,3101,11,-,-,-,-,-,-,0,0,-,-,-,-,-,-,0,0,-,-,-,-,-,-,0,0,-,-,-,-,-,-,0,0,-,-,-,-,-,-,0,0,-,-,-,-,-,-,0,0,-,-,-,-,-,-,0,0,108,58,0,11,-11,459210.30,0.00,459210.30,148.08,167.51,-459210.30,0
74,,03871/25-26,Demo-MU-KN-CA-TS-HS-SF-0010-1225,Knits - Men,market lmtd,10/12/25,299.00,3101,3101,0,0,Yes,True,551978.00,,Saikat Kr Das,20/06/26,1,1,9,Yes,Yes,9,9,,3101,0,0,0,9351,,,,,,,,31699.05,,,371639.8,,,,3101.00,0.00,28/03/2026,-,-,BUMBLE BEE GARMENTS PVT. LTD.,3101,11,-,-,-,-,-,-,0,0,-,-,-,-,-,-,0,0,-,-,-,-,-,-,0,0,-,-,-,-,-,-,0,0,-,-,-,-,-,-,0,0,-,-,-,-,-,-,0,0,-,-,-,-,-,-,0,0,108,58,0,11,-11,403338.85,0.00,403338.85,130.07,153.51,-403338.85,0
74,,03874/25-26,Demo-MU-KN-CA-TS-HS-SF-0013-1225,Knits - Men,market lmtd,10/12/25,299.00,3101,3101,0,0,Yes,True,551978.00,,Saikat Kr Das,20/06/26,1,1,9,Yes,Yes,9,9,,3101,0,0,0,9351,,,,,,,,19099.05,,,440376.5,,,,3101.00,0.00,28/03/2026,-,-,BUMBLE BEE GARMENTS PVT. LTD.,3101,11,-,-,-,-,-,-,0,0,-,-,-,-,-,-,0,0,-,-,-,-,-,-,0,0,-,-,-,-,-,-,0,0,-,-,-,-,-,-,0,0,-,-,-,-,-,-,0,0,-,-,-,-,-,-,0,0,108,58,0,11,-11,459475.55,0.00,459475.55,148.17,167.51,-459475.55,0
23,,03878/25-26,Demo-JB-WO-CA-SH-HS-RF-01065-1225,Woven,Raju mega amrt,11/12/25,199.00,8000,8000,0,0,Yes,True,896000.00,,MD SAMIM SK,30/04/26,1,1,4,Yes,Yes,4,4,,8000,0,0,0,24440,,,,2654,,,0.504,13164,,,,7258,,303489.5,8000.00,7248.00,02/03/2026,09/03/2026,10872.00,TIPL- LINE NO-8,752,7,-,-,-,-,-,-,0,0,-,-,-,-,-,-,0,0,7248.00,7248.00,05/03/2026,31/03/2026,242808.00,TIPL- LINE NO-8,0,26,-,-,-,-,-,-,0,0,-,-,-,-,-,-,0,0,7233.00,0.00,01/04/2026,-,-,"AWANTIKA ENTERPRISES, SHANKAR ENTERPRISE IN HOUSE",7233,7,-,-,-,-,-,-,0,0,78,50,29,40,-11,323911.50,253680.00,577591.50,79.69,0.00,-577591.50,0
8,,03890/25-26,IN-JB-WO-CA-SH-HS-RF-01074-1225,Woven,Shpping lmtd,11/12/25,399.00,1800,0,0,0,Yes,True,291600.00,,Md Shahzada,15/04/26,0,1,1,Yes,Yes,1,1,,1800,0,0,0,-,-,-,-,-,-,-,,-,-,-,-,-,-,-,-,-,-,-,-,-,-,-,-,-,-,-,-,-,-,-,-,-,-,-,-,-,-,-,-,-,-,-,-,-,-,-,-,-,-,-,-,-,-,-,-,-,-,-,-,-,-,-,-,-,-,-,-,-,-,-,-,-,-,-,-,-,-,-,0,43,0,0,0,0.00,0.00,0.00,,0.00,0,0
-7,,03886/25-26,Demo-MU-KN-CA-TS-HS-RF-0544-0825,Knits - Men,Primart,11/12/25,249.00,480,0,0,0,Yes,False,60000.00,,Priya Das Chowdhury,31/03/26,0,1,-82,Yes,No,-82,-82,,480,0,0,0,-,-,-,-,-,-,-,,-,-,-,-,-,-,-,-,-,-,-,-,-,-,-,-,-,-,-,-,-,-,-,-,-,-,-,-,-,-,-,-,-,-,-,-,-,-,-,-,-,-,-,-,-,-,-,-,-,-,-,-,-,-,-,-,-,-,-,-,-,-,-,-,-,-,-,-,-,-,-,-21,0,0,0,0,0.00,0.00,0.00,,0.00,0,0
8,,03887/25-26,IN-JB-WO-CA-SH-HS-RF-01071-1225,Woven,Shpping lmtd,11/12/25,399.00,1800,1800,0,0,Yes,True,291600.00,,Md Shahzada,15/04/26,1,1,1,Yes,Yes,1,1,,1800,0,0,0,1800,50,,,,,,0.608,3624,2045,,,,,111690,1800.00,1800.00,20/03/2026,06/04/2026,2700.00,TIPL- LINE NO-4,0,17,-,-,-,-,-,-,0,0,-,-,-,-,-,-,0,0,1800.00,1800.00,30/03/2026,07/04/2026,60300.00,TIPL- LINE NO-4,0,8,-,-,-,-,-,-,0,0,-,-,-,-,-,-,0,0,-,-,-,-,-,-,0,0,-,-,-,-,-,-,0,0,92,43,18,25,-7,117359.00,63000.00,180359.00,100.20,0.00,-180359.00,0
8,,03888/25-26,IN-JB-WO-CA-SH-HS-RF-01072-1225,Woven,Shpping lmtd,11/12/25,399.00,1800,1800,0,0,Yes,True,291600.00,,Md Shahzada,15/04/26,1,1,8,Yes,Yes,8,8,,1800,0,0,0,,,,,,,1213.75,,,,,,,,139581.25,1800.00,0.00,13/02/2026,-,-,TIPL- LINE NO-8,1800,54,-,-,-,-,-,-,0,0,-,-,-,-,-,-,0,0,-,-,-,-,-,-,0,0,-,-,-,-,-,-,0,0,-,-,-,-,-,-,0,0,-,-,-,-,-,-,0,0,-,-,-,-,-,-,0,0,55,43,0,54,-54,139581.25,0.00,139581.25,77.55,0.00,-139581.25,0
8,,03889/25-26,IN-JB-WO-CA-SH-HS-RF-01073-1225,Woven,Shpping lmtd,11/12/25,399.00,1800,1800,0,0,Yes,True,291600.00,,Md Shahzada,15/04/26,1,1,8,Yes,Yes,8,8,,1800,0,0,0,,,,,,,1238.5,,,,,,,,142427.5,1800.00,0.00,13/02/2026,-,-,TIPL- LINE NO-8,1800,54,-,-,-,-,-,-,0,0,-,-,-,-,-,-,0,0,-,-,-,-,-,-,0,0,-,-,-,-,-,-,0,0,-,-,-,-,-,-,0,0,-,-,-,-,-,-,0,0,-,-,-,-,-,-,0,0,51,43,0,54,-54,142427.50,0.00,142427.50,79.13,0.00,-142427.50,0
-7,,03885/25-26,Demo-MU-KN-CA-TS-HS-RF-0543-0825,Knits - Men,Primart,11/12/25,249.00,480,0,0,0,Yes,False,60000.00,,Priya Das Chowdhury,31/03/26,0,1,-82,Yes,No,-82,-82,,480,0,0,0,-,-,-,-,-,-,-,,-,-,-,-,-,-,-,-,-,-,-,-,-,-,-,-,-,-,-,-,-,-,-,-,-,-,-,-,-,-,-,-,-,-,-,-,-,-,-,-,-,-,-,-,-,-,-,-,-,-,-,-,-,-,-,-,-,-,-,-,-,-,-,-,-,-,-,-,-,-,-,-21,0,0,0,0,0.00,0.00,0.00,,0.00,0,0
8,,03892/25-26,IN-JB-WO-CA-SH-HS-RF-01076-1225,Woven,Shpping lmtd,11/12/25,399.00,1800,1800,0,0,Yes,True,291600.00,,Md Shahzada,15/04/26,1,1,1,Yes,Yes,1,1,,1800,0,0,0,1800,,,,,,,0.681,3624,,,,,,126888,1800.00,1827.00,20/03/2026,06/04/2026,2740.50,TIPL- LINE NO-4,0,17,-,-,-,-,-,-,0,0,-,-,-,-,-,-,0,0,1827.00,0.00,30/03/2026,-,-,TIPL- LINE NO-4,1827,9,-,-,-,-,-,-,0,0,-,-,-,-,-,-,0,0,-,-,-,-,-,-,0,0,-,-,-,-,-,-,0,0,92,43,17,26,-9,130512.00,2740.50,133252.50,72.94,0.00,-133252.50,0
53,,03877/25-26,Demo-JB-WO-CA-SH-HS-RF-01064-1225,Woven,Raju mega amrt,11/12/25,149.00,8000,8000,0,0,Yes,True,824000.00,,MD SAMIM SK,30/05/26,1,1,4,Yes,Yes,4,4,,8000,0,0,0,16240,,,,,,,0.476,19368,,,,,,299422.5,8000.00,7576.00,05/03/2026,11/03/2026,11364.00,TIPL- LINE NO-9,424,6,-,-,-,-,-,-,0,0,-,-,-,-,-,-,0,0,7576.00,4037.00,06/03/2026,03/04/2026,135239.50,TIPL- LINE NO-9,3539,28,-,-,-,-,-,-,0,0,-,-,-,-,-,-,0,0,-,-,-,-,-,-,0,0,-,-,-,-,-,-,0,0,78,50,29,34,-5,318790.50,146603.50,465394.00,61.43,0.00,-465394.00,0
-7,,03884/25-26,Demo-MU-KN-CA-TS-HS-RF-0542-0825,Knits - Men,Primart,11/12/25,249.00,480,0,0,0,Yes,False,60000.00,,Priya Das Chowdhury,31/03/26,0,1,-82,Yes,No,-82,-82,,480,0,0,0,-,-,-,-,-,-,-,,-,-,-,-,-,-,-,-,-,-,-,-,-,-,-,-,-,-,-,-,-,-,-,-,-,-,-,-,-,-,-,-,-,-,-,-,-,-,-,-,-,-,-,-,-,-,-,-,-,-,-,-,-,-,-,-,-,-,-,-,-,-,-,-,-,-,-,-,-,-,-,-21,0,0,0,0,0.00,0.00,0.00,,0.00,0,0
8,,03891/25-26,IN-JB-WO-CA-SH-HS-RF-01075-1225,Woven,Shpping lmtd,11/12/25,399.00,1800,1800,0,0,Yes,True,291600.00,,Md Shahzada,15/04/26,1,1,8,Yes,Yes,8,8,,1800,0,0,0,,,,,,,1205.5,,,,,,,,138632.5,1800.00,0.00,13/02/2026,-,-,TIPL- LINE NO-8,1800,54,-,-,-,-,-,-,0,0,-,-,-,-,-,-,0,0,-,-,-,-,-,-,0,0,-,-,-,-,-,-,0,0,-,-,-,-,-,-,0,0,-,-,-,-,-,-,0,0,-,-,-,-,-,-,0,0,51,43,0,54,-54,138632.50,0.00,138632.50,77.02,0.00,-138632.50,0
23,,03880/25-26,Demo-JB-WO-CA-SH-HS-RF-01067-1225,Woven,Raju mega amrt,11/12/25,199.00,8000,8000,0,0,Yes,True,896000.00,,MD SAMIM SK,30/04/26,1,1,4,Yes,Yes,4,4,,8000,0,0,0,24240,,,,,,,,23808,,,,,,302560,8000.00,0.00,16/03/2026,-,-,SAHIN GARMENTS,8000,23,-,-,-,-,-,-,0,0,-,-,-,-,-,-,0,0,-,-,-,-,-,-,0,0,-,-,-,-,-,-,0,0,-,-,-,-,-,-,0,0,-,-,-,-,-,-,0,0,-,-,-,-,-,-,0,0,93,50,0,23,-23,326368.00,0.00,326368.00,40.80,0.00,-326368.00,0
53,,03893/25-26,Demo-JB-WO-CA-SH-HS-RF-01077-1225,Woven,Raju mega amrt,12/12/25,149.00,8000,0,0,0,Yes,True,824000.00,,MD SAMIM SK,30/05/26,0,1,3,Yes,Yes,3,3,,8000,0,0,0,-,-,-,-,-,-,-,,-,-,-,-,-,-,-,-,-,-,-,-,-,-,-,-,-,-,-,-,-,-,-,-,-,-,-,-,-,-,-,-,-,-,-,-,-,-,-,-,-,-,-,-,-,-,-,-,-,-,-,-,-,-,-,-,-,-,-,-,-,-,-,-,-,-,-,-,-,-,-,0,49,0,0,0,0.00,0.00,0.00,,0.00,0,0
23,,03896/25-26,Demo-JB-WO-CA-SH-HS-RF-01080-1225,Woven,Raju mega amrt,12/12/25,199.00,6000,6000,0,0,Yes,True,672000.00,,MD SAMIM SK,30/04/26,1,1,3,Yes,Yes,3,3,,6000,0,0,0,18360,,,,,,,0.62,16920.2,,,,,,297380,6000.00,6000.00,05/02/2026,04/03/2026,9000.00,TIPL- LINE NO-9,0,27,-,-,-,-,-,-,0,0,-,-,-,-,-,-,0,0,6000.00,6000.00,11/02/2026,01/04/2026,201000.00,TIPL- LINE NO-9,0,49,-,-,-,-,-,-,0,0,-,-,-,-,-,-,0,0,-,-,-,-,-,-,0,0,-,-,-,-,-,-,0,0,49,49,55,76,-21,314300.20,210000.00,524300.20,87.38,0.00,-524300.20,0
-51,,03897/25-26,DemoM-MU-KN-PLO-TS-HS-0015-1225,Knits - Men,Raju mega amrt,12/12/25,299.00,22002,22002,0,0,Yes,True,4026366.00,,Saikat Kr Das,15/02/26,1,1,17,Yes,Yes,17,17,,22002,0,0,0,,241,,,5372,,,0.302,,27556,,2728917.6,30050,,,32002.00,22512.00,09/03/2026,10/03/2026,22512.00,"KNITS CUTTING (BLOCK- 4, 1ST FLOOR), TAPARIA KHILKAPUR ( LAXMI GARMENTS )",9490,1,-,-,-,-,-,-,0,0,-,-,-,-,-,-,0,0,22511.00,16214.00,10/03/2026,16/03/2026,406396.06,"BANKE BIHARI GARMENTS, BLOCK 4 STICHING BAPI GAZI, TAPARIA  BLOCK 4, 2ND FLOOR,( ANIL )",6297,6,-,-,-,-,-,-,0,0,-,-,-,-,-,-,0,0,10680.00,0.00,01/04/2026,-,-,TIPL BLOCK 4 2ND FLOOR FINISHING ( MUNNA DA ),10680,7,-,-,-,-,-,-,0,0,78,56,7,14,-7,2786523.60,429017.00,3215540.60,142.85,0.00,-3215540.60,0
23,,03898/25-26,DemoM-MU-KN-PLO-TS-HS-0014-1225,Knits - Men,Raju mega amrt,12/12/25,299.00,22002,22002,14000,63.6,Yes,True,4026366.00,2534000.00,Saikat Kr Das,30/04/26,1,2,1,Yes,Yes,1,1,24/02/26,8002,14000,0,0,6,,,,18,,,0.268,16136.72,,,2153574,32557.6,,,22002.00,19548.00,10/01/2026,12/01/2026,19548.00,"CG LIFESTYLES LLP, KNITS CUTTING (BLOCK- 4, 1ST FLOOR)",2454,2,-,-,-,-,-,-,0,0,-,-,-,-,-,-,0,0,11256.00,11213.00,12/01/2026,09/02/2026,310600.10,"BANKE BIHARI GARMENTS, CG LIFESTYLES LLP, SS GARMENTS",43,28,8268.00,8346.00,15/01/2026,19/02/2026,328748.94,CG LIFESTYLES LLP,0,35,-,-,-,-,-,-,0,0,13710.00,13396.00,10/02/2026,23/02/2026,40188.00,"PURUSOTTOM 4TH BLOCK 2ND FLOOR, SUDIPTO BANERJEE, TIPL BLOCK 4 2ND FLOOR FINISHING ( MUNNA DA )",314,13,-,-,-,-,-,-,0,0,29,34,44,78,-34,2202268.32,707857.60,2910125.92,148.86,159.49,-376125.92,71.6
-7,,03918/25-26,PM-MU-KN-HS-TS-OS-0019-1225,Knits - Men,Primart,17/12/25,299.00,320,320,0,0,Yes,True,59200.00,,Priya Das Chowdhury,31/03/26,1,1,1,Yes,Yes,1,1,,320,0,0,0,702,,,,,,,0.421,1584,,,43065.53,,,,320.00,240.00,14/02/2026,14/02/2026,240.00,"KNITS CUTTING (BLOCK- 4, 1ST FLOOR)",80,1,-,-,-,-,-,-,0,0,-,-,-,-,-,-,0,0,480.00,240.00,24/02/2026,07/04/2026,300.00,"AYSHA ENTERPRISE (SAFIKUL ISLAM), TAPARIA BLOCK 4 4TH FLOOR (L FIROZ)",240,42,-,-,-,-,-,-,0,0,-,-,-,-,-,-,0,0,-,-,-,-,-,-,0,0,-,-,-,-,-,-,0,0,45,56,52,43,9,44649.53,540.00,45189.53,188.29,7.62,-45189.53,0
-33,,03913/25-26,Demo-MU-KN-CA-TS-SL-SF-0047-1225,Knits - Men,Style fashion,17/12/25,199.00,3600,3600,3351,93.1,Yes,False,428400.00,395007.00,Saikat Kr Das,05/03/26,1,1,1,Yes,Yes,1,1,28/03/26,249,3351,0,0,3,,,,,,,0.17,3087,,,246158.4,2040,,,3600.00,3438.00,12/02/2026,25/02/2026,3438.00,TAPARIA KHILKAPUR ( LAXMI GARMENTS ),162,13,3438.00,3438.00,21/02/2026,26/02/2026,27504.00,LAXMI MACHINE MANORANJAN,0,5,-,-,-,-,-,-,0,0,3438.00,3430.00,23/02/2026,13/03/2026,30361.85,TAPARIA BLOCK 4 4TH FLOOR (L FIROZ),8,18,-,-,-,-,-,-,0,0,-,-,-,-,-,-,0,0,3294.00,3294.00,13/03/2026,25/03/2026,9882.00,TIPL BLOCK 4 2ND FLOOR FINISHING ( MUNNA DA ),0,12,-,-,-,-,-,-,0,0,57,48,41,48,-7,251285.40,74025.00,325310.40,94.62,116.33,69696.60,97.5
-7,,03921/25-26,FUP-MU-KN-HS-TS-OS-0022-1225,Knits - Men,Bihar fashion,17/12/25,299.00,240,240,0,0,Yes,True,44400.00,,Priya Das Chowdhury,31/03/26,1,1,1,Yes,Yes,1,1,,240,0,0,0,790,,,,,,,0.34,1673.4,,,23682.5,,,,240.00,240.00,10/02/2026,10/02/2026,240.00,"KNITS CUTTING (BLOCK- 4, 1ST FLOOR)",0,1,-,-,-,-,-,-,0,0,-,-,-,-,-,-,0,0,480.00,480.00,10/02/2026,07/04/2026,3900.00,"AYSHA ENTERPRISE (SAFIKUL ISLAM), TAPARIA BLOCK 4 4TH FLOOR (L FIROZ)",0,56,-,-,-,-,-,-,0,0,-,-,-,-,-,-,0,0,-,-,-,-,-,-,0,0,-,-,-,-,-,-,0,0,45,56,56,57,-1,25355.90,4140.00,29495.90,122.90,0.00,-29495.90,0
-7,,03915/25-26,PM-MU-KN-HS-TS-OS-0016-1225,Knits - Men,Primart,17/12/25,299.00,320,320,0,0,Yes,True,59200.00,,Priya Das Chowdhury,31/03/26,1,1,1,Yes,Yes,1,1,,320,0,0,0,998,,,,,,,0.344,1915,,,32000,,,,320.00,320.00,14/02/2026,14/02/2026,320.00,"KNITS CUTTING (BLOCK- 4, 1ST FLOOR)",0,1,-,-,-,-,-,-,0,0,-,-,-,-,-,-,0,0,320.00,320.00,24/02/2026,11/03/2026,4800.00,TAPARIA BLOCK 4 4TH FLOOR (L FIROZ),0,15,-,-,-,-,-,-,0,0,-,-,-,-,-,-,0,0,-,-,-,-,-,-,0,0,-,-,-,-,-,-,0,0,45,56,25,16,9,33915.00,5120.00,39035.00,121.98,184.14,-39035.00,0
-7,,03922/25-26,FUP-MU-KN-HS-TS-OS-0023-1225,Knits - Men,Bihar fashion,17/12/25,299.00,240,240,0,0,Yes,True,44400.00,,Priya Das Chowdhury,31/03/26,1,1,1,Yes,Yes,1,1,,240,0,0,0,480,,,,,,,0.34,278.4,,,24015,,,,240.00,240.00,10/02/2026,10/02/2026,240.00,"KNITS CUTTING (BLOCK- 4, 1ST FLOOR)",0,1,-,-,-,-,-,-,0,0,-,-,-,-,-,-,0,0,240.00,240.00,10/02/2026,12/03/2026,3600.00,TAPARIA BLOCK 4 4TH FLOOR (L FIROZ),0,30,-,-,-,-,-,-,0,0,-,-,-,-,-,-,0,0,-,-,-,-,-,-,0,0,-,-,-,-,-,-,0,0,45,56,30,31,-1,24293.40,3840.00,28133.40,117.22,0.00,-28133.40,0
-92,,03908/25-26,FU-Demo-WO-CA-SH-FS-RF-01081-1225,Woven,Bihar fashion,17/12/25,399.00,520,520,0,0,Yes,True,119600.00,,Ananya Ghosh,05/01/26,1,1,0,Yes,No,0,0,,520,0,0,0,1100,,,,,,,0.98,1324.4,,,,,,59224.2,520.00,512.00,18/12/2025,27/01/2026,768.00,TIPL- LINE NO-3,8,40,-,-,-,-,-,-,0,0,-,-,-,-,-,-,0,0,512.00,512.00,24/01/2026,06/04/2026,20736.00,TIPL- LINE NO-3,0,72,-,-,-,-,-,-,0,0,508.00,0.00,06/04/2026,-,-,RAZA WASHING PROCESS,508,2,-,-,-,-,-,-,0,0,-,-,-,-,-,-,0,0,0,0,109,114,-5,60548.60,21504.00,82052.60,160.26,0.00,-82052.60,0
-7,,03916/25-26,PM-MU-KN-HS-TS-OS-0017-1225,Knits - Men,Primart,17/12/25,299.00,320,320,0,0,Yes,True,59200.00,,Priya Das Chowdhury,31/03/26,1,1,1,Yes,Yes,1,1,,320,0,0,0,1303,25,,,,,,0.347,3287.5,2900,,32760,,,,320.00,320.00,14/02/2026,14/02/2026,320.00,"KNITS CUTTING (BLOCK- 4, 1ST FLOOR)",0,1,-,-,-,-,-,-,0,0,-,-,-,-,-,-,0,0,620.00,300.00,22/02/2026,07/04/2026,375.00,"AYSHA ENTERPRISE (SAFIKUL ISLAM), BLOCK 4 STICHING BAPI GAZI, TAPARIA BLOCK 4 4TH FLOOR (L FIROZ)",320,44,-,-,-,-,-,-,0,0,-,-,-,-,-,-,0,0,-,-,-,-,-,-,0,0,-,-,-,-,-,-,0,0,45,56,52,45,7,38947.50,695.00,39642.50,123.88,7.62,-39642.50,0
-7,,03919/25-26,PM-MU-KN-HS-TS-OS-0020-1225,Knits - Men,Primart,17/12/25,299.00,320,320,0,0,Yes,True,59200.00,,Priya Das Chowdhury,31/03/26,1,1,1,Yes,Yes,1,1,,320,0,0,0,862,,,,,,,0.295,1676.8,,,40176.69,,,,320.00,320.00,14/02/2026,14/02/2026,320.00,"KNITS CUTTING (BLOCK- 4, 1ST FLOOR)",0,1,-,-,-,-,-,-,0,0,-,-,-,-,-,-,0,0,620.00,300.00,24/02/2026,07/04/2026,375.00,"AYSHA ENTERPRISE (SAFIKUL ISLAM), TAPARIA BLOCK 4 4TH FLOOR (L FIROZ)",320,42,-,-,-,-,-,-,0,0,-,-,-,-,-,-,0,0,-,-,-,-,-,-,0,0,-,-,-,-,-,-,0,0,45,56,52,43,9,41853.49,695.00,42548.49,132.96,7.62,-42548.49,0
-7,,03923/25-26,FUP-MU-KN-HS-TS-OS-0024-1225,Knits - Men,Bihar fashion,17/12/25,299.00,240,240,0,0,Yes,True,44400.00,,Priya Das Chowdhury,31/03/26,1,1,1,Yes,Yes,1,1,,240,0,0,0,740,,,,,,,0.34,1448.4,,,33668.06,,,,240.00,240.00,10/02/2026,10/02/2026,240.00,"KNITS CUTTING (BLOCK- 4, 1ST FLOOR)",0,1,-,-,-,-,-,-,0,0,-,-,-,-,-,-,0,0,480.00,240.00,10/02/2026,07/04/2026,300.00,"AYSHA ENTERPRISE (SAFIKUL ISLAM), TAPARIA BLOCK 4 4TH FLOOR (L FIROZ)",240,56,-,-,-,-,-,-,0,0,-,-,-,-,-,-,0,0,-,-,-,-,-,-,0,0,-,-,-,-,-,-,0,0,45,56,56,57,-1,35116.46,540.00,35656.46,148.57,0.00,-35656.46,0
-7,,03920/25-26,FUP-MU-KN-HS-TS-OS-0021-1225,Knits - Men,Bihar fashion,17/12/25,299.00,240,240,0,0,Yes,True,44400.00,,Priya Das Chowdhury,31/03/26,1,1,1,Yes,Yes,1,1,,240,0,0,0,2,,,,,,,0.34,5303.9,,,32736.5,540,,,240.00,240.00,10/02/2026,10/02/2026,240.00,"KNITS CUTTING (BLOCK- 4, 1ST FLOOR)",0,1,-,-,-,-,-,-,0,0,-,-,-,-,-,-,0,0,240.00,240.00,10/02/2026,11/03/2026,3600.00,TAPARIA BLOCK 4 4TH FLOOR (L FIROZ),0,29,-,-,-,-,-,-,0,0,-,-,-,-,-,-,0,0,238.00,185.00,26/03/2026,03/04/2026,647.50,JAMINUL MONDAL,53,8,-,-,-,-,-,-,0,0,45,56,52,38,14,38580.40,4487.50,43067.90,179.45,0.00,-43067.90,0
-7,,03917/25-26,PM-MU-KN-HS-TS-OS-0018-1225,Knits - Men,Primart,17/12/25,299.00,320,320,0,0,Yes,True,59200.00,,Priya Das Chowdhury,31/03/26,1,1,1,Yes,Yes,1,1,,320,0,0,0,958,,,,,,,0.353,1735,,,46776.64,,,,320.00,320.00,14/02/2026,14/02/2026,320.00,"KNITS CUTTING (BLOCK- 4, 1ST FLOOR)",0,1,-,-,-,-,-,-,0,0,-,-,-,-,-,-,0,0,620.00,300.00,24/02/2026,07/04/2026,375.00,"AYSHA ENTERPRISE (SAFIKUL ISLAM), TAPARIA BLOCK 4 4TH FLOOR (L FIROZ)",320,42,-,-,-,-,-,-,0,0,-,-,-,-,-,-,0,0,-,-,-,-,-,-,0,0,-,-,-,-,-,-,0,0,45,56,52,43,9,48511.64,695.00,49206.64,153.77,7.62,-49206.64,0
-7,,03914/25-26,PM-MU-KN-HS-TS-OS-0006-1225,Knits - Men,Primart,17/12/25,299.00,320,320,0,0,Yes,True,59200.00,,Priya Das Chowdhury,31/03/26,1,1,1,Yes,Yes,1,1,,320,0,0,0,918,,,,,,,0.35,1555,,,44995,,,,320.00,320.00,14/02/2026,14/02/2026,320.00,"KNITS CUTTING (BLOCK- 4, 1ST FLOOR)",0,1,-,-,-,-,-,-,0,0,-,-,-,-,-,-,0,0,620.00,300.00,24/02/2026,07/04/2026,375.00,"AYSHA ENTERPRISE (SAFIKUL ISLAM), TAPARIA BLOCK 4 4TH FLOOR (L FIROZ)",320,42,-,-,-,-,-,-,0,0,-,-,-,-,-,-,0,0,-,-,-,-,-,-,0,0,-,-,-,-,-,-,0,0,45,56,52,43,9,46550.00,695.00,47245.00,147.64,177.81,-47245.00,0
-7,,03927/25-26,Demo-MU-KN-HS-TS-OS-0028-1225,Knits - Men,HOME2,18/12/25,349.00,270,270,0,0,Yes,True,52650.00,,Priya Das Chowdhury,31/03/26,1,1,0,Yes,Yes,0,0,,270,0,0,0,903,,,,,,,0.34,1666,,,26882.5,,,,270.00,272.00,07/02/2026,07/02/2026,272.00,"KNITS CUTTING (BLOCK- 4, 1ST FLOOR)",0,1,-,-,-,-,-,-,0,0,-,-,-,-,-,-,0,0,542.00,270.00,11/02/2026,28/03/2026,337.50,"AYSHA ENTERPRISE (SAFIKUL ISLAM), TAPARIA BLOCK 4 4TH FLOOR (L FIROZ)",272,45,-,-,-,-,-,-,0,0,-,-,-,-,-,-,0,0,-,-,-,-,-,-,0,0,-,-,-,-,-,-,0,0,44,55,49,46,3,28548.50,609.50,29158.00,107.20,0.00,-29158.00,0
-7,,03935/25-26,Demo-MU-KN-HS-TS-OS-0036-1225,Knits - Men,bata,18/12/25,299.00,240,240,0,0,Yes,True,44400.00,,Priya Das Chowdhury,31/03/26,1,1,0,Yes,Yes,0,0,,240,0,0,0,750,,,,,,,0.242,1415,,,17658.3,,,,240.00,240.00,25/02/2026,25/02/2026,240.00,"KNITS CUTTING (BLOCK- 4, 1ST FLOOR)",0,1,-,-,-,-,-,-,0,0,-,-,-,-,-,-,0,0,240.00,249.00,26/02/2026,11/03/2026,3735.00,BLOCK 4 STICHING BAPI GAZI,0,13,-,-,-,-,-,-,0,0,-,-,-,-,-,-,0,0,244.00,0.00,25/03/2026,-,-,TIPL BLOCK 4 2ND FLOOR FINISHING ( MUNNA DA ),244,14,-,-,-,-,-,-,0,0,44,55,14,28,-14,19073.30,3975.00,23048.30,96.03,0.00,-23048.30,0
-7,,03924/25-26,FUP-MU-KN-HS-TS-OS-0025-1225,Knits - Men,Bihar fashion,18/12/25,299.00,240,240,0,0,Yes,True,44400.00,,Priya Das Chowdhury,31/03/26,1,1,0,Yes,Yes,0,0,,240,0,0,0,740,,,,,,,0.34,1448.4,,,34811.74,,,,240.00,240.00,10/02/2026,10/02/2026,240.00,"KNITS CUTTING (BLOCK- 4, 1ST FLOOR)",0,1,-,-,-,-,-,-,0,0,-,-,-,-,-,-,0,0,240.00,240.00,10/02/2026,11/03/2026,3600.00,TAPARIA BLOCK 4 4TH FLOOR (L FIROZ),0,29,-,-,-,-,-,-,0,0,-,-,-,-,-,-,0,0,240.00,237.00,26/03/2026,03/04/2026,829.50,JAMINUL MONDAL,3,8,-,-,-,-,-,-,0,0,44,55,52,38,14,36260.14,4669.50,40929.64,170.54,0.00,-40929.64,0
-7,,03930/25-26,Demo-MU-KN-HS-TS-OS-0031-1225,Knits - Men,HOME2,18/12/25,349.00,270,270,0,0,Yes,True,52650.00,,Priya Das Chowdhury,31/03/26,1,1,0,Yes,Yes,0,0,,270,0,0,0,903,,,,,,,0.342,1666,,,39723.62,,,,270.00,272.00,07/02/2026,07/02/2026,272.00,"KNITS CUTTING (BLOCK- 4, 1ST FLOOR)",0,1,-,-,-,-,-,-,0,0,-,-,-,-,-,-,0,0,542.00,270.00,11/02/2026,07/04/2026,337.50,"AYSHA ENTERPRISE (SAFIKUL ISLAM), TAPARIA BLOCK 4 4TH FLOOR (L FIROZ)",272,55,-,-,-,-,-,-,0,0,-,-,-,-,-,-,0,0,-,-,-,-,-,-,0,0,-,-,-,-,-,-,0,0,44,55,59,56,3,41389.62,609.50,41999.12,154.41,0.00,-41999.12,0
-7,,03933/25-26,Demo-MU-KN-HS-TS-OS-0034-1225,Knits - Men,bata,18/12/25,299.00,240,240,0,0,Yes,True,44400.00,,Priya Das Chowdhury,31/03/26,1,1,0,Yes,Yes,0,0,,240,0,0,0,660,,,,,,,0.351,1010,,,15796.75,,,,240.00,152.00,25/02/2026,25/02/2026,152.00,"KNITS CUTTING (BLOCK- 4, 1ST FLOOR)",88,1,-,-,-,-,-,-,0,0,-,-,-,-,-,-,0,0,152.00,156.00,26/02/2026,12/03/2026,2340.00,BLOCK 4 STICHING BAPI GAZI,0,14,-,-,-,-,-,-,0,0,-,-,-,-,-,-,0,0,150.00,0.00,25/03/2026,-,-,TIPL BLOCK 4 2ND FLOOR FINISHING ( MUNNA DA ),150,14,-,-,-,-,-,-,0,0,44,55,15,29,-14,16806.75,2492.00,19298.75,126.97,0.00,-19298.75,0
-7,,03929/25-26,Demo-MU-KN-HS-TS-OS-0030-1225,Knits - Men,HOME2,18/12/25,349.00,270,270,0,0,Yes,True,52650.00,,Priya Das Chowdhury,31/03/26,1,1,0,Yes,Yes,0,0,,270,0,0,0,903,,,,,,,0.342,1666,,,38419.28,,,,270.00,272.00,07/02/2026,07/02/2026,272.00,"KNITS CUTTING (BLOCK- 4, 1ST FLOOR)",0,1,-,-,-,-,-,-,0,0,-,-,-,-,-,-,0,0,542.00,270.00,11/02/2026,07/04/2026,337.50,"AYSHA ENTERPRISE (SAFIKUL ISLAM), TAPARIA BLOCK 4 4TH FLOOR (L FIROZ)",272,55,-,-,-,-,-,-,0,0,-,-,-,-,-,-,0,0,-,-,-,-,-,-,0,0,-,-,-,-,-,-,0,0,44,55,59,56,3,40085.28,609.50,40694.78,149.61,0.00,-40694.78,0
-7,,03926/25-26,Demo-MU-KN-HS-TS-OS-0027-1225,Knits - Men,HOME2,18/12/25,349.00,270,270,0,0,Yes,True,52650.00,,Priya Das Chowdhury,31/03/26,1,1,0,Yes,Yes,0,0,,270,0,0,0,1123,,,,,,,0.342,2656,,,37356,,,,270.00,272.00,07/02/2026,07/02/2026,272.00,"KNITS CUTTING (BLOCK- 4, 1ST FLOOR)",0,1,-,-,-,-,-,-,0,0,-,-,-,-,-,-,0,0,542.00,270.00,11/02/2026,28/03/2026,337.50,"AYSHA ENTERPRISE (SAFIKUL ISLAM), TAPARIA BLOCK 4 4TH FLOOR (L FIROZ)",272,45,-,-,-,-,-,-,0,0,-,-,-,-,-,-,0,0,-,-,-,-,-,-,0,0,-,-,-,-,-,-,0,0,44,55,49,46,3,40012.00,609.50,40621.50,149.34,0.00,-40621.50,0
-7,,03932/25-26,Demo-MU-KN-HS-TS-OS-0033-1225,Knits - Men,bata,18/12/25,299.00,240,240,0,0,Yes,True,44400.00,,Priya Das Chowdhury,31/03/26,1,1,0,Yes,Yes,0,0,,240,0,0,0,5,,,,2,,,0.356,3057.5,,,33189.56,2754,,,240.00,232.00,25/02/2026,25/02/2026,232.00,"KNITS CUTTING (BLOCK- 4, 1ST FLOOR)",8,1,-,-,-,-,-,-,0,0,-,-,-,-,-,-,0,0,232.00,234.00,26/02/2026,12/03/2026,3510.00,BLOCK 4 STICHING BAPI GAZI,0,14,-,-,-,-,-,-,0,0,-,-,-,-,-,-,0,0,220.00,0.00,25/03/2026,-,-,TIPL BLOCK 4 2ND FLOOR FINISHING ( MUNNA DA ),220,14,-,-,-,-,-,-,0,0,44,55,15,29,-14,39001.06,3742.00,42743.06,184.24,0.00,-42743.06,0
-7,,03925/25-26,FUP-MU-KN-HS-TS-OS-0026-1225,Knits - Men,Bihar fashion,18/12/25,299.00,240,240,0,0,Yes,True,44400.00,,Priya Das Chowdhury,31/03/26,1,1,0,Yes,Yes,0,0,,240,0,0,0,2160,,,,,,,0.34,3268,,,34793.46,,,,240.00,240.00,10/02/2026,10/02/2026,240.00,"KNITS CUTTING (BLOCK- 4, 1ST FLOOR)",0,1,-,-,-,-,-,-,0,0,-,-,-,-,-,-,0,0,240.00,240.00,10/02/2026,11/03/2026,3600.00,TAPARIA BLOCK 4 4TH FLOOR (L FIROZ),0,29,-,-,-,-,-,-,0,0,-,-,-,-,-,-,0,0,240.00,242.00,26/03/2026,03/04/2026,847.00,JAMINUL MONDAL,0,8,-,-,-,-,-,-,0,0,44,55,52,38,14,38061.46,4687.00,42748.46,178.12,0.00,-42748.46,0
-7,,03928/25-26,Demo-MU-KN-HS-TS-OS-0029-1225,Knits - Men,HOME2,18/12/25,349.00,270,270,0,0,Yes,True,52650.00,,Priya Das Chowdhury,31/03/26,1,1,0,Yes,Yes,0,0,,270,0,0,0,903,,,,,,,0.342,1666,,,27405,,,,270.00,272.00,07/02/2026,07/02/2026,272.00,"KNITS CUTTING (BLOCK- 4, 1ST FLOOR)",0,1,-,-,-,-,-,-,0,0,-,-,-,-,-,-,0,0,542.00,542.00,11/02/2026,28/03/2026,4403.75,"AYSHA ENTERPRISE (SAFIKUL ISLAM), TAPARIA BLOCK 4 4TH FLOOR (L FIROZ)",0,45,-,-,-,-,-,-,0,0,-,-,-,-,-,-,0,0,-,-,-,-,-,-,0,0,-,-,-,-,-,-,0,0,44,55,49,46,3,29071.00,4689.50,33760.50,124.12,0.00,-33760.50,0
-7,,03931/25-26,Demo-MU-KN-HS-TS-OS-0032-1225,Knits - Men,HOME2,18/12/25,349.00,270,270,0,0,Yes,True,52650.00,,Priya Das Chowdhury,31/03/26,1,1,0,Yes,Yes,0,0,,270,0,0,0,903,,,,,,,0.342,1666,,,39702.73,,,,270.00,272.00,07/02/2026,07/02/2026,272.00,"KNITS CUTTING (BLOCK- 4, 1ST FLOOR)",0,1,-,-,-,-,-,-,0,0,-,-,-,-,-,-,0,0,542.00,270.00,11/02/2026,07/04/2026,337.50,"AYSHA ENTERPRISE (SAFIKUL ISLAM), TAPARIA BLOCK 4 4TH FLOOR (L FIROZ)",272,55,-,-,-,-,-,-,0,0,-,-,-,-,-,-,0,0,-,-,-,-,-,-,0,0,-,-,-,-,-,-,0,0,44,55,59,56,3,41368.73,609.50,41978.23,154.33,0.00,-41978.23,0
-7,,03934/25-26,Demo-MU-KN-HS-TS-OS-0035-1225,Knits - Men,bata,18/12/25,299.00,240,240,0,0,Yes,True,44400.00,,Priya Das Chowdhury,31/03/26,1,1,0,Yes,Yes,0,0,,240,0,0,0,750,5,,,,,,0.26,1415,580,,25874.45,,,,240.00,240.00,25/02/2026,25/02/2026,240.00,"KNITS CUTTING (BLOCK- 4, 1ST FLOOR)",0,1,-,-,-,-,-,-,0,0,-,-,-,-,-,-,0,0,240.00,240.00,26/02/2026,12/03/2026,3600.00,BLOCK 4 STICHING BAPI GAZI,0,14,-,-,-,-,-,-,0,0,-,-,-,-,-,-,0,0,227.00,0.00,25/03/2026,-,-,TIPL BLOCK 4 2ND FLOOR FINISHING ( MUNNA DA ),227,14,-,-,-,-,-,-,0,0,44,55,15,29,-14,27869.45,3840.00,31709.45,132.12,0.00,-31709.45,0
8,,03946/25-26,EB-JB-UP-HS-3137-1225,Knits - Kids,intrn lmtd,20/12/25,199.00,4000,3850,1116,27.9,Yes,True,372000.00,103788.00,SAYANTANI NANDI,15/04/26,1,1,27,Yes,Yes,27,27,24/03/26,2884,1116,0,0,,,,,1,,,0.288,480,,,119220.6,2146,,,3850.00,1152.00,06/03/2026,16/03/2026,1152.00,"KNITS CUTTING (BLOCK- 4, 1ST FLOOR)",2698,10,1152.00,1152.00,10/03/2026,16/03/2026,9216.00,LAXMI TABLE ADITI,0,6,-,-,-,-,-,-,0,0,1152.00,1155.00,16/03/2026,19/03/2026,10626.00,"TAPARIA BLOCK 24 (L SUBRATA), TAPARIA BLOCK 4 4TH FLOOR (L FIROZ)",0,3,-,-,-,-,-,-,0,0,-,-,-,-,-,-,0,0,1135.00,1135.00,23/03/2026,25/03/2026,1305.25,4TH FLOOR IRONING,0,2,1155.00,1123.00,23/03/2026,25/03/2026,1123.00,RAJ SARKAR (GARMENTS FINISHING CONTRACTOR),32,2,65,77,19,23,-4,121846.60,26078.75,147925.35,128.41,0.00,-44137.35,96.9
8,,03945/25-26,EB-JB-UP-HS-3136-1225,Knits - Kids,intrn lmtd,20/12/25,199.00,3843,3843,3832,99.7,Yes,True,357399.00,356376.00,SAYANTANI NANDI,15/04/26,1,1,33,Yes,Yes,33,33,24/03/26,11,3832,0,0,1,,,,2,,,0.084,2968,,,155809.2,6345,,,3843.00,3855.00,11/03/2026,11/03/2026,3855.00,"KNITS CUTTING (BLOCK- 4, 1ST FLOOR)",0,1,-,-,-,-,-,-,0,0,-,-,-,-,-,-,0,0,3855.00,3863.00,11/03/2026,16/03/2026,42493.00,TAPARIA BLOCK 4 4TH FLOOR (L FIROZ),0,5,-,-,-,-,-,-,0,0,-,-,-,-,-,-,0,0,3863.00,3832.00,17/03/2026,19/03/2026,8430.40,JAMINUL MONDAL,31,2,-,-,-,-,-,-,0,0,79,77,8,8,0,165122.20,54778.40,219900.60,52.68,0.00,136475.40,99.4
28,,03952/25-26,Demo-JB-UP-HS-3030-1125,Knits - Kids,C2 ltd,23/12/25,1.00,2002,0,0,0,Yes,True,270270.00,,Suman Debnath,05/05/26,0,1,14,Yes,Yes,14,14,,2002,0,0,0,-,-,-,-,-,-,-,,-,-,-,-,-,-,-,-,-,-,-,-,-,-,-,-,-,-,-,-,-,-,-,-,-,-,-,-,-,-,-,-,-,-,-,-,-,-,-,-,-,-,-,-,-,-,-,-,-,-,-,-,-,-,-,-,-,-,-,-,-,-,-,-,-,-,-,-,-,-,-,67,76,0,0,0,0.00,0.00,0.00,,97.82,0,0
28,,03967/25-26,Demo-Demo-UP-HS-3052-1125,Knits - Kids,C2 ltd,23/12/25,1.00,1000,1000,0,0,Yes,True,185000.00,,Arpita Hazra,05/05/26,1,1,15,Yes,Yes,15,15,,1000,0,0,0,,,,216.2,,,,,,,,96209,,,,1000.00,0.00,03/04/2026,-,-,"KNITS CUTTING (BLOCK- 4, 1ST FLOOR)",1000,5,-,-,-,-,-,-,0,0,-,-,-,-,-,-,0,0,-,-,-,-,-,-,0,0,-,-,-,-,-,-,0,0,-,-,-,-,-,-,0,0,-,-,-,-,-,-,0,0,-,-,-,-,-,-,0,0,67,76,0,5,-5,96209.00,0.00,96209.00,96.21,0.00,-96209.00,0
28,,03970/25-26,Demo-JB-UP-HS-3055-1125,Knits - Kids,C2 ltd,23/12/25,1.00,2002,2002,0,0,Yes,True,216216.00,,Suman Debnath,05/05/26,1,1,53,Yes,Yes,53,53,,2002,0,0,0,-,-,-,-,-,-,-,,-,-,-,-,-,-,-,-,-,-,-,-,-,-,-,-,-,-,-,-,-,-,-,-,-,-,-,-,-,-,-,-,-,-,-,-,-,-,-,-,-,-,-,-,-,-,-,-,-,-,-,-,-,-,-,-,-,-,-,-,-,-,-,-,-,-,-,-,-,-,-,90,76,0,0,0,0.00,0.00,0.00,,0.00,0,0
28,,03949/25-26,Demo-JB-UP-HS-3034-1125,Knits - Kids,C2 ltd,23/12/25,0.00,1001,1001,0,0,Yes,True,87087.00,,Suman Debnath,05/05/26,1,1,15,Yes,Yes,15,15,,1001,0,0,0,1,,,,,,,0.079,328.2,,,33923.25,,,,1001.00,1008.00,28/02/2026,02/03/2026,1008.00,"KNITS CUTTING (BLOCK- 4, 1ST FLOOR)",0,2,1008.00,1008.00,05/03/2026,27/03/2026,7056.00,LAXMI MACHINE MANORANJAN,0,22,-,-,-,-,-,-,0,0,1008.00,0.00,18/03/2026,-,-,"STORE, SUMITRA TEXTILE",1008,21,-,-,-,-,-,-,0,0,-,-,-,-,-,-,0,0,-,-,-,-,-,-,0,0,-,-,-,-,-,-,0,0,29,76,27,45,-18,34251.45,8064.00,42315.45,41.98,58.80,-42315.45,0
28,,03955/25-26,Demo-Demo-UP-HS-3039-1125,Knits - Kids,C2 ltd,23/12/25,1.00,1500,1500,0,0,Yes,True,169500.00,,Suman Debnath,05/05/26,1,1,15,Yes,Yes,15,15,,1500,0,0,0,1600,,,,,,,0.14,419.2,,,109737.5,,,,1500.00,1515.00,16/03/2026,18/03/2026,1515.00,"KNITS CUTTING (BLOCK- 4, 1ST FLOOR)",0,2,1515.00,1515.00,18/03/2026,27/03/2026,10605.00,LAXMI MACHINE MANORANJAN,0,9,-,-,-,-,-,-,0,0,1515.00,0.00,19/03/2026,-,-,"RUKSANA ENTERPRISE, STORE",1515,20,-,-,-,-,-,-,0,0,-,-,-,-,-,-,0,0,-,-,-,-,-,-,0,0,-,-,-,-,-,-,0,0,29,76,11,31,-20,110156.70,12120.00,122276.70,72.16,80.44,-122276.70,0
28,,03968/25-26,Demo-JB-UP-HS-3053-1125,Knits - Kids,C2 ltd,23/12/25,1.00,1505,0,0,0,Yes,True,173075.00,,Arpita Hazra,05/05/26,0,1,42,Yes,Yes,42,42,,1505,0,0,0,-,-,-,-,-,-,-,,-,-,-,-,-,-,-,-,-,-,-,-,-,-,-,-,-,-,-,-,-,-,-,-,-,-,-,-,-,-,-,-,-,-,-,-,-,-,-,-,-,-,-,-,-,-,-,-,-,-,-,-,-,-,-,-,-,-,-,-,-,-,-,-,-,-,-,-,-,-,-,98,76,0,0,0,0.00,0.00,0.00,,83.98,0,0
28,,03950/25-26,Demo-Demo-UP-HS-3035-1125,Knits - Kids,C2 ltd,23/12/25,0.00,2500,2500,0,0,Yes,True,282500.00,,Suman Debnath,05/05/26,1,1,15,Yes,Yes,15,15,,2500,0,0,0,2,,,,,,,0.138,697.55,,,156986,,,,2500.00,2500.00,28/02/2026,06/03/2026,2500.00,"KNITS CUTTING (BLOCK- 4, 1ST FLOOR)",0,6,2500.00,2500.00,06/03/2026,27/03/2026,20000.00,LAXMI MACHINE MANORANJAN,0,21,-,-,-,-,-,-,0,0,2500.00,0.00,06/03/2026,-,-,"MM Textiles, STORE",2500,33,-,-,-,-,-,-,0,0,-,-,-,-,-,-,0,0,-,-,-,-,-,-,0,0,-,-,-,-,-,-,0,0,29,76,27,60,-33,157683.55,22500.00,180183.55,70.25,80.44,-180183.55,0
-2,,03958/25-26,Demo-JB-UP-HS-3042-1125,Knits - Kids,C2 ltd,23/12/25,1.00,1505,1505,0,0,Yes,True,158025.00,,Arpita Hazra,05/04/26,1,1,15,Yes,Yes,15,15,,1505,0,0,0,1,,,,1,,,0.132,5715.1,,,58788,1479,,,1505.00,1106.00,10/03/2026,12/03/2026,1106.00,"KNITS CUTTING (BLOCK- 4, 1ST FLOOR)",399,2,-,-,-,-,-,-,0,0,-,-,-,-,-,-,0,0,1106.00,1108.00,17/03/2026,28/03/2026,12188.00,TAPARIA BLOCK 4 4TH FLOOR (L FIROZ),0,11,-,-,-,-,-,-,0,0,-,-,-,-,-,-,0,0,1089.00,1089.00,30/03/2026,03/04/2026,1252.35,4TH FLOOR IRONING,0,4,1089.00,1090.00,30/03/2026,03/04/2026,1090.00,Bipula das (Asgar),0,4,57,76,24,21,3,65982.10,15636.35,81618.45,65.21,0.00,-81618.45,0
-2,,03965/25-26,Demo-Demo-UP-HS-3049-1125,Knits - Kids,C2 ltd,23/12/25,1.00,1500,1500,0,0,Yes,True,300000.00,,Arpita Hazra,05/04/26,1,1,14,Yes,Yes,14,14,,1500,0,0,0,1,,,,,,,,468.75,,,104655.53,,,,1500.00,0.00,14/03/2026,-,-,"KNITS CUTTING (BLOCK- 4, 1ST FLOOR)",1500,25,1530.00,0.00,18/03/2026,-,-,BASUKI PRINT,1530,21,-,-,-,-,-,-,0,0,-,-,-,-,-,-,0,0,-,-,-,-,-,-,0,0,-,-,-,-,-,-,0,0,-,-,-,-,-,-,0,0,-,-,-,-,-,-,0,0,66,76,0,46,-46,105124.28,0.00,105124.28,70.08,144.69,-105124.28,0
28,,03971/25-26,Demo-Demo-UP-HS-3056-1125,Knits - Kids,C2 ltd,23/12/25,1.00,2000,2000,0,0,Yes,True,260000.00,,Suman Debnath,05/05/26,1,1,53,Yes,Yes,53,53,,2000,0,0,0,-,-,-,-,-,-,-,,-,-,-,-,-,-,-,-,-,-,-,-,-,-,-,-,-,-,-,-,-,-,-,-,-,-,-,-,-,-,-,-,-,-,-,-,-,-,-,-,-,-,-,-,-,-,-,-,-,-,-,-,-,-,-,-,-,-,-,-,-,-,-,-,-,-,-,-,-,-,-,90,76,0,0,0,0.00,0.00,0.00,,0.00,0,0
28,,03954/25-26,Demo-Demo-UP-HS-3037-1125,Knits - Kids,C2 ltd,23/12/25,1.00,2500,0,0,0,Yes,True,282500.00,,Suman Debnath,05/05/26,0,1,55,No,Yes,55,0,,2500,0,0,0,-,-,-,-,-,-,-,,-,-,-,-,-,-,-,-,-,-,-,-,-,-,-,-,-,-,-,-,-,-,-,-,-,-,-,-,-,-,-,-,-,-,-,-,-,-,-,-,-,-,-,-,-,-,-,-,-,-,-,-,-,-,-,-,-,-,-,-,-,-,-,-,-,-,-,-,-,-,-,0,76,0,0,0,0.00,0.00,0.00,,0.00,0,0
28,,03951/25-26,Demo-JB-UP-HS-3036-1125,Knits - Kids,C2 ltd,23/12/25,0.00,1001,0,0,0,Yes,True,87087.00,,Suman Debnath,05/05/26,0,1,55,No,Yes,55,0,,1001,0,0,0,-,-,-,-,-,-,-,,-,-,-,-,-,-,-,-,-,-,-,-,-,-,-,-,-,-,-,-,-,-,-,-,-,-,-,-,-,-,-,-,-,-,-,-,-,-,-,-,-,-,-,-,-,-,-,-,-,-,-,-,-,-,-,-,-,-,-,-,-,-,-,-,-,-,-,-,-,-,-,0,76,0,0,0,0.00,0.00,0.00,,0.00,0,0
-2,,03948/25-26,Demo-Demo-UP-HS-3033-1125,Knits - Kids,C2 ltd,23/12/25,0.00,1000,1000,0,0,Yes,True,113000.00,,Suman Debnath,05/04/26,1,1,15,Yes,Yes,15,15,,1000,0,0,0,1,,,,,,,0.14,461.2,,,61300.31,1650,,,1000.00,1010.00,07/03/2026,12/03/2026,1010.00,"KNITS CUTTING (BLOCK- 4, 1ST FLOOR)",0,5,1010.00,1010.00,12/03/2026,26/03/2026,8080.00,LAXMI MACHINE MANORANJAN,0,14,-,-,-,-,-,-,0,0,1010.00,1016.00,20/03/2026,28/03/2026,10769.60,"STORE, TAPARIA BLOCK 4 4TH FLOOR (L FIROZ)",0,8,-,-,-,-,-,-,0,0,-,-,-,-,-,-,0,0,992.00,992.00,30/03/2026,31/03/2026,1339.20,4TH FLOOR IRONING,0,1,992.00,986.00,30/03/2026,03/04/2026,986.00,RAJ SARKAR (GARMENTS FINISHING CONTRACTOR),6,4,57,76,27,32,-5,63411.51,22567.20,85978.71,85.13,80.44,-85978.71,0
-2,,03957/25-26,Demo-Demo-UP-HS-3041-1125,Knits - Kids,C2 ltd,23/12/25,1.00,1500,1500,0,0,Yes,True,202500.00,,Arpita Hazra,05/04/26,1,1,14,Yes,Yes,14,14,,1500,0,0,0,1,,,,1,,,0.165,12059.4,,,86832.6,2802.7,,,1500.00,1315.00,09/03/2026,17/03/2026,1315.00,"KNITS CUTTING (BLOCK- 4, 1ST FLOOR)",185,8,-,-,-,-,-,-,0,0,-,-,-,-,-,-,0,0,1315.00,1316.00,17/03/2026,30/03/2026,15134.00,"STORE, TAPARIA BLOCK 4 4TH FLOOR (L FIROZ)",0,13,-,-,-,-,-,-,0,0,-,-,-,-,-,-,0,0,1306.00,0.00,06/04/2026,-,-,JAMINUL MONDAL,1306,2,-,-,-,-,-,-,0,0,62,76,21,23,-2,101694.70,16449.00,118143.70,89.84,0.00,-118143.70,0
-2,,03962/25-26,Demo-JB-UP-HS-3048-1125,Knits - Kids,C2 ltd,23/12/25,1.00,1505,1505,0,0,Yes,True,233275.00,,Arpita Hazra,05/04/26,1,1,14,Yes,Yes,14,14,,1505,0,0,0,,,,252.6,,,,0.164,,,,104585.4,,,,1505.00,1540.00,14/03/2026,17/03/2026,1540.00,"KNITS CUTTING (BLOCK- 4, 1ST FLOOR)",0,3,1540.00,0.00,18/03/2026,-,-,BASUKI PRINT,1540,21,-,-,-,-,-,-,0,0,-,-,-,-,-,-,0,0,-,-,-,-,-,-,0,0,-,-,-,-,-,-,0,0,-,-,-,-,-,-,0,0,-,-,-,-,-,-,0,0,66,76,3,24,-21,104585.40,1540.00,106125.40,68.91,108.35,-106125.40,0
28,,03953/25-26,Demo-Demo-UP-HS-3031-1125,Knits - Kids,C2 ltd,23/12/25,1.00,1500,0,0,0,Yes,True,262500.00,,Suman Debnath,05/05/26,0,1,14,Yes,Yes,14,14,,1500,0,0,0,-,-,-,-,-,-,-,,-,-,-,-,-,-,-,-,-,-,-,-,-,-,-,-,-,-,-,-,-,-,-,-,-,-,-,-,-,-,-,-,-,-,-,-,-,-,-,-,-,-,-,-,-,-,-,-,-,-,-,-,-,-,-,-,-,-,-,-,-,-,-,-,-,-,-,-,-,-,-,67,76,0,0,0,0.00,0.00,0.00,,134.62,0,0
28,,03956/25-26,Demo-JB-UP-HS-3040-1125,Knits - Kids,C2 ltd,23/12/25,1.00,1505,1505,0,0,Yes,True,158025.00,,Suman Debnath,05/05/26,1,1,14,Yes,Yes,14,14,,1505,0,0,0,1,,,,,,,0.106,12915.6,,,64409,,,,1505.00,1512.00,09/03/2026,17/03/2026,1512.00,"KNITS CUTTING (BLOCK- 4, 1ST FLOOR)",0,8,-,-,-,-,-,-,0,0,-,-,-,-,-,-,0,0,1512.00,1491.00,17/03/2026,30/03/2026,17146.50,"STORE, TAPARIA BLOCK 4 4TH FLOOR (L FIROZ)",21,13,-,-,-,-,-,-,0,0,-,-,-,-,-,-,0,0,-,-,-,-,-,-,0,0,-,-,-,-,-,-,0,0,62,76,21,21,0,77324.60,18658.50,95983.10,63.48,0.00,-95983.10,0
-2,,03964/25-26,Demo-Demo-UP-HS-3043-1125,Knits - Kids,C2 ltd,23/12/25,1.00,1000,1000,0,0,Yes,True,135000.00,,Arpita Hazra,05/04/26,1,1,15,Yes,Yes,15,15,,1000,0,0,0,1,,,,1,,,0.205,3583.6,,,54719.9,1237,,,1000.00,720.00,10/03/2026,12/03/2026,720.00,"KNITS CUTTING (BLOCK- 4, 1ST FLOOR)",280,2,-,-,-,-,-,-,0,0,-,-,-,-,-,-,0,0,720.00,720.00,17/03/2026,28/03/2026,7920.00,TAPARIA BLOCK 4 4TH FLOOR (L FIROZ),0,11,-,-,-,-,-,-,0,0,-,-,-,-,-,-,0,0,717.00,710.00,30/03/2026,03/04/2026,1668.50,JAMINUL MONDAL,7,4,-,-,-,-,-,-,0,0,57,76,24,17,7,59540.50,10308.50,69849.00,97.01,0.00,-69849.00,0
28,,03966/25-26,Demo-JB-UP-HS-3051-1125,Knits - Kids,C2 ltd,23/12/25,1.00,1001,1001,0,0,Yes,True,140140.00,,Arpita Hazra,05/05/26,1,1,15,Yes,Yes,15,15,,1001,0,0,0,,,,81,,,,,,,,36045,,,,1001.00,0.00,03/04/2026,-,-,"KNITS CUTTING (BLOCK- 4, 1ST FLOOR)",1001,5,-,-,-,-,-,-,0,0,-,-,-,-,-,-,0,0,-,-,-,-,-,-,0,0,-,-,-,-,-,-,0,0,-,-,-,-,-,-,0,0,-,-,-,-,-,-,0,0,-,-,-,-,-,-,0,0,67,76,0,5,-5,36045.00,0.00,36045.00,36.01,0.00,-36045.00,0
28,,03969/25-26,Demo-Demo-UP-HS-3054-1125,Knits - Kids,C2 ltd,23/12/25,1.00,1500,0,0,0,Yes,True,217500.00,,Arpita Hazra,05/05/26,0,1,42,Yes,Yes,42,42,,1500,0,0,0,-,-,-,-,-,-,-,,-,-,-,-,-,-,-,-,-,-,-,-,-,-,-,-,-,-,-,-,-,-,-,-,-,-,-,-,-,-,-,-,-,-,-,-,-,-,-,-,-,-,-,-,-,-,-,-,-,-,-,-,-,-,-,-,-,-,-,-,-,-,-,-,-,-,-,-,-,-,-,98,76,0,0,0,0.00,0.00,0.00,,103.42,0,0
23,,03972/25-26,Demo-Demo-WO-CA-SH-HS-RF-01082-1225,Woven,Raju mega amrt,24/12/25,419.00,3900,3900,0,0,Yes,True,877500.00,,MD SAMIM SK,30/04/26,1,1,5,Yes,Yes,5,5,,3900,0,0,0,8000,70,,,,,,1.044,7188,2065,,,,,372456,3900.00,2972.00,26/02/2026,23/03/2026,4458.00,TIPL- LINE NO-4,928,25,-,-,-,-,-,-,0,0,-,-,-,-,-,-,0,0,2972.00,0.00,27/02/2026,-,-,TIPL- LINE NO-4,2972,40,-,-,-,-,-,-,0,0,-,-,-,-,-,-,0,0,-,-,-,-,-,-,0,0,-,-,-,-,-,-,0,0,62,71,25,65,-40,381709.00,4458.00,386167.00,129.94,0.00,-386167.00,0
13,,03997/25-26,SS-JR-UP-HS-3157-1225,Knits - Kids,Shpping lmtd,26/12/25,199.00,3000,3000,0,0,Yes,True,264000.00,,RIA PAUL,20/04/26,1,1,1,Yes,Yes,1,1,,3000,0,0,0,3,,,,2,,,0.087,5820.6,,,105326.4,180.8,,,3000.00,2920.00,13/02/2026,17/02/2026,2920.00,"KNITS CUTTING (BLOCK- 4, 1ST FLOOR)",80,4,2920.00,2920.00,24/02/2026,07/03/2026,23360.00,LAXMI MACHINE MANORANJAN,0,11,-,-,-,-,-,-,0,0,2920.00,2928.00,25/02/2026,24/03/2026,23424.00,TAPARIA BLOCK 4 4TH FLOOR (L FIROZ),0,27,-,-,-,-,-,-,0,0,-,-,-,-,-,-,0,0,2928.00,0.00,06/04/2026,-,-,4TH FLOOR IRONING,2928,2,2928.00,0.00,06/04/2026,-,-,RAJ SARKAR (GARMENTS FINISHING CONTRACTOR),2928,2,48,25,39,46,-7,111327.80,49704.00,161031.80,55.15,61.43,-161031.80,0
13,,03994/25-26,SS-JR-UP-HS-3154-1225,Knits - Kids,Shpping lmtd,26/12/25,199.00,3530,3530,0,0,Yes,True,310640.00,,RIA PAUL,20/04/26,1,1,1,Yes,Yes,1,1,,3530,0,0,0,3,,,,1,,,0.092,4287,,,154966.5,5587,,,3530.00,3560.00,13/02/2026,19/02/2026,3560.00,"KNITS CUTTING (BLOCK- 4, 1ST FLOOR)",0,6,4191.00,4191.00,24/02/2026,02/03/2026,22352.00,LAXMI MACHINE MANORANJAN,0,6,-,-,-,-,-,-,0,0,3560.00,3562.00,25/02/2026,24/03/2026,39182.00,"STORE, TAPARIA BLOCK 4 4TH FLOOR (L FIROZ)",0,27,-,-,-,-,-,-,0,0,-,-,-,-,-,-,0,0,3529.00,3487.00,30/03/2026,03/04/2026,7671.40,JAMINUL MONDAL,42,4,-,-,-,-,-,-,0,0,48,25,49,43,6,164840.50,78893.40,243733.90,67.38,61.43,-243733.90,0
13,,04000/25-26,SS-JR-UP-HS-3160-1225,Knits - Kids,Shpping lmtd,26/12/25,199.00,2400,2400,0,0,Yes,True,211200.00,,RIA PAUL,20/04/26,1,1,1,Yes,Yes,1,1,,2400,0,0,0,2,,,,,,,0.093,772,,,89287.4,,,,2400.00,2080.00,13/02/2026,27/02/2026,2080.00,TAPARIA KHILKAPUR ( LAXMI GARMENTS ),320,14,2080.00,2080.00,11/03/2026,28/03/2026,16640.00,LAXMI MACHINE MANORANJAN,0,17,-,-,-,-,-,-,0,0,2080.00,0.00,13/03/2026,-,-,"BLOCK 4 STICHING BAPI GAZI, STORE",2080,26,-,-,-,-,-,-,0,0,-,-,-,-,-,-,0,0,-,-,-,-,-,-,0,0,-,-,-,-,-,-,0,0,48,25,43,57,-14,90059.40,18720.00,108779.40,52.30,61.43,-108779.40,0
23,,03990/25-26,Demo-Demo-WO-CA-SH-HS-RF-01084-1225,Woven,Raju mega amrt,26/12/25,179.00,1500,1500,0,0,Yes,True,183000.00,,MD SAMIM SK,30/04/26,1,1,8,No,Yes,8,0,,1500,0,0,0,,,,,,,,0.795,2640,,,,702,,90750,1500.00,1384.00,03/01/2026,12/01/2026,2076.00,TIPL- LINE NO-7,116,9,-,-,-,-,-,-,0,0,-,-,-,-,-,-,0,0,1384.00,1384.00,03/01/2026,20/02/2026,46364.00,"TIPL- LINE NO-2, TIPL- LINE NO-7",0,48,-,-,-,-,-,-,0,0,-,-,-,-,-,-,0,0,1370.00,1370.00,23/02/2026,26/02/2026,4658.00,AWANTIKA ENTERPRISES,0,3,-,-,-,-,-,-,0,0,0,11,54,60,-6,94092.00,53098.00,147190.00,106.35,107.56,-147190.00,0
13,,03996/25-26,SS-JR-UP-HS-3156-1225,Knits - Kids,Shpping lmtd,26/12/25,199.00,2400,2400,0,0,Yes,True,211200.00,,RIA PAUL,20/04/26,1,1,1,Yes,Yes,1,1,,2400,0,0,0,2,,,,1,,,0.087,4545.38,,,79025.55,3862.7,,,2400.00,2280.00,13/02/2026,17/02/2026,2280.00,"KNITS CUTTING (BLOCK- 4, 1ST FLOOR)",120,4,2280.00,2280.00,24/02/2026,02/03/2026,18240.00,LAXMI MACHINE MANORANJAN,0,6,-,-,-,-,-,-,0,0,2280.00,2304.00,25/02/2026,16/03/2026,27648.00,TAPARIA BLOCK 24 (L SUBRATA),0,19,-,-,-,-,-,-,0,0,-,-,-,-,-,-,0,0,2304.00,0.00,18/03/2026,-,-,4TH FLOOR IRONING,2304,21,2304.00,0.00,18/03/2026,-,-,Bipula das (Asgar),2304,21,48,25,31,71,-40,87433.63,48168.00,135601.63,59.47,61.43,-135601.63,0
13,,03999/25-26,SS-JR-UP-HS-3159-1225,Knits - Kids,Shpping lmtd,26/12/25,199.00,2400,2400,0,0,Yes,True,211200.00,,RIA PAUL,20/04/26,1,1,1,Yes,Yes,1,1,,2400,0,0,0,2,,,,1,,,0.088,4597.8,,,86091.2,3813,,,2400.00,2260.00,17/02/2026,27/02/2026,2260.00,TAPARIA KHILKAPUR ( LAXMI GARMENTS ),140,10,2260.00,2260.00,07/03/2026,12/03/2026,18080.00,LAXMI MACHINE MANORANJAN,0,5,-,-,-,-,-,-,0,0,2260.00,2266.00,14/03/2026,31/03/2026,22660.00,TAPARIA BLOCK 4 4TH FLOOR (L FIROZ),0,17,-,-,-,-,-,-,0,0,-,-,-,-,-,-,0,0,2230.00,0.00,01/04/2026,-,-,4TH FLOOR IRONING,2230,7,2230.00,0.00,01/04/2026,-,-,Bipula das (Asgar),2230,7,48,25,42,46,-4,94502.00,43000.00,137502.00,60.84,61.43,-137502.00,0
13,,03995/25-26,SS-JR-UP-HS-3155-1225,Knits - Kids,Shpping lmtd,26/12/25,199.00,3530,3530,0,0,Yes,True,310640.00,,RIA PAUL,20/04/26,1,1,1,Yes,Yes,1,1,,3530,0,0,0,3,,,,1,,,0.087,6950.4,,,139160.85,5602.7,,,3530.00,3530.00,17/02/2026,27/02/2026,3530.00,TAPARIA KHILKAPUR ( LAXMI GARMENTS ),0,10,3540.00,3540.00,27/02/2026,14/03/2026,42480.00,LAXMI MACHINE MANORANJAN,0,15,-,-,-,-,-,-,0,0,3530.00,3534.00,06/03/2026,31/03/2026,29155.50,"STORE, TAPARIA BLOCK 4 4TH FLOOR (L FIROZ)",0,25,-,-,-,-,-,-,0,0,-,-,-,-,-,-,0,0,3534.00,0.00,06/04/2026,-,-,JAMINUL MONDAL,3534,2,-,-,-,-,-,-,0,0,48,25,42,52,-10,151713.95,84884.00,236597.95,66.13,61.43,-236597.95,0
13,,03998/25-26,SS-JR-UP-HS-3158-1225,Knits - Kids,Shpping lmtd,26/12/25,199.00,2400,2400,0,0,Yes,True,211200.00,,RIA PAUL,20/04/26,1,1,1,Yes,Yes,1,1,,2400,0,0,0,2,,,,1,,,0.09,2760.4,,,86900,887.7,,,2400.00,2200.00,17/02/2026,27/02/2026,2200.00,TAPARIA KHILKAPUR ( LAXMI GARMENTS ),200,10,2200.00,2200.00,07/03/2026,13/03/2026,17600.00,LAXMI MACHINE MANORANJAN,0,6,-,-,-,-,-,-,0,0,2200.00,2151.00,09/03/2026,31/03/2026,23661.00,"STORE, TAPARIA BLOCK 4 4TH FLOOR (L FIROZ)",49,22,-,-,-,-,-,-,0,0,-,-,-,-,-,-,0,0,2151.00,0.00,06/04/2026,-,-,JAMINUL MONDAL,2151,2,-,-,-,-,-,-,0,0,48,25,42,40,2,90548.10,43461.00,134009.10,60.91,61.43,-134009.10,0
84,,04001/25-26,HO-BY-UP-SL-3168-1225,Knits - Kids,HOME2,31/12/25,199.00,2000,2000,2260,113,Yes,True,224000.00,203400.00,MALOTI RIKIASON,30/06/26,1,2,42,No,Yes,42,0,05/03/26,-260,2260,0,0,,,,,1,,,0.104,5132.8,,,119855.8,3936,,,2472.00,2472.00,08/01/2026,10/01/2026,2472.00,"KNITS CUTTING (BLOCK- 4, 1ST FLOOR)",0,2,-,-,-,-,-,-,0,0,-,-,-,-,-,-,0,0,2472.00,2467.00,22/01/2026,18/02/2026,34538.00,PRIYANKA GARMENTS (MADHU HALDER),5,27,-,-,-,-,-,-,0,0,-,-,-,-,-,-,0,0,2430.00,2418.00,18/02/2026,20/02/2026,6045.00,Sree Gopal (Sentu Ali),12,2,-,-,-,-,-,-,0,0,0,45,43,31,12,128924.60,43055.00,171979.60,69.57,68.00,31420.40,91.4
84,,04002/25-26,HO-BY-UP-SL-3167-1225,Knits - Kids,HOME2,31/12/25,199.00,3000,3000,0,0,Yes,True,360000.00,,MALOTI RIKIASON,30/06/26,1,2,42,No,Yes,42,0,,3000,0,0,0,2,,,,,,,0.236,2567.6,,,278350,,,,3000.00,2480.00,03/02/2026,03/02/2026,2480.00,"KNITS CUTTING (BLOCK- 4, 1ST FLOOR)",520,1,-,-,-,-,-,-,0,0,-,-,-,-,-,-,0,0,2480.00,0.00,07/02/2026,-,-,"MM Textiles, PRIYANKA GARMENTS (MADHU HALDER)",2480,60,-,-,-,-,-,-,0,0,-,-,-,-,-,-,0,0,-,-,-,-,-,-,0,0,-,-,-,-,-,-,0,0,0,45,0,61,-61,280917.60,2480.00,283397.60,114.27,28.50,-283397.60,0
8,,04029/25-26,Demo-IB-UP-HS-3176-0126,Knits - Kids,bangur client,03/01/26,79.00,2001,2001,2004,100.1,Yes,True,109054.50,109218.00,Titly Paul,15/04/26,1,1,2,Yes,No,2,2,04/04/26,-3,2004,0,0,4140,,,,670,,,0.073,1050,,,69101.9,6200,,,2001.00,2016.00,29/01/2026,05/02/2026,2016.00,"KNITS CUTTING (BLOCK- 4, 1ST FLOOR)",0,7,2016.00,2016.00,05/02/2026,10/02/2026,14112.00,LAXMI MACHINE MANORANJAN,0,5,-,-,-,-,-,-,0,0,2016.00,2014.00,13/02/2026,24/02/2026,18126.00,RAJDEEP GARMENTS,2,11,-,-,-,-,-,-,0,0,-,-,-,-,-,-,0,0,2014.00,2014.00,27/02/2026,28/02/2026,2014.00,4TH FLOOR IRONING,0,1,2014.00,1984.00,27/02/2026,02/03/2026,496.00,RAJ SARKAR (GARMENTS FINISHING CONTRACTOR),30,3,21,0,32,27,5,76351.90,36764.00,113115.90,53.74,45.12,-3897.90,99.4
23,,04015/25-26,Demo-MU-KN-CA-TS-SL-SF-0007-0126,Knits - Men,C2 ltd,03/01/26,175.00,4500,4500,0,0,Yes,True,787500.00,,KARTIK DAS,30/04/26,1,1,2,Yes,Yes,2,2,,4500,0,0,0,,,,683.84,,,,0.138,,,,222248,,,,4500.00,4542.00,25/03/2026,28/03/2026,4542.00,"KNITS CUTTING (BLOCK- 4, 1ST FLOOR)",0,3,4542.00,0.00,30/03/2026,-,-,LAXMI MACHINE MANORANJAN,4542,9,-,-,-,-,-,-,0,0,-,-,-,-,-,-,0,0,-,-,-,-,-,-,0,0,-,-,-,-,-,-,0,0,-,-,-,-,-,-,0,0,-,-,-,-,-,-,0,0,55,54,3,12,-9,222248.00,4542.00,226790.00,45.69,0.00,-226790.00,0
8,,04026/25-26,Demo-IB-UP-HS-3173-0126,Knits - Kids,bangur client,03/01/26,79.00,2001,2001,2004,100.1,Yes,True,109054.50,109218.00,Titly Paul,15/04/26,1,1,2,Yes,No,2,2,04/04/26,-3,2004,0,0,4170,,,,,,,0.063,1060.5,,,59524.37,,,,2001.00,2016.00,29/01/2026,03/02/2026,2016.00,"KNITS CUTTING (BLOCK- 4, 1ST FLOOR)",0,5,2016.00,2016.00,03/02/2026,09/02/2026,14112.00,LAXMI MACHINE MANORANJAN,0,6,-,-,-,-,-,-,0,0,2016.00,2016.00,09/02/2026,27/02/2026,18144.00,SUMITRA TEXTILE,0,18,-,-,-,-,-,-,0,0,-,-,-,-,-,-,0,0,2004.00,2004.00,27/02/2026,28/02/2026,2004.00,4TH FLOOR IRONING,0,1,2004.00,2004.00,27/02/2026,06/03/2026,501.00,RAJ SARKAR (GARMENTS FINISHING CONTRACTOR),0,7,21,0,36,37,-1,60584.87,36777.00,97361.87,46.91,45.12,11856.13,99.4
-33,,04010/25-26,Demo-lU-KN-CA-TS-HS-RF-0048-1225,Knits - Men,g mart,03/01/26,199.00,8800,8800,0,0,Yes,True,1012000.00,,KARTIK DAS,05/03/26,1,1,2,Yes,Yes,2,2,,8800,0,0,0,4,,,,,,,0.153,6662.5,15428,,678293,16400,,,8800.00,9024.00,05/02/2026,05/02/2026,9024.00,"KNITS CUTTING (BLOCK- 4, 1ST FLOOR)",0,1,9024.00,8876.00,13/02/2026,07/03/2026,115388.00,MA BASULI ENTERPRISE,148,22,-,-,-,-,-,-,0,0,11519.00,11643.00,13/02/2026,28/02/2026,160091.25,"AYSHA ENTERPRISE (SAFIKUL ISLAM), BLOCK 4 STICHING BAPI GAZI",0,15,-,-,-,-,-,-,0,0,-,-,-,-,-,-,0,0,8875.00,3252.00,11/03/2026,27/03/2026,9756.00,TIPL BLOCK 4 2ND FLOOR FINISHING ( MUNNA DA ),5623,16,-,-,-,-,-,-,0,0,26,26,50,54,-4,716783.50,274506.75,991290.25,99.92,0.00,-991290.25,0
8,,04024/25-26,Demo-IB-UP-HS-3171-0126,Knits - Kids,bangur client,03/01/26,79.00,2001,2001,2004,100.1,Yes,True,109054.50,109218.00,Titly Paul,15/04/26,1,1,2,Yes,No,2,2,04/04/26,-3,2004,0,0,4200,,,,400,,,0.062,1071,,,53279,572,,,2001.00,2016.00,29/01/2026,03/02/2026,2016.00,"KNITS CUTTING (BLOCK- 4, 1ST FLOOR)",0,5,2016.00,2016.00,03/02/2026,05/02/2026,16128.00,LAXMI MACHINE MANORANJAN,0,2,-,-,-,-,-,-,0,0,2016.00,2005.00,06/02/2026,23/02/2026,18045.00,LOKENATH READYMADE FACTORY ( SENTU BISWAS ),11,17,-,-,-,-,-,-,0,0,-,-,-,-,-,-,0,0,2005.00,2005.00,23/02/2026,26/02/2026,2005.00,4TH FLOOR IRONING,0,3,2005.00,2005.00,23/02/2026,25/02/2026,501.25,RAJ SARKAR (GARMENTS FINISHING CONTRACTOR),0,2,21,0,28,29,-1,54922.00,38695.25,93617.25,45.57,45.12,15600.75,99.4
8,,04027/25-26,Demo-IB-UP-HS-3174-0126,Knits - Kids,bangur client,03/01/26,79.00,2001,2001,2004,100.1,Yes,True,109054.50,109218.00,Titly Paul,15/04/26,1,1,2,Yes,No,2,2,04/04/26,-3,2004,0,0,4140,,,,,,,0.066,1050,,,70595.6,,,,2001.00,2016.00,29/01/2026,05/02/2026,2016.00,"KNITS CUTTING (BLOCK- 4, 1ST FLOOR)",0,7,2016.00,2016.00,05/02/2026,09/02/2026,14112.00,LAXMI MACHINE MANORANJAN,0,4,-,-,-,-,-,-,0,0,2016.00,2011.00,11/02/2026,25/02/2026,18099.00,LOKENATH READYMADE FACTORY ( SENTU BISWAS ),5,14,-,-,-,-,-,-,0,0,-,-,-,-,-,-,0,0,2011.00,2011.00,27/02/2026,05/03/2026,2011.00,4TH FLOOR IRONING,0,6,2011.00,2011.00,27/02/2026,06/03/2026,502.75,RAJ SARKAR (GARMENTS FINISHING CONTRACTOR),0,7,21,0,36,38,-2,71645.60,36740.75,108386.35,45.08,45.12,831.65,99.4
23,,04019/25-26,Demo-MU-KN-CA-TS-SL-SF-0009-0126,Knits - Men,C2 ltd,03/01/26,0.00,4500,4500,0,0,Yes,True,517500.00,,KARTIK DAS,30/04/26,1,1,2,Yes,Yes,2,2,,4500,0,0,0,,,,716.34,,,,0.149,,,,327081.3,,,,4500.00,4542.00,25/03/2026,01/04/2026,4542.00,"KNITS CUTTING (BLOCK- 4, 1ST FLOOR)",0,7,4542.00,0.00,01/04/2026,-,-,LAXMI MACHINE MANORANJAN,4542,7,-,-,-,-,-,-,0,0,-,-,-,-,-,-,0,0,-,-,-,-,-,-,0,0,-,-,-,-,-,-,0,0,-,-,-,-,-,-,0,0,-,-,-,-,-,-,0,0,51,54,7,14,-7,327081.30,4542.00,331623.30,69.81,0.00,-331623.30,0
23,,04014/25-26,Demo-MU-KN-CA-TS-SL-SF-0006-0126,Knits - Men,C2 ltd,03/01/26,200.00,5001,5252,0,0,Yes,True,600120.00,,KARTIK DAS,30/04/26,1,1,2,Yes,Yes,2,2,,5001,0,0,0,3,,,,,,,0.233,26017.4,5580,,334875.9,,,,5252.00,3880.00,25/02/2026,17/03/2026,3880.00,TAPARIA KHILKAPUR ( LAXMI GARMENTS ),1372,20,-,-,-,-,-,-,0,0,-,-,-,-,-,-,0,0,3880.00,0.00,28/03/2026,-,-,BLOCK 4 STICHING BAPI GAZI,3880,11,-,-,-,-,-,-,0,0,-,-,-,-,-,-,0,0,-,-,-,-,-,-,0,0,-,-,-,-,-,-,0,0,47,47,20,31,-11,366473.30,3880.00,370353.30,95.45,0.00,-370353.30,0
23,,04016/25-26,Demo-MU-KN-CA-TS-SL-SF-0008-0126,Knits - Men,C2 ltd,03/01/26,200.00,5001,5001,0,0,Yes,True,560112.00,,KARTIK DAS,30/04/26,1,1,2,Yes,Yes,2,2,,5001,0,0,0,,,,757.45,,,,0.144,,,,268137.3,,,,5001.00,5006.00,24/03/2026,28/03/2026,5006.00,"KNITS CUTTING (BLOCK- 4, 1ST FLOOR)",0,4,5006.00,0.00,28/03/2026,-,-,LAXMI MACHINE MANORANJAN,5006,11,-,-,-,-,-,-,0,0,-,-,-,-,-,-,0,0,-,-,-,-,-,-,0,0,-,-,-,-,-,-,0,0,-,-,-,-,-,-,0,0,-,-,-,-,-,-,0,0,51,54,4,15,-11,268137.30,5006.00,273143.30,52.05,0.00,-273143.30,0
8,,04025/25-26,Demo-IB-UP-HS-3172-0126,Knits - Kids,bangur client,03/01/26,79.00,2001,2001,2004,100.1,Yes,True,109054.50,109218.00,Titly Paul,15/04/26,1,1,2,Yes,No,2,2,04/04/26,-3,2004,0,0,4170,,,,,,,0.062,1060.5,,,52617.4,,,,2001.00,2016.00,29/01/2026,31/01/2026,2016.00,"KNITS CUTTING (BLOCK- 4, 1ST FLOOR)",0,2,2016.00,2016.00,31/01/2026,07/02/2026,14112.00,LAXMI MACHINE MANORANJAN,0,7,-,-,-,-,-,-,0,0,2016.00,2017.00,09/02/2026,23/02/2026,18153.00,"MM Textiles, RUKSANA ENTERPRISE",0,14,-,-,-,-,-,-,0,0,-,-,-,-,-,-,0,0,2017.00,2017.00,23/02/2026,26/02/2026,2017.00,4TH FLOOR IRONING,0,3,2017.00,2017.00,23/02/2026,25/02/2026,504.25,RAJ SARKAR (GARMENTS FINISHING CONTRACTOR),0,2,21,0,28,28,0,53677.90,36802.25,90480.15,44.88,45.62,18737.85,99.4
8,,04028/25-26,Demo-IB-UP-HS-3175-0126,Knits - Kids,bangur client,03/01/26,79.00,2001,2001,2004,100.1,Yes,True,109054.50,109218.00,Titly Paul,15/04/26,1,1,2,Yes,No,2,2,04/04/26,-3,2004,0,0,4140,,,,,,,0.061,1050,,,58905.6,,,,2001.00,2016.00,29/01/2026,05/02/2026,2016.00,"KNITS CUTTING (BLOCK- 4, 1ST FLOOR)",0,7,2016.00,2016.00,05/02/2026,10/02/2026,14112.00,LAXMI MACHINE MANORANJAN,0,5,-,-,-,-,-,-,0,0,2016.00,2017.00,11/02/2026,19/02/2026,19161.50,FARHAN GARMENTS,0,8,-,-,-,-,-,-,0,0,-,-,-,-,-,-,0,0,2017.00,2017.00,23/02/2026,26/02/2026,2017.00,4TH FLOOR IRONING,0,3,2017.00,2017.00,23/02/2026,25/02/2026,504.25,RAJ SARKAR (GARMENTS FINISHING CONTRACTOR),0,2,21,0,28,25,3,59955.60,37810.75,97766.35,44.68,45.62,11451.65,99.4
-66,,04038/25-26,Demo-Demo-WO-CA-SH-HS-RF-01090-0126,Woven,Style fashion,06/01/26,299.00,204,0,0,0,Yes,True,35292.00,,Samim Hossain,31/01/26,0,1,,No,No,,0,,204,0,0,0,-,-,-,-,-,-,-,,-,-,-,-,-,-,-,-,-,-,-,-,-,-,-,-,-,-,-,-,-,-,-,-,-,-,-,-,-,-,-,-,-,-,-,-,-,-,-,-,-,-,-,-,-,-,-,-,-,-,-,-,-,-,-,-,-,-,-,-,-,-,-,-,-,-,-,-,-,-,-,0,0,0,0,0,0.00,0.00,0.00,,0.00,0,0
-66,,04037/25-26,Demo-Demo-WO-CA-SH-HS-RF-01089-0126,Woven,Style fashion,06/01/26,299.00,236,0,0,0,Yes,True,40828.00,,Samim Hossain,31/01/26,0,1,,No,No,,0,,236,0,0,0,-,-,-,-,-,-,-,,-,-,-,-,-,-,-,-,-,-,-,-,-,-,-,-,-,-,-,-,-,-,-,-,-,-,-,-,-,-,-,-,-,-,-,-,-,-,-,-,-,-,-,-,-,-,-,-,-,-,-,-,-,-,-,-,-,-,-,-,-,-,-,-,-,-,-,-,-,-,-,0,0,0,0,0,0.00,0.00,0.00,,0.00,0,0
-66,,04036/25-26,Demo-Demo-WO-CA-SH-HS-RF-01088-0126,Woven,Style fashion,06/01/26,299.00,244,0,0,0,Yes,True,42212.00,,Samim Hossain,31/01/26,0,1,,No,No,,0,,244,0,0,0,-,-,-,-,-,-,-,,-,-,-,-,-,-,-,-,-,-,-,-,-,-,-,-,-,-,-,-,-,-,-,-,-,-,-,-,-,-,-,-,-,-,-,-,-,-,-,-,-,-,-,-,-,-,-,-,-,-,-,-,-,-,-,-,-,-,-,-,-,-,-,-,-,-,-,-,-,-,-,0,0,0,0,0,0.00,0.00,0.00,,0.00,0,0
-66,,04039/25-26,Demo-Demo-WO-CA-SH-HS-RF-01091-0126,Woven,Style fashion,06/01/26,299.00,236,0,0,0,Yes,True,40828.00,,Samim Hossain,31/01/26,0,1,,No,No,,0,,236,0,0,0,-,-,-,-,-,-,-,,-,-,-,-,-,-,-,-,-,-,-,-,-,-,-,-,-,-,-,-,-,-,-,-,-,-,-,-,-,-,-,-,-,-,-,-,-,-,-,-,-,-,-,-,-,-,-,-,-,-,-,-,-,-,-,-,-,-,-,-,-,-,-,-,-,-,-,-,-,-,-,0,0,0,0,0,0.00,0.00,0.00,,0.00,0,0
-7,,04048/25-26,Demo-MU-KN-CA-TS-SL-SF-0034-0126,Knits - Men,market lmtd,08/01/26,199.00,3000,3000,0,0,Yes,True,333000.00,,Saikat Kr Das,31/03/26,1,1,1,Yes,Yes,1,1,,3000,0,0,0,,,,,2,,,0.169,3131.75,10440,,212099.7,155.4,,,3000.00,3158.00,28/02/2026,06/03/2026,3158.00,"KNITS CUTTING (BLOCK- 4, 1ST FLOOR)",0,6,3158.00,3158.00,07/03/2026,17/03/2026,25264.00,LAXMI MACHINE MANORANJAN,0,10,-,-,-,-,-,-,0,0,3158.00,3161.00,24/02/2026,01/04/2026,36351.50,"BLOCK 4 STICHING BAPI GAZI, TAPARIA BLOCK 4 4TH FLOOR (L FIROZ)",0,36,-,-,-,-,-,-,0,0,-,-,-,-,-,-,0,0,3018.00,0.00,02/04/2026,-,-,JAMINUL MONDAL,3018,6,-,-,-,-,-,-,0,0,46,30,36,58,-22,225826.85,64773.50,290600.35,86.65,101.61,-290600.35,0
-7,,04045/25-26,Demo-MU-KN-CA-TS-SL-SF-0031-0126,Knits - Men,market lmtd,08/01/26,199.00,3000,3000,0,0,Yes,True,333000.00,,Saikat Kr Das,31/03/26,1,1,1,Yes,Yes,1,1,,3000,0,0,0,3225,,,,,,,0.173,2996.25,,,260489.7,,,,3000.00,3158.00,27/02/2026,06/03/2026,3158.00,"KNITS CUTTING (BLOCK- 4, 1ST FLOOR)",0,7,3158.00,3158.00,07/03/2026,17/03/2026,25264.00,LAXMI MACHINE MANORANJAN,0,10,-,-,-,-,-,-,0,0,3158.00,2925.00,19/03/2026,31/03/2026,33637.50,TAPARIA BLOCK 24 (L SUBRATA),233,12,-,-,-,-,-,-,0,0,-,-,-,-,-,-,0,0,2765.00,0.00,06/04/2026,-,-,TIPL BLOCK 4 2ND FLOOR FINISHING ( MUNNA DA ),2765,2,-,-,-,-,-,-,0,0,46,30,32,31,1,263485.95,62059.50,325545.45,98.54,101.61,-325545.45,0
-7,,04049/25-26,Demo-MU-KN-CA-TS-SL-SF-0035-0126,Knits - Men,market lmtd,08/01/26,199.00,3000,3000,0,0,Yes,True,333000.00,,Saikat Kr Das,31/03/26,1,1,1,Yes,Yes,1,1,,3000,0,0,0,3210,,,,,,,0.175,2536.5,,,257507,,,,3000.00,3158.00,27/02/2026,06/03/2026,3158.00,"KNITS CUTTING (BLOCK- 4, 1ST FLOOR)",0,7,3158.00,3158.00,06/03/2026,16/03/2026,25264.00,LAXMI MACHINE MANORANJAN,0,10,-,-,-,-,-,-,0,0,3158.00,3157.00,18/03/2026,02/04/2026,47355.00,TAPARIA BLOCK 24 (L SUBRATA),1,15,-,-,-,-,-,-,0,0,-,-,-,-,-,-,0,0,3157.00,0.00,03/04/2026,-,-,TIPL BLOCK 4 2ND FLOOR FINISHING ( MUNNA DA ),3157,5,-,-,-,-,-,-,0,0,46,30,34,37,-3,260043.50,75777.00,335820.50,102.57,101.61,-335820.50,0
-7,,04046/25-26,Demo-MU-KN-CA-TS-SL-SF-0032-0126,Knits - Men,market lmtd,08/01/26,199.00,3000,3000,0,0,Yes,True,333000.00,,Saikat Kr Das,31/03/26,1,1,1,Yes,Yes,1,1,,3000,0,0,0,,,,,2,,,0.179,6269.1,,,265526.6,6084.4,,,3000.00,3158.00,27/02/2026,06/03/2026,3158.00,"KNITS CUTTING (BLOCK- 4, 1ST FLOOR)",0,7,3158.00,3158.00,06/03/2026,20/03/2026,25264.00,LAXMI MACHINE MANORANJAN,0,14,-,-,-,-,-,-,0,0,3158.00,3163.00,24/03/2026,04/04/2026,34793.00,BLOCK 4 STICHING BAPI GAZI,0,11,-,-,-,-,-,-,0,0,-,-,-,-,-,-,0,0,3051.00,0.00,06/04/2026,-,-,TG ENTERPRISE,3051,2,-,-,-,-,-,-,0,0,46,30,36,34,2,277880.10,63215.00,341095.10,105.68,101.61,-341095.10,0
-7,,04047/25-26,Demo-MU-KN-CA-TS-SL-SF-0033-0126,Knits - Men,market lmtd,08/01/26,199.00,3000,3000,0,0,Yes,True,333000.00,,Saikat Kr Das,31/03/26,1,1,1,Yes,Yes,1,1,,3000,0,0,0,,,,,2,,,0.178,2626.5,,,268407,2248.4,,,3000.00,3158.00,27/02/2026,06/03/2026,3158.00,"KNITS CUTTING (BLOCK- 4, 1ST FLOOR)",0,7,3158.00,3158.00,06/03/2026,17/03/2026,25264.00,LAXMI MACHINE MANORANJAN,0,11,-,-,-,-,-,-,0,0,3158.00,3164.00,19/03/2026,31/03/2026,42714.00,TAPARIA BLOCK 24 (L SUBRATA),0,12,-,-,-,-,-,-,0,0,-,-,-,-,-,-,0,0,3012.00,3012.00,02/04/2026,02/04/2026,4066.20,4TH FLOOR IRONING,0,1,3012.00,0.00,02/04/2026,-,-,Bipula das (Asgar),3012,6,46,30,34,37,-3,273281.90,79930.20,353212.10,108.41,101.61,-353212.10,0
-7,,04050/25-26,Demo-MU-KN-CA-TS-SL-SF-0036-0126,Knits - Men,market lmtd,08/01/26,199.00,3000,3000,3077,102.6,Yes,True,333000.00,341547.00,Saikat Kr Das,31/03/26,1,1,1,Yes,Yes,1,1,07/04/26,-77,3077,0,0,3290,,,,100,,,0.174,2588.5,,,267771.6,6800,,,3000.00,3158.00,27/02/2026,06/03/2026,3158.00,"KNITS CUTTING (BLOCK- 4, 1ST FLOOR)",0,7,3157.00,3157.00,05/03/2026,16/03/2026,25256.00,LAXMI MACHINE MANORANJAN,0,11,-,-,-,-,-,-,0,0,3158.00,3140.00,18/03/2026,27/03/2026,37680.00,TAPARIA BLOCK 24 (L SUBRATA),18,9,-,-,-,-,-,-,0,0,-,-,-,-,-,-,0,0,3077.00,3077.00,28/03/2026,06/04/2026,9231.00,TIPL BLOCK 4 2ND FLOOR FINISHING ( MUNNA DA ),0,9,-,-,-,-,-,-,0,0,46,30,38,36,2,277160.10,75325.00,352485.10,104.97,101.61,-10938.10,97.4
-20,,04065/25-26,Demo-BU-KN-HS-TS-SF-0026-0126,Knits - Men,market lmtd,09/01/26,249.00,2004,2004,1967,98.2,Yes,True,300600.00,295050.00,Saikat Kr Das,18/03/26,1,1,5,Yes,Yes,5,5,07/04/26,37,1967,0,0,4122,20,,,,,,0.164,17212.8,2320,,159560.83,,,,2004.00,2016.00,23/02/2026,25/02/2026,2016.00,"KNITS CUTTING (BLOCK- 4, 1ST FLOOR)",0,2,2016.00,2016.00,25/02/2026,07/03/2026,28224.00,BASUKI PRINT,0,10,-,-,-,-,-,-,0,0,2016.00,2028.00,07/03/2026,26/03/2026,30420.00,BLOCK 4 STICHING BAPI GAZI,0,19,-,-,-,-,-,-,0,0,-,-,-,-,-,-,0,0,1967.00,1967.00,28/03/2026,06/04/2026,5901.00,TIPL BLOCK 4 2ND FLOOR FINISHING ( MUNNA DA ),0,9,-,-,-,-,-,-,0,0,39,42,42,40,2,179093.63,66561.00,245654.63,115.95,126.04,49395.37,97.6
-20,,04061/25-26,Demo-BU-KN-HS-TS-SF-0022-0126,Knits - Men,market lmtd,09/01/26,249.00,2004,2004,0,0,Yes,True,300600.00,,Saikat Kr Das,18/03/26,1,1,5,Yes,Yes,5,5,,2004,0,0,0,3980,13,,,,,,0.164,12232,1612,,142943.17,,,,2004.00,1980.00,20/02/2026,07/03/2026,1980.00,TAPARIA KHILKAPUR ( LAXMI GARMENTS ),24,15,1980.00,1980.00,09/03/2026,26/03/2026,23760.00,BASUKI PRINT,0,17,-,-,-,-,-,-,0,0,1979.00,0.00,19/01/2026,-,-,BLOCK 4 STICHING BAPI GAZI,1979,79,-,-,-,-,-,-,0,0,-,-,-,-,-,-,0,0,-,-,-,-,-,-,0,0,-,-,-,-,-,-,0,0,39,42,66,111,-45,156787.17,25740.00,182527.17,92.19,130.24,-182527.17,0
-20,,04056/25-26,Demo-BU-KN-HS-TS-SF-0018-0126,Knits - Men,market lmtd,09/01/26,249.00,2004,2004,0,0,Yes,True,300600.00,,Saikat Kr Das,18/03/26,1,1,5,Yes,Yes,5,5,,2004,0,0,0,4105,,,,,,,0.166,11709.5,,,150802.64,,,,2004.00,2034.00,17/02/2026,26/02/2026,2034.00,TAPARIA KHILKAPUR ( LAXMI GARMENTS ),0,9,2034.00,2020.00,26/02/2026,30/03/2026,28280.00,BASUKI PRINT,14,32,-,-,-,-,-,-,0,0,2034.00,0.00,01/04/2026,-,-,BLOCK 4 STICHING BAPI GAZI,2034,7,-,-,-,-,-,-,0,0,-,-,-,-,-,-,0,0,-,-,-,-,-,-,0,0,-,-,-,-,-,-,0,0,39,42,41,48,-7,162512.14,30314.00,192826.14,93.77,131.08,-192826.14,0
-20,,04057/25-26,Demo-BU-KN-HS-TS-SF-0019-0126,Knits - Men,market lmtd,09/01/26,249.00,2004,2004,0,0,Yes,True,300600.00,,Saikat Kr Das,18/03/26,1,1,5,Yes,Yes,5,5,,2004,0,0,0,,,,,2,,,0.206,34206,3100,,192089.81,2935.4,,,2004.00,2070.00,20/02/2026,07/03/2026,2070.00,TAPARIA KHILKAPUR ( LAXMI GARMENTS ),0,15,2070.00,2070.00,09/03/2026,23/03/2026,24840.00,BASUKI PRINT,0,14,-,-,-,-,-,-,0,0,2070.00,2075.00,24/03/2026,04/04/2026,26975.00,BLOCK 4 STICHING BAPI GAZI,0,11,-,-,-,-,-,-,0,0,-,-,-,-,-,-,0,0,1969.00,0.00,07/04/2026,-,-,AP ENTERPRISE ( PRASENJIT HAZRA ),1969,1,-,-,-,-,-,-,0,0,39,42,43,41,2,232331.21,49859.00,282190.21,136.32,133.60,-282190.21,0
-20,,04063/25-26,Demo-BU-KN-HS-TS-SF-0024-0126,Knits - Men,market lmtd,09/01/26,249.00,2004,2004,0,0,Yes,True,300600.00,,Saikat Kr Das,18/03/26,1,1,5,Yes,Yes,5,5,,2004,0,0,0,3590,,,,,,,0.136,11915,,,108711.03,,,,2004.00,1764.00,23/02/2026,07/03/2026,1764.00,"KNITS CUTTING (BLOCK- 4, 1ST FLOOR)",240,12,1764.00,1764.00,09/03/2026,07/04/2026,21168.00,BASUKI PRINT,0,29,-,-,-,-,-,-,0,0,1764.00,0.00,13/03/2026,-,-,BLOCK 4 STICHING BAPI GAZI,1764,26,-,-,-,-,-,-,0,0,-,-,-,-,-,-,0,0,-,-,-,-,-,-,0,0,-,-,-,-,-,-,0,0,39,42,43,67,-24,120626.03,22932.00,143558.03,81.38,139.10,-143558.03,0
-20,,04062/25-26,Demo-BU-KN-HS-TS-SF-0023-0126,Knits - Men,market lmtd,09/01/26,249.00,2004,2004,0,0,Yes,True,300600.00,,Saikat Kr Das,18/03/26,1,1,5,Yes,Yes,5,5,,2004,0,0,0,8,,,,,,,0.162,14103,2515.65,,152613.58,,,,2004.00,1980.00,17/02/2026,26/02/2026,1980.00,TAPARIA KHILKAPUR ( LAXMI GARMENTS ),24,9,1980.00,1980.00,26/02/2026,26/03/2026,27720.00,BASUKI PRINT,0,28,-,-,-,-,-,-,0,0,1980.00,0.00,12/03/2026,-,-,"BLOCK 4 STICHING BAPI GAZI, TAPARIA BLOCK 24 (L SUBRATA)",1980,27,-,-,-,-,-,-,0,0,-,-,-,-,-,-,0,0,-,-,-,-,-,-,0,0,-,-,-,-,-,-,0,0,39,42,37,64,-27,169232.23,29700.00,198932.23,98.88,132.76,-198932.23,0
55,,04094/25-26,Demo-IB-UP-HS-3200-0126.,Knits - Kids,bangur client,10/01/26,79.00,3000,0,0,0,Yes,True,163500.00,,Titly Paul,01/06/26,0,1,83,Yes,No,83,83,,3000,0,0,0,-,-,-,-,-,-,-,,-,-,-,-,-,-,-,-,-,-,-,-,-,-,-,-,-,-,-,-,-,-,-,-,-,-,-,-,-,-,-,-,-,-,-,-,-,-,-,-,-,-,-,-,-,-,-,-,-,-,-,-,-,-,-,-,-,-,-,-,-,-,-,-,-,-,-,-,-,-,-,0,0,0,0,0,0.00,0.00,0.00,,45.12,0,0
55,,04091/25-26,Demo-IB-UP-HS-3197-0126.,Knits - Kids,bangur client,10/01/26,79.00,3000,0,0,0,Yes,True,163500.00,,Titly Paul,01/06/26,0,1,83,Yes,No,83,83,,3000,0,0,0,-,-,-,-,-,-,-,,-,-,-,-,-,-,-,-,-,-,-,-,-,-,-,-,-,-,-,-,-,-,-,-,-,-,-,-,-,-,-,-,-,-,-,-,-,-,-,-,-,-,-,-,-,-,-,-,-,-,-,-,-,-,-,-,-,-,-,-,-,-,-,-,-,-,-,-,-,-,-,0,0,0,0,0,0.00,0.00,0.00,,45.12,0,0
13,,04074/25-26,Demo-SG-UP-HS-3279-0126,Knits - Kids,market lmtd,10/01/26,129.00,4500,4500,0,0,Yes,True,387000.00,,RIA PAUL,20/04/26,1,1,4,Yes,Yes,4,4,,4500,0,0,0,,,,,2,,,0.109,2088.5,,,177858.4,4389,,,4500.00,4704.00,18/02/2026,27/02/2026,4704.00,"KNITS CUTTING (BLOCK- 4, 1ST FLOOR)",0,9,4704.00,4704.00,05/03/2026,11/03/2026,28224.00,LAXMI MACHINE MANORANJAN,0,6,-,-,-,-,-,-,0,0,4704.00,4704.00,06/03/2026,30/03/2026,56448.00,TAPARIA BLOCK 24 (L SUBRATA),0,24,-,-,-,-,-,-,0,0,-,-,-,-,-,-,0,0,4704.00,4678.00,31/03/2026,04/04/2026,10993.30,JAMINUL MONDAL,26,4,-,-,-,-,-,-,0,0,35,7,45,43,2,184335.90,100369.30,284705.20,60.52,63.44,-284705.20,0
-6,,04077/25-26,Demo-IB-UP-HS-3183-0126.,Knits - Kids,bangur client,10/01/26,79.00,3000,3000,900,30,Yes,True,163500.00,49050.00,Titly Paul,01/04/26,1,1,21,Yes,Yes,21,21,04/04/26,2100,900,0,0,6120,,,,800,,,0.058,1560.6,,,71056.1,1320,,,3000.00,3024.00,25/02/2026,27/02/2026,3024.00,"KNITS CUTTING (BLOCK- 4, 1ST FLOOR)",0,2,3024.00,3024.00,27/02/2026,05/03/2026,18144.00,LAXMI TABLE ADITI,0,6,-,-,-,-,-,-,0,0,3024.00,3024.00,02/03/2026,16/03/2026,27216.00,"MM Textiles, STORE",0,14,-,-,-,-,-,-,0,0,-,-,-,-,-,-,0,0,3024.00,3022.00,30/03/2026,04/04/2026,3928.60,JAMINUL MONDAL,2,5,-,-,-,-,-,-,0,0,45,45,38,27,11,73936.70,52312.60,126249.30,41.40,45.12,-77199.30,29.8
24,,04088/25-26,Demo-IB-UP-HS-3194-0126.,Knits - Kids,bangur client,10/01/26,79.00,3000,3000,0,0,Yes,True,163500.00,,Titly Paul,01/05/26,1,1,49,Yes,Yes,49,49,,3000,0,0,0,,,,183.1,,,,0.061,,,,76533.6,,,,3000.00,3024.00,31/03/2026,04/04/2026,3024.00,"KNITS CUTTING (BLOCK- 4, 1ST FLOOR)",0,4,3024.00,0.00,06/04/2026,-,-,LAXMI MACHINE MANORANJAN,3024,2,-,-,-,-,-,-,0,0,-,-,-,-,-,-,0,0,-,-,-,-,-,-,0,0,-,-,-,-,-,-,0,0,-,-,-,-,-,-,0,0,-,-,-,-,-,-,0,0,75,72,4,6,-2,76533.60,3024.00,79557.60,26.31,45.12,-79557.60,0
24,,04085/25-26,Demo-IB-UP-HS-3191-0126.,Knits - Kids,bangur client,10/01/26,79.00,3000,3000,0,0,Yes,True,163500.00,,Titly Paul,01/05/26,1,1,49,Yes,Yes,49,49,,3000,0,0,0,,,,203.3,,,,0.064,,,,85354.5,,,,3000.00,3024.00,31/03/2026,04/04/2026,3024.00,"KNITS CUTTING (BLOCK- 4, 1ST FLOOR)",0,4,3024.00,0.00,06/04/2026,-,-,LAXMI MACHINE MANORANJAN,3024,2,-,-,-,-,-,-,0,0,-,-,-,-,-,-,0,0,-,-,-,-,-,-,0,0,-,-,-,-,-,-,0,0,-,-,-,-,-,-,0,0,-,-,-,-,-,-,0,0,75,72,4,6,-2,85354.50,3024.00,88378.50,28.18,45.12,-88378.50,0
-6,,04080/25-26,Demo-IB-UP-HS-3186-0126.,Knits - Kids,bangur client,10/01/26,79.00,3000,3000,900,30,Yes,True,163500.00,49050.00,Titly Paul,01/04/26,1,1,21,Yes,Yes,21,21,04/04/26,2100,900,0,0,6120,,,,800,,,0.058,1560.6,,,66380.05,1320,,,3000.00,3024.00,25/02/2026,27/02/2026,3024.00,"KNITS CUTTING (BLOCK- 4, 1ST FLOOR)",0,2,3024.00,3024.00,27/02/2026,07/03/2026,18144.00,LAXMI TABLE ADITI,0,8,-,-,-,-,-,-,0,0,3024.00,3023.00,02/03/2026,17/03/2026,27207.00,RUKSANA ENTERPRISE,1,15,-,-,-,-,-,-,0,0,-,-,-,-,-,-,0,0,3023.00,3023.00,31/03/2026,04/04/2026,3929.90,JAMINUL MONDAL,0,4,-,-,-,-,-,-,0,0,45,45,38,29,9,69260.65,52304.90,121565.55,40.20,45.12,-72515.55,29.8
24,,04086/25-26,Demo-IB-UP-HS-3192-0126.,Knits - Kids,bangur client,10/01/26,79.00,3000,3000,0,0,Yes,True,163500.00,,Titly Paul,01/05/26,1,1,49,Yes,Yes,49,49,,3000,0,0,0,,,,255.15,,,,0.061,,,,95577.15,,,,3000.00,3024.00,31/03/2026,04/04/2026,3024.00,"KNITS CUTTING (BLOCK- 4, 1ST FLOOR)",0,4,3024.00,0.00,06/04/2026,-,-,LAXMI MACHINE MANORANJAN,3024,2,-,-,-,-,-,-,0,0,-,-,-,-,-,-,0,0,-,-,-,-,-,-,0,0,-,-,-,-,-,-,0,0,-,-,-,-,-,-,0,0,-,-,-,-,-,-,0,0,75,72,4,6,-2,95577.15,3024.00,98601.15,24.50,45.12,-98601.15,0
24,,04083/25-26,Demo-IB-UP-HS-3189-0126.,Knits - Kids,bangur client,10/01/26,79.00,3000,3000,0,0,Yes,True,163500.00,,Titly Paul,01/05/26,1,1,49,Yes,Yes,49,49,,3000,0,0,0,6120,,,,,,,,1560.6,,,76920.7,,,,3000.00,0.00,31/03/2026,-,-,"KNITS CUTTING (BLOCK- 4, 1ST FLOOR)",3000,8,-,-,-,-,-,-,0,0,-,-,-,-,-,-,0,0,-,-,-,-,-,-,0,0,-,-,-,-,-,-,0,0,-,-,-,-,-,-,0,0,-,-,-,-,-,-,0,0,-,-,-,-,-,-,0,0,75,72,0,8,-8,78481.30,0.00,78481.30,25.64,45.12,-78481.30,0
55,,04092/25-26,Demo-IB-UP-HS-3198-0126.,Knits - Kids,bangur client,10/01/26,79.00,3000,0,0,0,Yes,True,163500.00,,Titly Paul,01/06/26,0,1,83,Yes,No,83,83,,3000,0,0,0,-,-,-,-,-,-,-,,-,-,-,-,-,-,-,-,-,-,-,-,-,-,-,-,-,-,-,-,-,-,-,-,-,-,-,-,-,-,-,-,-,-,-,-,-,-,-,-,-,-,-,-,-,-,-,-,-,-,-,-,-,-,-,-,-,-,-,-,-,-,-,-,-,-,-,-,-,-,-,0,0,0,0,0,0.00,0.00,0.00,,45.12,0,0
55,,04089/25-26,Demo-IB-UP-HS-3195-0126.,Knits - Kids,bangur client,10/01/26,79.00,3000,0,0,0,Yes,True,163500.00,,Titly Paul,01/06/26,0,1,83,Yes,No,83,83,,3000,0,0,0,-,-,-,-,-,-,-,,-,-,-,-,-,-,-,-,-,-,-,-,-,-,-,-,-,-,-,-,-,-,-,-,-,-,-,-,-,-,-,-,-,-,-,-,-,-,-,-,-,-,-,-,-,-,-,-,-,-,-,-,-,-,-,-,-,-,-,-,-,-,-,-,-,-,-,-,-,-,-,0,0,0,0,0,0.00,0.00,0.00,,45.12,0,0
-6,,04079/25-26,Demo-IB-UP-HS-3185-0126.,Knits - Kids,bangur client,10/01/26,79.00,3000,3000,900,30,Yes,True,163500.00,49050.00,Titly Paul,01/04/26,1,1,21,Yes,Yes,21,21,04/04/26,2100,900,0,0,4092,,,,200,,,0.059,1042.32,,,76588.24,410,,,3000.00,3024.00,25/02/2026,28/02/2026,3024.00,"KNITS CUTTING (BLOCK- 4, 1ST FLOOR)",0,3,3024.00,3024.00,28/02/2026,10/03/2026,22680.00,LAXMI MACHINE MANORANJAN,0,10,-,-,-,-,-,-,0,0,3024.00,3001.00,06/03/2026,02/04/2026,27009.00,LOKENATH READYMADE FACTORY ( SENTU BISWAS ),23,27,-,-,-,-,-,-,0,0,-,-,-,-,-,-,0,0,2941.00,1530.00,02/04/2026,04/04/2026,1989.00,JAMINUL MONDAL,1411,2,-,-,-,-,-,-,0,0,45,45,38,42,-4,78040.56,54702.00,132742.56,43.90,45.12,-83692.56,29.8
55,,04093/25-26,Demo-IB-UP-HS-3199-0126.,Knits - Kids,bangur client,10/01/26,79.00,3000,0,0,0,Yes,True,163500.00,,Titly Paul,01/06/26,0,1,83,Yes,No,83,83,,3000,0,0,0,-,-,-,-,-,-,-,,-,-,-,-,-,-,-,-,-,-,-,-,-,-,-,-,-,-,-,-,-,-,-,-,-,-,-,-,-,-,-,-,-,-,-,-,-,-,-,-,-,-,-,-,-,-,-,-,-,-,-,-,-,-,-,-,-,-,-,-,-,-,-,-,-,-,-,-,-,-,-,0,0,0,0,0,0.00,0.00,0.00,,45.62,0,0
55,,04090/25-26,Demo-IB-UP-HS-3196-0126.,Knits - Kids,bangur client,10/01/26,79.00,3000,0,0,0,Yes,True,163500.00,,Titly Paul,01/06/26,0,1,83,Yes,No,83,83,,3000,0,0,0,-,-,-,-,-,-,-,,-,-,-,-,-,-,-,-,-,-,-,-,-,-,-,-,-,-,-,-,-,-,-,-,-,-,-,-,-,-,-,-,-,-,-,-,-,-,-,-,-,-,-,-,-,-,-,-,-,-,-,-,-,-,-,-,-,-,-,-,-,-,-,-,-,-,-,-,-,-,-,0,0,0,0,0,0.00,0.00,0.00,,45.62,0,0
-6,,04082/25-26,Demo-IB-UP-HS-3188-0126.,Knits - Kids,bangur client,10/01/26,79.00,3000,3000,900,30,Yes,True,163500.00,49050.00,Titly Paul,01/04/26,1,1,21,Yes,Yes,21,21,04/04/26,2100,900,0,0,,,,,5,,,0.062,1560.6,,,79121.9,8720,,,3000.00,3024.00,25/02/2026,28/02/2026,3024.00,"KNITS CUTTING (BLOCK- 4, 1ST FLOOR)",0,3,3024.00,3024.00,28/02/2026,09/03/2026,22680.00,LAXMI MACHINE MANORANJAN,0,9,-,-,-,-,-,-,0,0,3024.00,3012.00,02/03/2026,17/03/2026,27108.00,RUKSANA ENTERPRISE,12,15,-,-,-,-,-,-,0,0,-,-,-,-,-,-,0,0,3012.00,3012.00,31/03/2026,04/04/2026,3915.60,JAMINUL MONDAL,0,4,-,-,-,-,-,-,0,0,45,45,38,31,7,89402.50,56727.60,146130.10,48.32,45.12,-97080.10,29.8
-6,,04078/25-26,Demo-IB-UP-HS-3184-0126.,Knits - Kids,bangur client,10/01/26,79.00,3000,3000,900,30,Yes,True,163500.00,49050.00,Titly Paul,01/04/26,1,1,21,Yes,Yes,21,21,04/04/26,2100,900,0,0,6120,,,,,,,0.059,1560.6,,,76884.4,,,,3000.00,3024.00,25/02/2026,27/02/2026,3024.00,"KNITS CUTTING (BLOCK- 4, 1ST FLOOR)",0,2,3024.00,3024.00,27/02/2026,07/03/2026,18144.00,LAXMI TABLE ADITI,0,8,-,-,-,-,-,-,0,0,3024.00,3029.00,28/02/2026,14/03/2026,27261.00,FARHAN GARMENTS,0,14,-,-,-,-,-,-,0,0,-,-,-,-,-,-,0,0,3029.00,3029.00,30/03/2026,04/04/2026,3937.70,JAMINUL MONDAL,0,5,-,-,-,-,-,-,0,0,45,45,38,29,9,78445.00,52366.70,130811.70,42.79,45.62,-81761.70,29.8
13,,04075/25-26,Demo-SG-UP-HS-3280-0126,Knits - Kids,market lmtd,10/01/26,129.00,4500,4500,0,0,Yes,True,387000.00,,RIA PAUL,20/04/26,1,1,4,Yes,Yes,4,4,,4500,0,0,0,,,,,2,,,0.109,1644,,,174235.24,11564,,,4500.00,4704.00,18/02/2026,27/02/2026,4704.00,"KNITS CUTTING (BLOCK- 4, 1ST FLOOR)",0,9,4704.00,4704.00,09/03/2026,13/03/2026,37632.00,LAXMI MACHINE MANORANJAN,0,4,-,-,-,-,-,-,0,0,4704.00,4705.00,14/03/2026,31/03/2026,49402.50,TAPARIA BLOCK 4 4TH FLOOR (L FIROZ),0,17,-,-,-,-,-,-,0,0,-,-,-,-,-,-,0,0,4608.00,4608.00,01/04/2026,03/04/2026,6220.80,4TH FLOOR IRONING,0,2,4608.00,4592.00,01/04/2026,03/04/2026,4592.00,RAJ SARKAR (GARMENTS FINISHING CONTRACTOR),16,2,35,7,44,34,10,187443.24,104709.80,292153.04,61.44,63.44,-292153.04,0
24,,04087/25-26,Demo-IB-UP-HS-3193-0126.,Knits - Kids,bangur client,10/01/26,79.00,3000,3000,0,0,Yes,True,163500.00,,Titly Paul,01/05/26,1,1,49,Yes,Yes,49,49,,3000,0,0,0,,,,200.1,,,,0.064,,,,79128.1,,,,3000.00,3024.00,31/03/2026,04/04/2026,3024.00,"KNITS CUTTING (BLOCK- 4, 1ST FLOOR)",0,4,3024.00,0.00,06/04/2026,-,-,LAXMI MACHINE MANORANJAN,3024,2,-,-,-,-,-,-,0,0,-,-,-,-,-,-,0,0,-,-,-,-,-,-,0,0,-,-,-,-,-,-,0,0,-,-,-,-,-,-,0,0,-,-,-,-,-,-,0,0,75,72,4,6,-2,79128.10,3024.00,82152.10,26.47,45.62,-82152.10,0
-6,,04081/25-26,Demo-IB-UP-HS-3187-0126.,Knits - Kids,bangur client,10/01/26,79.00,3000,3000,900,30,Yes,True,163500.00,49050.00,Titly Paul,01/04/26,1,1,21,Yes,Yes,21,21,04/04/26,2100,900,0,0,6120,,,,,,,0.064,1560.6,,,84285.85,,,,3000.00,3024.00,25/02/2026,28/02/2026,3024.00,"KNITS CUTTING (BLOCK- 4, 1ST FLOOR)",0,3,3024.00,3024.00,28/02/2026,10/03/2026,22680.00,LAXMI MACHINE MANORANJAN,0,10,-,-,-,-,-,-,0,0,3024.00,3024.00,02/03/2026,27/03/2026,27216.00,QUICK SUPPLY,0,25,-,-,-,-,-,-,0,0,-,-,-,-,-,-,0,0,3011.00,3011.00,30/03/2026,04/04/2026,3914.30,JAMINUL MONDAL,0,5,-,-,-,-,-,-,0,0,45,45,38,43,-5,85846.45,56834.30,142680.75,45.56,45.62,-93630.75,29.8
24,,04084/25-26,Demo-IB-UP-HS-3190-0126.,Knits - Kids,bangur client,10/01/26,79.00,3000,3000,0,0,Yes,True,163500.00,,Titly Paul,01/05/26,1,1,49,Yes,Yes,49,49,,3000,0,0,0,6120,,,,,,,,1560.6,,,83819.1,,,,3000.00,0.00,31/03/2026,-,-,"KNITS CUTTING (BLOCK- 4, 1ST FLOOR)",3000,8,-,-,-,-,-,-,0,0,-,-,-,-,-,-,0,0,-,-,-,-,-,-,0,0,-,-,-,-,-,-,0,0,-,-,-,-,-,-,0,0,-,-,-,-,-,-,0,0,-,-,-,-,-,-,0,0,75,72,0,8,-8,85379.70,0.00,85379.70,27.94,45.62,-85379.70,0
-6,,04097/25-26,Demo-IB-LO-FP-3203-0126.,Knits - Kids,bangur client,12/01/26,129.00,2001,2001,792,39.6,Yes,True,147073.50,58212.00,Titly Paul,01/04/26,1,1,19,Yes,Yes,19,19,04/04/26,1209,792,0,0,40,,,,,,,0.063,3122.32,,,55680,,,,2001.00,2016.00,26/02/2026,28/02/2026,2016.00,"KNITS CUTTING (BLOCK- 4, 1ST FLOOR)",0,2,2016.00,2016.00,10/03/2026,17/03/2026,12096.00,LAXMI TABLE ADITI,0,7,-,-,-,-,-,-,0,0,2016.00,2017.00,06/03/2026,30/03/2026,23195.50,RAJDEEP GARMENTS,0,24,-,-,-,-,-,-,0,0,-,-,-,-,-,-,0,0,2001.00,2001.00,31/03/2026,31/03/2026,2001.00,4TH FLOOR IRONING,0,1,2001.00,2001.00,31/03/2026,06/04/2026,600.30,RAJ SARKAR (GARMENTS FINISHING CONTRACTOR),0,6,43,49,39,40,-1,58802.32,39908.80,98711.12,48.96,49.71,-40499.12,39.3
23,,04119/25-26,Demo-MU-KN-CA-TS-HS-SF-0043-0126,Knits - Men,market lmtd,12/01/26,249.00,4620,4620,0,0,Yes,True,674520.00,,Saikat Kr Das,30/04/26,1,1,3,Yes,Yes,3,3,,4620,0,0,0,,,,1147.8,,,,,,,,460762.8,,,,4620.00,0.00,31/03/2026,-,-,TAPARIA KHILKAPUR ( LAXMI GARMENTS ),4620,8,-,-,-,-,-,-,0,0,-,-,-,-,-,-,0,0,-,-,-,-,-,-,0,0,-,-,-,-,-,-,0,0,-,-,-,-,-,-,0,0,-,-,-,-,-,-,0,0,-,-,-,-,-,-,0,0,77,73,0,8,-8,460762.80,0.00,460762.80,99.73,0.00,-460762.80,0
-22,,04127/25-26,EB-Demo-UP-HS-3271-0126,Knits - Kids,intrn lmtd,12/01/26,199.00,3840,3840,0,0,Yes,True,376320.00,,SAYANTANI NANDI,16/03/26,1,1,4,Yes,Yes,4,4,,3840,0,0,0,4,,,,2,,,0.131,6885,4712,,206015.3,6675.4,,,3840.00,3792.00,14/03/2026,18/03/2026,3792.00,"KNITS CUTTING (BLOCK- 4, 1ST FLOOR)",48,4,3792.00,3792.00,18/03/2026,27/03/2026,30336.00,LAXMI TABLE ADITI,0,9,-,-,-,-,-,-,0,0,3792.00,3795.00,24/03/2026,06/04/2026,41745.00,BLOCK 4 STICHING BAPI GAZI,0,13,-,-,-,-,-,-,0,0,-,-,-,-,-,-,0,0,3795.00,0.00,07/04/2026,-,-,4TH FLOOR IRONING,3795,1,3795.00,0.00,07/04/2026,-,-,RAJ SARKAR (GARMENTS FINISHING CONTRACTOR),3795,1,42,54,23,28,-5,224287.70,75873.00,300160.70,79.16,0.00,-300160.70,0
55,,04115/25-26,Demo-IB-LO-FP-3217-0126.,Knits - Kids,bangur client,12/01/26,129.00,2001,0,0,0,Yes,True,147073.50,,Titly Paul,01/06/26,0,1,81,Yes,Yes,81,81,,2001,0,0,0,-,-,-,-,-,-,-,,-,-,-,-,-,-,-,-,-,-,-,-,-,-,-,-,-,-,-,-,-,-,-,-,-,-,-,-,-,-,-,-,-,-,-,-,-,-,-,-,-,-,-,-,-,-,-,-,-,-,-,-,-,-,-,-,-,-,-,-,-,-,-,-,-,-,-,-,-,-,-,0,0,0,0,0,0.00,0.00,0.00,,52.11,0,0
13,,04137/25-26,Demo-JB-UP-HS-3314-0126,Knits - Kids,market lmtd,12/01/26,99.00,3000,3000,0,0,Yes,True,198000.00,,Ananya Sen,20/04/26,1,1,3,Yes,Yes,3,3,,3000,0,0,0,6250,,,,616,,,0.091,1506.9,,,97187.36,1854,,,3000.00,3080.00,11/03/2026,16/03/2026,3080.00,"KNITS CUTTING (BLOCK- 4, 1ST FLOOR)",0,5,3080.00,3080.00,14/03/2026,24/03/2026,18480.00,CHITRA TRENDS,0,10,-,-,-,-,-,-,0,0,3080.00,3049.00,17/03/2026,04/04/2026,33539.00,MM Textiles,31,18,-,-,-,-,-,-,0,0,-,-,-,-,-,-,0,0,3049.00,0.00,06/04/2026,-,-,JAMINUL MONDAL,3049,2,-,-,-,-,-,-,0,0,31,45,24,35,-11,100548.26,55099.00,155647.26,50.53,55.70,-155647.26,0
-6,,04100/25-26,Demo-IB-LO-FP-3206-0126.,Knits - Kids,bangur client,12/01/26,129.00,2001,2001,792,39.6,Yes,True,147073.50,58212.00,Titly Paul,01/04/26,1,1,19,Yes,Yes,19,19,04/04/26,1209,792,0,0,40,,,,,,,0.064,3122.32,,,61147.8,,,,2001.00,2016.00,26/02/2026,28/02/2026,2016.00,"KNITS CUTTING (BLOCK- 4, 1ST FLOOR)",0,2,2016.00,2016.00,28/02/2026,14/03/2026,16128.00,LAXMI MACHINE MANORANJAN,0,14,-,-,-,-,-,-,0,0,2016.00,2016.00,06/03/2026,31/03/2026,22680.00,FARHAN GARMENTS,0,25,-,-,-,-,-,-,0,0,-,-,-,-,-,-,0,0,1978.00,1978.00,31/03/2026,01/04/2026,1978.00,4TH FLOOR IRONING,0,1,1978.00,1978.00,31/03/2026,06/04/2026,593.40,RAJ SARKAR (GARMENTS FINISHING CONTRACTOR),0,6,43,49,39,48,-9,64270.12,43880.40,108150.52,50.52,47.11,-49938.52,39.3
13,,04109/25-26,Demo-JG-UP-HS-3344-0126,Knits - Kids,market lmtd,12/01/26,99.00,4500,4500,0,0,Yes,True,297000.00,,RIA PAUL,20/04/26,1,1,2,Yes,Yes,2,2,,4500,0,0,0,4520,,,,,,,0.079,1444.4,,,118006.52,,,,4500.00,4424.00,25/03/2026,31/03/2026,4424.00,"KNITS CUTTING (BLOCK- 4, 1ST FLOOR)",76,6,4424.00,0.00,31/03/2026,-,-,LAXMI MACHINE MANORANJAN,4424,8,-,-,-,-,-,-,0,0,-,-,-,-,-,-,0,0,-,-,-,-,-,-,0,0,-,-,-,-,-,-,0,0,-,-,-,-,-,-,0,0,-,-,-,-,-,-,0,0,33,5,6,14,-8,119450.92,4424.00,123874.92,28.00,59.89,-123874.92,0
-8,,04141/25-26,Demo-JB-UP-SL-3317-0126,Knits - Kids,market lmtd,12/01/26,99.00,3000,3000,0,0,Yes,True,198000.00,,Ananya Sen,30/03/26,1,1,3,Yes,Yes,3,3,,3000,0,0,0,,,,,1,,,0.081,1583,,,90496.6,6311,,,3000.00,3200.00,24/02/2026,26/02/2026,3200.00,"KNITS CUTTING (BLOCK- 4, 1ST FLOOR)",0,2,3200.00,3200.00,26/02/2026,20/03/2026,25600.00,RAINBOW ENTERPRISE,0,22,-,-,-,-,-,-,0,0,3200.00,3195.00,28/02/2026,24/03/2026,36742.50,"RUKSANA ENTERPRISE, STORE",5,24,-,-,-,-,-,-,0,0,-,-,-,-,-,-,0,0,3195.00,3155.00,27/03/2026,02/04/2026,6941.00,JAMINUL MONDAL,40,6,-,-,-,-,-,-,0,0,31,45,37,54,-17,98390.60,72483.50,170874.10,53.40,56.31,-170874.10,0
13,,04104/25-26,Demo-JG-UP-HS-3341-0126,Knits - Kids,market lmtd,12/01/26,99.00,4500,4500,0,0,Yes,True,297000.00,,RIA PAUL,20/04/26,1,1,2,Yes,Yes,2,2,,4500,0,0,0,,,,375.84,,,,0.081,,,,129039.4,,,,4500.00,4512.00,26/03/2026,01/04/2026,4512.00,TAPARIA KHILKAPUR ( LAXMI GARMENTS ),0,6,4512.00,0.00,01/04/2026,-,-,LAXMI TABLE ADITI,4512,7,-,-,-,-,-,-,0,0,-,-,-,-,-,-,0,0,-,-,-,-,-,-,0,0,-,-,-,-,-,-,0,0,-,-,-,-,-,-,0,0,-,-,-,-,-,-,0,0,33,5,6,13,-7,129039.40,4512.00,133551.40,28.75,59.89,-133551.40,0
13,,04133/25-26,Demo-JB-UP-HS-3311-0126,Knits - Kids,market lmtd,12/01/26,99.00,3000,3000,0,0,Yes,True,198000.00,,Ananya Sen,20/04/26,1,1,3,Yes,Yes,3,3,,3000,0,0,0,3250,,,,,,,0.103,1490,,,104173.4,,,,3000.00,2960.00,17/02/2026,23/02/2026,2960.00,"KNITS CUTTING (BLOCK- 4, 1ST FLOOR)",40,6,2960.00,2960.00,23/02/2026,26/03/2026,20720.00,LAXMI MACHINE MANORANJAN,0,31,-,-,-,-,-,-,0,0,2960.00,0.00,28/02/2026,-,-,"STORE, TAPARIA BLOCK 4 4TH FLOOR (L FIROZ)",2960,39,-,-,-,-,-,-,0,0,-,-,-,-,-,-,0,0,-,-,-,-,-,-,0,0,-,-,-,-,-,-,0,0,31,45,37,76,-39,105663.40,23680.00,129343.40,43.70,55.70,-129343.40,0
55,,04112/25-26,Demo-IB-LO-FP-3214-0126.,Knits - Kids,bangur client,12/01/26,129.00,2001,2001,0,0,Yes,True,147073.50,,Titly Paul,01/06/26,1,1,47,Yes,Yes,47,47,,2001,0,0,0,-,-,-,-,-,-,-,,-,-,-,-,-,-,-,-,-,-,-,-,-,-,-,-,-,-,-,-,-,-,-,-,-,-,-,-,-,-,-,-,-,-,-,-,-,-,-,-,-,-,-,-,-,-,-,-,-,-,-,-,-,-,-,-,-,-,-,-,-,-,-,-,-,-,-,-,-,-,-,65,0,0,0,0,0.00,0.00,0.00,,52.11,0,0
-6,,04095/25-26,Demo-IB-LO-FP-3201-0126.,Knits - Kids,bangur client,12/01/26,129.00,2001,2001,792,39.6,Yes,True,147073.50,58212.00,Titly Paul,01/04/26,1,1,19,Yes,Yes,19,19,04/04/26,1209,792,0,0,40,,,,,,,0.064,3120.4,,,61476,1485,,,2001.00,2016.00,26/02/2026,28/02/2026,2016.00,"KNITS CUTTING (BLOCK- 4, 1ST FLOOR)",0,2,2016.00,2016.00,28/02/2026,13/03/2026,16128.00,LAXMI MACHINE MANORANJAN,0,13,-,-,-,-,-,-,0,0,2016.00,2016.00,06/03/2026,31/03/2026,23184.00,PRIYANKA GARMENTS (MADHU HALDER),0,25,-,-,-,-,-,-,0,0,-,-,-,-,-,-,0,0,1923.00,1923.00,31/03/2026,31/03/2026,1923.00,4TH FLOOR IRONING,0,1,1923.00,1923.00,31/03/2026,06/04/2026,576.90,RAJ SARKAR (GARMENTS FINISHING CONTRACTOR),0,6,43,49,39,47,-8,66081.40,43827.90,109909.30,52.26,49.71,-51697.30,39.3
24,,04103/25-26,Demo-IB-LO-FP-3209-0126.,Knits - Kids,bangur client,12/01/26,129.00,2001,2001,0,0,Yes,True,147073.50,,Titly Paul,01/05/26,1,1,61,No,Yes,61,0,,2001,0,0,0,30,,,,,,,0.067,2519,,,59160,,,,2001.00,2016.00,28/03/2026,31/03/2026,2016.00,"KNITS CUTTING (BLOCK- 4, 1ST FLOOR)",0,3,2016.00,0.00,31/03/2026,-,-,LAXMI MACHINE MANORANJAN,2016,8,-,-,-,-,-,-,0,0,-,-,-,-,-,-,0,0,-,-,-,-,-,-,0,0,-,-,-,-,-,-,0,0,-,-,-,-,-,-,0,0,-,-,-,-,-,-,0,0,0,70,3,11,-8,61679.00,2016.00,63695.00,31.59,54.71,-63695.00,0
23,,04106/25-26,Demo-JG-UP-HS-3342-0126,Knits - Kids,market lmtd,12/01/26,99.00,4500,4500,0,0,Yes,True,297000.00,,RIA PAUL,30/04/26,1,1,2,Yes,Yes,2,2,,4500,0,0,0,4600,,,,,,,0.082,1912,,,129307.28,,,,4500.00,4536.00,16/03/2026,18/03/2026,4536.00,"KNITS CUTTING (BLOCK- 4, 1ST FLOOR)",0,2,4536.00,4536.00,18/03/2026,24/03/2026,31752.00,LAXMI MACHINE MANORANJAN,0,6,-,-,-,-,-,-,0,0,4536.00,0.00,19/03/2026,-,-,"STORE, TAPARIA BLOCK 4 4TH FLOOR (L FIROZ)",4536,20,-,-,-,-,-,-,0,0,-,-,-,-,-,-,0,0,-,-,-,-,-,-,0,0,-,-,-,-,-,-,0,0,33,5,8,28,-20,131219.28,36288.00,167507.28,36.47,59.89,-167507.28,0
24,,04110/25-26,Demo-IB-LO-FP-3212-0126.,Knits - Kids,bangur client,12/01/26,129.00,2001,2001,0,0,Yes,True,147073.50,,Titly Paul,01/05/26,1,1,47,Yes,Yes,47,47,,2001,0,0,0,30,,,,,,,0.068,2600.4,,,101926.8,,,,2001.00,2016.00,25/03/2026,28/03/2026,2016.00,"KNITS CUTTING (BLOCK- 4, 1ST FLOOR)",0,3,2016.00,2016.00,28/03/2026,07/04/2026,12096.00,LAXMI TABLE ADITI,0,10,-,-,-,-,-,-,0,0,2016.00,0.00,31/03/2026,-,-,"FARHAN GARMENTS, STORE",2016,8,-,-,-,-,-,-,0,0,-,-,-,-,-,-,0,0,-,-,-,-,-,-,0,0,-,-,-,-,-,-,0,0,65,70,13,21,-8,104527.20,14112.00,118639.20,39.75,52.11,-118639.20,0
55,,04113/25-26,Demo-IB-LO-FP-3215-0126.,Knits - Kids,bangur client,12/01/26,129.00,2001,0,0,0,Yes,True,147073.50,,Titly Paul,01/06/26,0,1,81,Yes,Yes,81,81,,2001,0,0,0,-,-,-,-,-,-,-,,-,-,-,-,-,-,-,-,-,-,-,-,-,-,-,-,-,-,-,-,-,-,-,-,-,-,-,-,-,-,-,-,-,-,-,-,-,-,-,-,-,-,-,-,-,-,-,-,-,-,-,-,-,-,-,-,-,-,-,-,-,-,-,-,-,-,-,-,-,-,-,0,0,0,0,0,0.00,0.00,0.00,,54.71,0,0
55,,04116/25-26,Demo-IB-LO-FP-3218-0126.,Knits - Kids,bangur client,12/01/26,129.00,2001,2001,0,0,Yes,True,147073.50,,Titly Paul,01/06/26,1,1,47,Yes,Yes,47,47,,2001,0,0,0,-,-,-,-,-,-,-,,-,-,-,-,-,-,-,-,-,-,-,-,-,-,-,-,-,-,-,-,-,-,-,-,-,-,-,-,-,-,-,-,-,-,-,-,-,-,-,-,-,-,-,-,-,-,-,-,-,-,-,-,-,-,-,-,-,-,-,-,-,-,-,-,-,-,-,-,-,-,-,65,0,0,0,0,0.00,0.00,0.00,,52.11,0,0
-25,,04132/25-26,Demo-MU-KN-CA-TS-HS-SF-0048-0126,Knits - Men,vill ltd,12/01/26,350.00,1500,1500,0,0,Yes,True,165000.00,,Saikat Kr Das,13/03/26,1,1,3,Yes,Yes,3,3,,1500,0,0,0,2,,,,1,,,0.231,8279.1,6342.6,,117312.55,3981.7,,,1500.00,1416.00,05/03/2026,07/03/2026,1416.00,"KNITS CUTTING (BLOCK- 4, 1ST FLOOR)",84,2,-,-,-,-,-,-,0,0,-,-,-,-,-,-,0,0,1416.00,1416.00,22/02/2026,02/04/2026,21240.00,"BLOCK 4 STICHING BAPI GAZI, TAPARIA BLOCK 4 4TH FLOOR (L FIROZ)",0,39,-,-,-,-,-,-,0,0,-,-,-,-,-,-,0,0,1334.00,0.00,07/04/2026,-,-,TIPL BLOCK 4 2ND FLOOR FINISHING ( MUNNA DA ),1334,1,-,-,-,-,-,-,0,0,44,49,39,42,-3,135915.95,22656.00,158571.95,111.99,0.00,-158571.95,0
-22,,04128/25-26,EB-Demo-UP-HS-3272-0126,Knits - Kids,intrn lmtd,12/01/26,199.00,3840,3841,0,0,Yes,True,376320.00,,SAYANTANI NANDI,16/03/26,1,1,4,Yes,Yes,4,4,,3840,0,0,0,4,,,,,,,0.136,1704,,,225342,,,,3841.00,3710.00,02/03/2026,17/03/2026,3710.00,"KNITS CUTTING (BLOCK- 4, 1ST FLOOR)",131,15,3710.00,3710.00,17/03/2026,28/03/2026,44520.00,LAXMI MACHINE MANORANJAN,0,11,-,-,-,-,-,-,0,0,3710.00,0.00,24/03/2026,-,-,TAPARIA BLOCK 4 4TH FLOOR (L FIROZ),3710,15,-,-,-,-,-,-,0,0,-,-,-,-,-,-,0,0,-,-,-,-,-,-,0,0,-,-,-,-,-,-,0,0,42,54,26,41,-15,227046.00,48230.00,275276.00,74.20,0.00,-275276.00,0
13,,04135/25-26,Demo-JB-UP-HS-3312-0126,Knits - Kids,market lmtd,12/01/26,99.00,3000,3000,0,0,Yes,True,198000.00,,Ananya Sen,20/04/26,1,1,3,Yes,Yes,3,3,,3000,0,0,0,2800,,,,,,,0.101,1306.8,,,93755.32,,,,3000.00,2740.00,16/02/2026,19/02/2026,2740.00,"KNITS CUTTING (BLOCK- 4, 1ST FLOOR)",260,3,2740.00,2740.00,20/02/2026,20/03/2026,19180.00,LAXMI MACHINE MANORANJAN,0,28,-,-,-,-,-,-,0,0,2740.00,0.00,28/02/2026,-,-,"STORE, TAPARIA BLOCK 4 4TH FLOOR (L FIROZ)",2740,39,-,-,-,-,-,-,0,0,-,-,-,-,-,-,0,0,-,-,-,-,-,-,0,0,-,-,-,-,-,-,0,0,31,45,32,70,-38,95062.12,21920.00,116982.12,42.69,55.70,-116982.12,0
-25,,04142/25-26,Demo-MU-KN-CA-TS-HS-SF-0051-0126,Knits - Men,vill ltd,12/01/26,250.00,1000,1000,0,0,Yes,True,145000.00,,Saikat Kr Das,13/03/26,1,1,3,Yes,Yes,3,3,,1000,0,0,0,1,,,,,,,0.3,454.3,1488,,149256.5,,,,1000.00,976.00,13/03/2026,23/03/2026,976.00,"KNITS CUTTING (BLOCK- 4, 1ST FLOOR)",24,10,-,-,-,-,-,-,0,0,-,-,-,-,-,-,0,0,976.00,0.00,26/03/2026,-,-,"BLOCK 4 STICHING BAPI GAZI, TAPARIA  BLOCK 4, 2ND FLOOR,( ANIL )",976,13,-,-,-,-,-,-,0,0,-,-,-,-,-,-,0,0,-,-,-,-,-,-,0,0,-,-,-,-,-,-,0,0,47,49,10,23,-13,151198.80,976.00,152174.80,155.92,0.00,-152174.80,0
13,,04138/25-26,Demo-JB-UP-HS-3315-0126,Knits - Kids,market lmtd,12/01/26,99.00,3000,3000,0,0,Yes,True,198000.00,,Ananya Sen,20/04/26,1,1,3,Yes,Yes,3,3,,3000,0,0,0,,,,269,,,,0.09,,,,90898,,,,3000.00,3000.00,02/04/2026,06/04/2026,3000.00,"KNITS CUTTING (BLOCK- 4, 1ST FLOOR)",0,4,3000.00,0.00,06/04/2026,-,-,CHITRA TRENDS,3000,2,-,-,-,-,-,-,0,0,-,-,-,-,-,-,0,0,-,-,-,-,-,-,0,0,-,-,-,-,-,-,0,0,-,-,-,-,-,-,0,0,-,-,-,-,-,-,0,0,31,45,4,6,-2,90898.00,3000.00,93898.00,31.30,55.70,-93898.00,0
-6,,04099/25-26,Demo-IB-LO-FP-3205-0126.,Knits - Kids,bangur client,12/01/26,129.00,2001,2001,792,39.6,Yes,True,147073.50,58212.00,Titly Paul,01/04/26,1,1,19,Yes,Yes,19,19,04/04/26,1209,792,0,0,40,,,,5,,,0.063,3122.32,,,47488,3440,,,2001.00,2016.00,26/02/2026,28/02/2026,2016.00,"KNITS CUTTING (BLOCK- 4, 1ST FLOOR)",0,2,2016.00,2016.00,10/03/2026,18/03/2026,12096.00,LAXMI TABLE ADITI,0,8,-,-,-,-,-,-,0,0,2016.00,2001.00,06/03/2026,02/04/2026,22011.00,TAPARIA BLOCK 4 4TH FLOOR (L FIROZ),15,27,-,-,-,-,-,-,0,0,-,-,-,-,-,-,0,0,2001.00,1201.00,02/04/2026,06/04/2026,960.80,4TH FLOOR IRONING,800,4,2001.00,1201.00,02/04/2026,06/04/2026,360.30,RAJ SARKAR (GARMENTS FINISHING CONTRACTOR),800,4,43,49,39,45,-6,54050.32,37444.10,91494.42,45.38,52.11,-33282.42,39.3
24,,04102/25-26,Demo-IB-LO-FP-3208-0126.,Knits - Kids,bangur client,12/01/26,129.00,2001,2001,0,0,Yes,True,147073.50,,Titly Paul,01/05/26,1,1,47,Yes,Yes,47,47,,2001,0,0,0,30,,,,,,,0.068,2600.4,,,106920,,,,2001.00,2016.00,25/03/2026,28/03/2026,2016.00,"KNITS CUTTING (BLOCK- 4, 1ST FLOOR)",0,3,2016.00,2016.00,28/03/2026,04/04/2026,8064.00,LAXMI MACHINE MANORANJAN,0,7,-,-,-,-,-,-,0,0,-,-,-,-,-,-,0,0,-,-,-,-,-,-,0,0,-,-,-,-,-,-,0,0,-,-,-,-,-,-,0,0,-,-,-,-,-,-,0,0,65,70,10,10,0,109520.40,10080.00,119600.40,40.92,52.11,-119600.40,0
-6,,04096/25-26,Demo-IB-LO-FP-3202-0126.,Knits - Kids,bangur client,12/01/26,129.00,2001,2001,792,39.6,Yes,True,147073.50,58212.00,Titly Paul,01/04/26,1,1,19,Yes,Yes,19,19,04/04/26,1209,792,0,0,40,,,,,,,0.056,3122.32,,,54600,,,,2001.00,2016.00,26/02/2026,28/02/2026,2016.00,"KNITS CUTTING (BLOCK- 4, 1ST FLOOR)",0,2,2016.00,2016.00,28/02/2026,19/03/2026,12096.00,LAXMI TABLE ADITI,0,19,-,-,-,-,-,-,0,0,2016.00,1914.00,06/03/2026,01/04/2026,22968.00,TAPARIA BLOCK 24 (L SUBRATA),102,26,-,-,-,-,-,-,0,0,-,-,-,-,-,-,0,0,1914.00,1914.00,02/04/2026,06/04/2026,1722.60,4TH FLOOR IRONING,0,4,1914.00,1914.00,02/04/2026,06/04/2026,574.20,RAJ SARKAR (GARMENTS FINISHING CONTRACTOR),0,4,43,49,39,55,-16,57722.32,39376.80,97099.12,45.21,51.11,-38887.12,39.3
24,,04108/25-26,Demo-IB-LO-FP-3211-0126.,Knits - Kids,bangur client,12/01/26,129.00,2001,2001,0,0,Yes,True,147073.50,,Titly Paul,01/05/26,1,1,61,No,Yes,61,0,,2001,0,0,0,30,,,,,,,0.066,2631,,,49714,,,,2001.00,2016.00,28/03/2026,31/03/2026,2016.00,"KNITS CUTTING (BLOCK- 4, 1ST FLOOR)",0,3,2016.00,0.00,31/03/2026,-,-,LAXMI MACHINE MANORANJAN,2016,8,-,-,-,-,-,-,0,0,-,-,-,-,-,-,0,0,-,-,-,-,-,-,0,0,-,-,-,-,-,-,0,0,-,-,-,-,-,-,0,0,-,-,-,-,-,-,0,0,0,70,3,11,-8,52345.00,2016.00,54361.00,26.96,52.11,-54361.00,0
89,,04118/25-26,Demo-MU-KN-CA-TS-HS-SF-0042-0126,Knits - Men,market lmtd,12/01/26,249.00,4620,4620,0,0,Yes,True,674520.00,,Saikat Kr Das,05/07/26,1,1,3,Yes,Yes,3,3,,4620,0,0,0,,,,1156.55,,,,,,,,462620,,,,4620.00,0.00,31/03/2026,-,-,TAPARIA KHILKAPUR ( LAXMI GARMENTS ),4620,8,-,-,-,-,-,-,0,0,-,-,-,-,-,-,0,0,-,-,-,-,-,-,0,0,-,-,-,-,-,-,0,0,-,-,-,-,-,-,0,0,-,-,-,-,-,-,0,0,-,-,-,-,-,-,0,0,77,73,0,8,-8,462620.00,0.00,462620.00,100.13,0.00,-462620.00,0
-25,,04131/25-26,Demo-MU-KN-CA-TS-HS-SF-0047-0126,Knits - Men,vill ltd,12/01/26,350.00,1500,1500,0,0,Yes,True,165000.00,,Saikat Kr Das,13/03/26,1,1,3,Yes,Yes,3,3,,1500,0,0,0,2,,,,1,,,0.249,7738.66,,,128298.5,3236.7,,,1500.00,1320.00,05/03/2026,07/03/2026,1320.00,"KNITS CUTTING (BLOCK- 4, 1ST FLOOR)",180,2,-,-,-,-,-,-,0,0,-,-,-,-,-,-,0,0,1320.00,1330.00,07/03/2026,13/03/2026,19950.00,TAPARIA BLOCK 24 (L SUBRATA),0,6,-,-,-,-,-,-,0,0,-,-,-,-,-,-,0,0,1299.00,0.00,07/04/2026,-,-,TIPL BLOCK 4 2ND FLOOR FINISHING ( MUNNA DA ),1299,1,-,-,-,-,-,-,0,0,44,49,8,9,-1,139273.86,21270.00,160543.86,121.62,0.00,-160543.86,0
-25,,04139/25-26,Demo-MU-KN-CA-TS-HS-SF-0050-0126,Knits - Men,vill ltd,12/01/26,350.00,1000,1000,0,0,Yes,True,145000.00,,Saikat Kr Das,13/03/26,1,1,3,Yes,Yes,3,3,,1000,0,0,0,1,,,,,,,0.28,509.2,1392,,113733.7,,,,1000.00,1008.00,07/03/2026,16/03/2026,1008.00,"KNITS CUTTING (BLOCK- 4, 1ST FLOOR)",0,9,-,-,-,-,-,-,0,0,-,-,-,-,-,-,0,0,1008.00,0.00,18/03/2026,-,-,BLOCK 4 STICHING BAPI GAZI,1008,21,-,-,-,-,-,-,0,0,-,-,-,-,-,-,0,0,-,-,-,-,-,-,0,0,-,-,-,-,-,-,0,0,46,49,9,30,-21,115634.90,1008.00,116642.90,115.72,0.00,-116642.90,0
13,,04136/25-26,Demo-JB-UP-HS-3313-0126,Knits - Kids,market lmtd,12/01/26,99.00,3000,3000,0,0,Yes,True,198000.00,,Ananya Sen,20/04/26,1,1,3,Yes,Yes,3,3,,3000,0,0,0,3200,,,,,,,0.1,1570,,,106963,,,,3000.00,3160.00,11/03/2026,18/03/2026,3160.00,"KNITS CUTTING (BLOCK- 4, 1ST FLOOR)",0,7,3160.00,3160.00,18/03/2026,27/03/2026,25280.00,LAXMI MACHINE MANORANJAN,0,9,-,-,-,-,-,-,0,0,3160.00,0.00,19/03/2026,-,-,"RUKSANA ENTERPRISE, STORE",3160,20,-,-,-,-,-,-,0,0,-,-,-,-,-,-,0,0,-,-,-,-,-,-,0,0,-,-,-,-,-,-,0,0,31,45,16,36,-20,108533.00,28440.00,136973.00,43.35,55.70,-136973.00,0
13,,04140/25-26,Demo-JB-UP-SL-3316-0126,Knits - Kids,market lmtd,12/01/26,99.00,3000,3000,0,0,Yes,True,198000.00,,Ananya Sen,20/04/26,1,1,3,Yes,Yes,3,3,,3000,0,0,0,3200,,,,,,,0.079,1429.2,,,91873.8,,,,3000.00,3160.00,06/03/2026,13/03/2026,3160.00,"KNITS CUTTING (BLOCK- 4, 1ST FLOOR)",0,7,3160.00,3160.00,13/03/2026,20/03/2026,18960.00,RAINBOW ENTERPRISE,0,7,-,-,-,-,-,-,0,0,3160.00,0.00,14/03/2026,-,-,TAPARIA BLOCK 24 (L SUBRATA),3160,25,-,-,-,-,-,-,0,0,-,-,-,-,-,-,0,0,-,-,-,-,-,-,0,0,-,-,-,-,-,-,0,0,31,45,14,39,-25,93303.00,22120.00,115423.00,33.98,56.31,-115423.00,0
13,,04146/25-26,Demo-JB-UP-SL-3319-0126,Knits - Kids,market lmtd,12/01/26,99.00,3000,3000,0,0,Yes,True,198000.00,,Ananya Sen,20/04/26,1,1,3,Yes,Yes,3,3,,3000,0,0,0,,,,238.92,,,,,,,,84079.08,,,,3000.00,0.00,26/03/2026,-,-,TAPARIA KHILKAPUR ( LAXMI GARMENTS ),3000,13,-,-,-,-,-,-,0,0,-,-,-,-,-,-,0,0,-,-,-,-,-,-,0,0,-,-,-,-,-,-,0,0,-,-,-,-,-,-,0,0,-,-,-,-,-,-,0,0,-,-,-,-,-,-,0,0,31,45,0,13,-13,84079.08,0.00,84079.08,28.03,56.31,-84079.08,0
24,,04101/25-26,Demo-IB-LO-FP-3207-0126.,Knits - Kids,bangur client,12/01/26,129.00,2001,2001,0,0,Yes,True,147073.50,,Titly Paul,01/05/26,1,1,47,Yes,Yes,47,47,,2001,0,0,0,30,,,,,,,0.068,2600.4,,,103490.4,,,,2001.00,2016.00,25/03/2026,27/03/2026,2016.00,"KNITS CUTTING (BLOCK- 4, 1ST FLOOR)",0,2,2016.00,2016.00,28/03/2026,04/04/2026,16128.00,LAXMI MACHINE MANORANJAN,0,7,-,-,-,-,-,-,0,0,2016.00,0.00,31/03/2026,-,-,"RAJDEEP GARMENTS , STORE",2016,8,-,-,-,-,-,-,0,0,-,-,-,-,-,-,0,0,-,-,-,-,-,-,0,0,-,-,-,-,-,-,0,0,65,70,10,17,-7,106090.80,18144.00,124234.80,43.40,54.71,-124234.80,0
-6,,04098/25-26,Demo-IB-LO-FP-3204-0126.,Knits - Kids,bangur client,12/01/26,129.00,2001,2001,792,39.6,Yes,True,147073.50,58212.00,Titly Paul,01/04/26,1,1,19,Yes,Yes,19,19,04/04/26,1209,792,0,0,40,,,,,,,0.064,3122.32,,,62133,2970,,,2001.00,2016.00,26/02/2026,28/02/2026,2016.00,"KNITS CUTTING (BLOCK- 4, 1ST FLOOR)",0,2,2016.00,2016.00,10/03/2026,17/03/2026,16128.00,LAXMI TABLE ADITI,0,7,2001.00,2001.00,20/03/2026,02/04/2026,3001.50,AKIB JABED EMBROIDARY,0,13,2016.00,2018.00,06/03/2026,30/03/2026,24216.00,RAJDEEP GARMENTS,0,24,-,-,-,-,-,-,0,0,-,-,-,-,-,-,0,0,2005.00,2005.00,31/03/2026,01/04/2026,2005.00,4TH FLOOR IRONING,0,1,2005.00,2005.00,31/03/2026,06/04/2026,601.50,RAJ SARKAR (GARMENTS FINISHING CONTRACTOR),0,6,43,49,39,53,-14,68225.32,47968.00,116193.32,55.90,53.71,-57981.32,39.3
24,,04105/25-26,Demo-IB-LO-FP-3210-0126.,Knits - Kids,bangur client,12/01/26,129.00,2001,2001,0,0,Yes,True,147073.50,,Titly Paul,01/05/26,1,1,47,Yes,Yes,47,47,,2001,0,0,0,30,,,,,,,0.068,2600.4,,,110543.1,,,,2001.00,2016.00,25/03/2026,28/03/2026,2016.00,"KNITS CUTTING (BLOCK- 4, 1ST FLOOR)",0,3,2016.00,2016.00,30/03/2026,04/04/2026,16128.00,LAXMI MACHINE MANORANJAN,0,5,-,-,-,-,-,-,0,0,-,-,-,-,-,-,0,0,-,-,-,-,-,-,0,0,-,-,-,-,-,-,0,0,-,-,-,-,-,-,0,0,-,-,-,-,-,-,0,0,65,70,10,8,2,113143.50,18144.00,131287.50,46.03,54.71,-131287.50,0
55,,04111/25-26,Demo-IB-LO-FP-3213-0126.,Knits - Kids,bangur client,12/01/26,129.00,2001,2001,0,0,Yes,True,147073.50,,Titly Paul,01/06/26,1,1,47,Yes,Yes,47,47,,2001,0,0,0,-,-,-,-,-,-,-,,-,-,-,-,-,-,-,-,-,-,-,-,-,-,-,-,-,-,-,-,-,-,-,-,-,-,-,-,-,-,-,-,-,-,-,-,-,-,-,-,-,-,-,-,-,-,-,-,-,-,-,-,-,-,-,-,-,-,-,-,-,-,-,-,-,-,-,-,-,-,-,65,0,0,0,0,0.00,0.00,0.00,,54.71,0,0
23,,04120/25-26,Demo-MU-KN-CA-TS-HS-SF-0044-0126,Knits - Men,market lmtd,12/01/26,249.00,4620,4620,0,0,Yes,True,674520.00,,Saikat Kr Das,30/04/26,1,1,3,Yes,Yes,3,3,,4620,0,0,0,,,,1176.16,,,,,,,,446940.8,,,,4620.00,0.00,31/03/2026,-,-,TAPARIA KHILKAPUR ( LAXMI GARMENTS ),4620,8,-,-,-,-,-,-,0,0,-,-,-,-,-,-,0,0,-,-,-,-,-,-,0,0,-,-,-,-,-,-,0,0,-,-,-,-,-,-,0,0,-,-,-,-,-,-,0,0,-,-,-,-,-,-,0,0,77,73,0,8,-8,446940.80,0.00,446940.80,96.74,0.00,-446940.80,0
89,,04117/25-26,Demo-MU-KN-CA-TS-HS-SF-0041-0126,Knits - Men,market lmtd,12/01/26,249.00,4620,4620,0,0,Yes,True,674520.00,,Saikat Kr Das,05/07/26,1,1,3,Yes,Yes,3,3,,4620,0,0,0,,,,1145.65,,,,,,,,435347,,,,4620.00,0.00,31/03/2026,-,-,TAPARIA KHILKAPUR ( LAXMI GARMENTS ),4620,8,-,-,-,-,-,-,0,0,-,-,-,-,-,-,0,0,-,-,-,-,-,-,0,0,-,-,-,-,-,-,0,0,-,-,-,-,-,-,0,0,-,-,-,-,-,-,0,0,-,-,-,-,-,-,0,0,77,73,0,8,-8,435347.00,0.00,435347.00,94.23,0.00,-435347.00,0
55,,04114/25-26,Demo-IB-LO-FP-3216-0126.,Knits - Kids,bangur client,12/01/26,129.00,2001,2001,0,0,Yes,True,147073.50,,Titly Paul,01/06/26,1,1,47,Yes,Yes,47,47,,2001,0,0,0,-,-,-,-,-,-,-,,-,-,-,-,-,-,-,-,-,-,-,-,-,-,-,-,-,-,-,-,-,-,-,-,-,-,-,-,-,-,-,-,-,-,-,-,-,-,-,-,-,-,-,-,-,-,-,-,-,-,-,-,-,-,-,-,-,-,-,-,-,-,-,-,-,-,-,-,-,-,-,65,0,0,0,0,0.00,0.00,0.00,,54.71,0,0
-22,,04126/25-26,EB-JB-UP-HS-3270-0126,Knits - Kids,intrn lmtd,12/01/26,159.00,3839,3839,0,0,Yes,True,310959.00,,SAYANTANI NANDI,16/03/26,1,1,4,Yes,Yes,4,4,,3839,0,0,0,4,,,,2,,,0.087,3148,4340,,145071.75,6741,,,3839.00,3888.00,02/03/2026,13/03/2026,3888.00,"KNITS CUTTING (BLOCK- 4, 1ST FLOOR)",0,11,3888.00,3888.00,16/03/2026,18/03/2026,27216.00,LAXMI MACHINE MANORANJAN,0,2,-,-,-,-,-,-,0,0,3888.00,3902.00,13/03/2026,02/04/2026,44873.00,BLOCK 4 STICHING BAPI GAZI,0,20,-,-,-,-,-,-,0,0,-,-,-,-,-,-,0,0,-,-,-,-,-,-,0,0,3902.00,0.00,03/04/2026,-,-,RAJ SARKAR (GARMENTS FINISHING CONTRACTOR),3902,5,42,61,31,38,-7,159300.75,75977.00,235277.75,60.13,0.00,-235277.75,0
-22,,04129/25-26,Demo-MU-KN-CA-TS-HS-SF-0045-0126,Knits - Men,vill ltd,12/01/26,350.00,1500,1500,0,0,Yes,True,165000.00,,Saikat Kr Das,16/03/26,1,1,3,Yes,Yes,3,3,,1500,0,0,48,1,,,,,,,0.236,8763.32,2552,,165929,4940,,,1832.00,1832.00,13/03/2026,17/03/2026,1832.00,"KNITS CUTTING (BLOCK- 4, 1ST FLOOR)",0,4,-,-,-,-,-,-,0,0,-,-,-,-,-,-,0,0,1832.00,1804.00,18/03/2026,31/03/2026,27060.00,BLOCK 4 STICHING BAPI GAZI,28,13,-,-,-,-,-,-,0,0,-,-,-,-,-,-,0,0,-,-,-,-,-,-,0,0,-,-,-,-,-,-,0,0,57,49,18,17,1,182184.32,28892.00,211076.32,115.22,0.00,-211076.32,0
-22,,04134/25-26,Demo-MU-KN-CA-TS-HS-SF-0049-0126,Knits - Men,vill ltd,12/01/26,250.00,1000,1000,0,0,Yes,True,145000.00,,Saikat Kr Das,16/03/26,1,1,3,Yes,Yes,3,3,,1000,0,0,0,1,,,,,,,0.284,509.2,1392,,115517.5,,,,1000.00,1008.00,07/03/2026,16/03/2026,1008.00,"KNITS CUTTING (BLOCK- 4, 1ST FLOOR)",0,9,-,-,-,-,-,-,0,0,-,-,-,-,-,-,0,0,1008.00,0.00,18/03/2026,-,-,BLOCK 4 STICHING BAPI GAZI,1008,21,-,-,-,-,-,-,0,0,-,-,-,-,-,-,0,0,-,-,-,-,-,-,0,0,-,-,-,-,-,-,0,0,46,49,9,30,-21,117418.70,1008.00,118426.70,117.49,0.00,-118426.70,0
-25,,04130/25-26,Demo-MU-KN-CA-TS-HS-SF-0046-0126,Knits - Men,vill ltd,12/01/26,350.00,1500,1500,0,0,Yes,True,165000.00,,Saikat Kr Das,13/03/26,1,1,3,Yes,Yes,3,3,,1500,0,0,0,2,,,,,,,0.264,8700.24,2320,,172708.2,,,,1500.00,1624.00,14/03/2026,17/03/2026,1624.00,"KNITS CUTTING (BLOCK- 4, 1ST FLOOR)",0,3,-,-,-,-,-,-,0,0,-,-,-,-,-,-,0,0,1624.00,1621.00,18/03/2026,28/03/2026,24315.00,BLOCK 4 STICHING BAPI GAZI,3,10,-,-,-,-,-,-,0,0,-,-,-,-,-,-,0,0,1621.00,0.00,06/04/2026,-,-,TIPL BLOCK 4 2ND FLOOR FINISHING ( MUNNA DA ),1621,2,-,-,-,-,-,-,0,0,57,49,14,15,-1,183728.44,25939.00,209667.44,129.11,0.00,-209667.44,0
-8,,04143/25-26,Demo-JB-UP-SL-3318-0126,Knits - Kids,market lmtd,12/01/26,99.00,3000,3000,0,0,Yes,True,198000.00,,Ananya Sen,30/03/26,1,1,3,Yes,Yes,3,3,,3000,0,0,0,3200,,,,,,,0.084,1550.8,,,95847.64,,,,3000.00,2965.00,17/02/2026,24/02/2026,2965.00,"KNITS CUTTING (BLOCK- 4, 1ST FLOOR)",35,7,2965.00,2965.00,25/02/2026,19/03/2026,47440.00,LAXMI TABLE ADITI,0,22,-,-,-,-,-,-,0,0,2965.00,2908.00,21/02/2026,07/04/2026,26172.00,TAPARIA BLOCK 4 4TH FLOOR (L FIROZ),57,45,-,-,-,-,-,-,0,0,-,-,-,-,-,-,0,0,-,-,-,-,-,-,0,0,-,-,-,-,-,-,0,0,31,45,49,74,-25,97398.44,76577.00,173975.44,55.14,56.31,-173975.44,0
-25,,04144/25-26,Demo-MU-KN-CA-TS-HS-SF-0052-0126,Knits - Men,vill ltd,12/01/26,350.00,1000,1000,0,0,Yes,True,145000.00,,Saikat Kr Das,13/03/26,1,1,3,Yes,Yes,3,3,,1000,0,0,0,1,,,,,,,0.266,578.5,,,145639.5,,,,1144.00,1144.00,13/03/2026,23/03/2026,1144.00,"KNITS CUTTING (BLOCK- 4, 1ST FLOOR)",0,10,-,-,-,-,-,-,0,0,-,-,-,-,-,-,0,0,1144.00,0.00,26/03/2026,-,-,TAPARIA BLOCK 4 4TH FLOOR (L FIROZ),1144,13,-,-,-,-,-,-,0,0,-,-,-,-,-,-,0,0,-,-,-,-,-,-,0,0,-,-,-,-,-,-,0,0,47,49,10,23,-13,146218.00,1144.00,147362.00,128.81,0.00,-147362.00,0
-6,,04151/25-26,Demo-IB-UP-HS-3226-0126.,Knits - Kids,bangur client,13/01/26,129.00,2001,2001,900,45,Yes,True,146073.00,65700.00,Titly Paul,01/04/26,1,1,18,Yes,Yes,18,18,04/04/26,1101,900,0,0,4092,,,,,,,0.058,1042.32,,,57575.4,,,,2001.00,2016.00,25/02/2026,27/02/2026,2016.00,"KNITS CUTTING (BLOCK- 4, 1ST FLOOR)",0,2,2016.00,2016.00,27/02/2026,12/03/2026,20160.00,LAXMI MACHINE MANORANJAN,0,13,2016.00,2016.00,13/03/2026,30/03/2026,14112.00,NESAR AHMED EMB,0,17,2016.00,949.00,06/03/2026,01/04/2026,9490.00,TAPARIA BLOCK 4 4TH FLOOR (L FIROZ),1067,26,-,-,-,-,-,-,0,0,-,-,-,-,-,-,0,0,949.00,949.00,02/04/2026,06/04/2026,759.20,4TH FLOOR IRONING,0,4,949.00,949.00,02/04/2026,06/04/2026,284.70,RAJ SARKAR (GARMENTS FINISHING CONTRACTOR),0,4,42,48,40,66,-26,58617.72,46821.90,105439.62,49.00,54.56,-39739.62,44.6
13,,04247/25-26,Demo-JB-UP-HS-3328-0126,Knits - Kids,market lmtd,13/01/26,99.00,3000,3000,0,0,Yes,True,198000.00,,Ananya Sen,20/04/26,1,1,2,Yes,Yes,2,2,,3000,0,0,0,,,,,1,,,0.104,1870.8,,,94982,2044,,,3000.00,3160.00,11/03/2026,13/03/2026,3160.00,"KNITS CUTTING (BLOCK- 4, 1ST FLOOR)",0,2,3160.00,3160.00,13/03/2026,18/03/2026,18960.00,LAXMI TABLE ADITI,0,5,-,-,-,-,-,-,0,0,3160.00,3162.00,14/03/2026,30/03/2026,36363.00,RAJDEEP GARMENTS,0,16,-,-,-,-,-,-,0,0,-,-,-,-,-,-,0,0,3162.00,3162.00,31/03/2026,04/04/2026,6956.40,JAMINUL MONDAL,0,4,-,-,-,-,-,-,0,0,30,44,24,27,-3,98896.80,65439.40,164336.20,52.01,57.70,-164336.20,0
-6,,04168/25-26,Demo-IB-LO-HP-3243-0126.,Knits - Kids,bangur client,13/01/26,79.00,2001,2001,1224,61.2,Yes,True,109054.50,66708.00,Titly Paul,01/04/26,1,1,14,No,Yes,14,0,04/04/26,777,1224,0,0,30,,,,,,,0.051,2600.4,,,45431.1,,,,2001.00,2016.00,31/01/2026,02/02/2026,2016.00,"KNITS CUTTING (BLOCK- 4, 1ST FLOOR)",0,2,2016.00,2016.00,11/02/2026,18/02/2026,20160.00,LAXMI TABLE ADITI,0,7,-,-,-,-,-,-,0,0,2016.00,2024.00,10/02/2026,09/03/2026,8096.00,RAJDEEP GARMENTS,0,27,-,-,-,-,-,-,0,0,-,-,-,-,-,-,0,0,2024.00,2007.00,12/03/2026,13/03/2026,01/10/2609,JAMINUL MONDAL,17,1,-,-,-,-,-,-,0,0,0,20,41,37,4,48031.50,40977.10,89008.60,43.46,42.13,-22300.60,60.7
-2,,04191/25-26,Demo-SG-LO-FP-3266-0126.,Knits - Kids,bangur client,13/01/26,99.00,2000,2000,248,12.4,Yes,True,153000.00,17833.68,Titly Paul,05/04/26,1,1,15,Yes,Yes,15,15,04/04/26,1752,248,0,0,4000,,,,,,,0.127,1240,,,146797.5,,,,2000.00,1984.00,13/03/2026,18/03/2026,1984.00,"KNITS CUTTING (BLOCK- 4, 1ST FLOOR)",16,5,-,-,-,-,-,-,0,0,-,-,-,-,-,-,0,0,1984.00,1977.00,19/03/2026,27/03/2026,18781.50,BHAI BHAI HOSIERY (LAXMAN BISWAS),7,8,-,-,-,-,-,-,0,0,-,-,-,-,-,-,0,0,1976.00,1976.00,01/04/2026,06/04/2026,2667.60,4TH FLOOR IRONING,0,5,1977.00,1977.00,01/04/2026,06/04/2026,01/10/0593,Bipula das (Asgar),0,5,58,48,24,23,1,148037.50,24026.20,172063.70,86.20,63.62,-154230.02,12.5
13,,04259/25-26,Demo-JB-UP-SL-3340-0126,Knits - Kids,market lmtd,13/01/26,99.00,3000,3000,0,0,Yes,True,198000.00,,Ananya Sen,20/04/26,1,2,2,Yes,Yes,2,2,,3000,0,0,0,,,,273.88,,,,,,,,94458.45,,,,3000.00,0.00,26/03/2026,-,-,TAPARIA KHILKAPUR ( LAXMI GARMENTS ),3000,13,-,-,-,-,-,-,0,0,-,-,-,-,-,-,0,0,-,-,-,-,-,-,0,0,-,-,-,-,-,-,0,0,-,-,-,-,-,-,0,0,-,-,-,-,-,-,0,0,-,-,-,-,-,-,0,0,30,44,0,13,-13,94458.45,0.00,94458.45,31.49,57.31,-94458.45,0
55,,04227/25-26,Demo-IB-UP-FS-3308-0126.,Knits - Kids,bangur client,13/01/26,129.00,1500,0,0,0,Yes,True,112500.00,,Titly Paul,01/06/26,0,1,,No,No,,0,,1500,0,0,0,-,-,-,-,-,-,-,,-,-,-,-,-,-,-,-,-,-,-,-,-,-,-,-,-,-,-,-,-,-,-,-,-,-,-,-,-,-,-,-,-,-,-,-,-,-,-,-,-,-,-,-,-,-,-,-,-,-,-,-,-,-,-,-,-,-,-,-,-,-,-,-,-,-,-,-,-,-,-,0,0,0,0,0,0.00,0.00,0.00,,57.62,0,0
24,,04159/25-26,Demo-IB-UP-HS-3234-0126.,Knits - Kids,bangur client,13/01/26,129.00,2001,2001,0,0,Yes,True,146073.00,,Titly Paul,01/05/26,1,1,46,Yes,Yes,46,46,,2001,0,0,0,,,,125.6,,,,0.062,,,,47500,,,,2001.00,2016.00,30/03/2026,01/04/2026,2016.00,"KNITS CUTTING (BLOCK- 4, 1ST FLOOR)",0,2,2016.00,0.00,01/04/2026,-,-,LAXMI MACHINE MANORANJAN,2016,7,-,-,-,-,-,-,0,0,-,-,-,-,-,-,0,0,-,-,-,-,-,-,0,0,-,-,-,-,-,-,0,0,-,-,-,-,-,-,0,0,-,-,-,-,-,-,0,0,72,72,2,9,-7,47500.00,2016.00,49516.00,24.56,54.56,-49516.00,0
24,,04179/25-26,Demo-IB-LO-HP-3254-0126.,Knits - Kids,bangur client,13/01/26,79.00,2001,2001,0,0,Yes,True,109054.50,,Titly Paul,01/05/26,1,1,18,Yes,Yes,18,18,,2001,0,0,0,30,,,,,,,0.074,2589.9,,,59320,,,,2001.00,1968.00,28/02/2026,16/03/2026,1968.00,"KNITS CUTTING (BLOCK- 4, 1ST FLOOR)",33,16,1968.00,1968.00,16/03/2026,26/03/2026,7872.00,LAXMI MACHINE MANORANJAN,0,10,-,-,-,-,-,-,0,0,1968.00,0.00,18/03/2026,-,-,"MM Textiles, STORE",1968,21,-,-,-,-,-,-,0,0,-,-,-,-,-,-,0,0,-,-,-,-,-,-,0,0,-,-,-,-,-,-,0,0,42,48,26,47,-21,61909.90,9840.00,71749.90,36.46,42.13,-71749.90,0
-8,,04238/25-26,TT-BY-WO-CA-SH-HS-RF-01103-0126,Woven,kolkata 2,13/01/26,399.00,11549,11549,10352,89.6,Yes,True,2344447.00,2101456.00,Md Shahzada,30/03/26,1,1,14,Yes,Yes,14,14,04/04/26,1197,10352,0,0,4,,,,,,,0.793,67315.37,6198,,,7884,,1011136.5,11549.00,10543.00,16/03/2026,18/03/2026,15814.50,DILIP,1006,2,-,-,-,-,-,-,0,0,-,-,-,-,-,-,0,0,10543.00,10319.00,16/03/2026,28/03/2026,338732.38,"TIPL- LINE NO- 10, TIPL- LINE NO-1, TIPL- LINE NO-4, TIPL- LINE NO-8",224,12,-,-,-,-,-,-,0,0,-,-,-,-,-,-,0,0,10352.00,10352.00,29/03/2026,03/04/2026,46584.00,"AWANTIKA ENTERPRISES, SHANKAR ENTERPRISE IN HOUSE",0,5,-,-,-,-,-,-,0,0,58,42,18,19,-1,1092533.87,397607.50,1490141.37,141.34,0.00,611314.63,98.2
55,,04199/25-26,Demo-IB-LO-HP-3282-0126.,Knits - Kids,bangur client,13/01/26,39.00,18000,18000,0,0,Yes,True,522000.00,,Titly Paul,01/06/26,1,1,70,No,Yes,70,0,,18000,0,0,0,-,-,-,-,-,-,-,,-,-,-,-,-,-,-,-,-,-,-,-,-,-,-,-,-,-,-,-,-,-,-,-,-,-,-,-,-,-,-,-,-,-,-,-,-,-,-,-,-,-,-,-,-,-,-,-,-,-,-,-,-,-,-,-,-,-,-,-,-,-,-,-,-,-,-,-,-,-,-,0,76,0,0,0,0.00,0.00,0.00,,25.89,0,0
13,,04231/25-26,Demo-JB-UP-SL-3320-0126,Knits - Kids,market lmtd,13/01/26,99.00,3000,3000,0,0,Yes,True,198000.00,,Ananya Sen,20/04/26,1,1,2,Yes,Yes,2,2,,3000,0,0,0,6400,,,,625,,,0.084,1666,,,108607,2320,,,3000.00,3160.00,06/03/2026,13/03/2026,3160.00,"KNITS CUTTING (BLOCK- 4, 1ST FLOOR)",0,7,3160.00,3160.00,13/03/2026,20/03/2026,25280.00,LAXMI MACHINE MANORANJAN,0,7,-,-,-,-,-,-,0,0,3160.00,3093.00,13/03/2026,03/04/2026,34023.00,"STORE, TAPARIA BLOCK 4 4TH FLOOR (L FIROZ)",67,21,-,-,-,-,-,-,0,0,-,-,-,-,-,-,0,0,3093.00,0.00,06/04/2026,-,-,4TH FLOOR IRONING,3093,2,3093.00,0.00,06/04/2026,-,-,RAJ SARKAR (GARMENTS FINISHING CONTRACTOR),3093,2,30,44,28,39,-11,112593.00,62463.00,175056.00,52.56,56.31,-175056.00,0
-2,,04182/25-26,Demo-JG-LO-FP-3257-0126.,Knits - Kids,bangur client,13/01/26,79.00,2000,2000,400,20,Yes,True,123000.00,23124.00,Titly Paul,05/04/26,1,1,41,Yes,Yes,41,41,04/04/26,1600,400,0,0,45,,,,,,,0.083,4051.2,,,99603,,,,2740.00,2740.00,28/03/2026,30/03/2026,2740.00,"KNITS CUTTING (BLOCK- 4, 1ST FLOOR)",0,2,-,-,-,-,-,-,0,0,-,-,-,-,-,-,0,0,2740.00,1775.00,30/03/2026,02/04/2026,15975.00,TAPARIA BLOCK 4 4TH FLOOR (L FIROZ),965,3,-,-,-,-,-,-,0,0,-,-,-,-,-,-,0,0,1775.00,1775.00,03/04/2026,06/04/2026,2307.50,JAMINUL MONDAL,0,3,-,-,-,-,-,-,0,0,72,56,9,8,1,103654.20,21022.50,124676.70,44.21,49.08,-101552.70,14.6
13,,04253/25-26,Demo-JB-UP-HS-3334-0126,Knits - Kids,market lmtd,13/01/26,99.00,3000,3000,0,0,Yes,True,198000.00,,Ananya Sen,20/04/26,1,1,2,Yes,Yes,2,2,,3000,0,0,0,2780,,,,,,,0.095,1605,,,93981.21,,,,3000.00,2850.00,20/03/2026,25/03/2026,2850.00,"KNITS CUTTING (BLOCK- 4, 1ST FLOOR)",150,5,2850.00,2850.00,25/03/2026,31/03/2026,22800.00,RAINBOW ENTERPRISE,0,6,-,-,-,-,-,-,0,0,2850.00,0.00,01/04/2026,-,-,"STORE, TAPARIA BLOCK 4 4TH FLOOR (L FIROZ)",2850,7,-,-,-,-,-,-,0,0,-,-,-,-,-,-,0,0,-,-,-,-,-,-,0,0,-,-,-,-,-,-,0,0,30,44,11,18,-7,95586.21,25650.00,121236.21,41.84,54.70,-121236.21,0
55,,04162/25-26,Demo-IB-UP-HS-3237-0126.,Knits - Kids,bangur client,13/01/26,129.00,2001,0,0,0,Yes,True,146073.00,,Titly Paul,01/06/26,0,1,80,Yes,No,80,80,,2001,0,0,0,-,-,-,-,-,-,-,,-,-,-,-,-,-,-,-,-,-,-,-,-,-,-,-,-,-,-,-,-,-,-,-,-,-,-,-,-,-,-,-,-,-,-,-,-,-,-,-,-,-,-,-,-,-,-,-,-,-,-,-,-,-,-,-,-,-,-,-,-,-,-,-,-,-,-,-,-,-,-,0,0,0,0,0,0.00,0.00,0.00,,54.56,0,0
55,,04165/25-26,Demo-IB-UP-HS-3240-0126.,Knits - Kids,bangur client,13/01/26,129.00,2001,0,0,0,Yes,True,146073.00,,Titly Paul,01/06/26,0,1,80,Yes,Yes,80,80,,2001,0,0,0,-,-,-,-,-,-,-,,-,-,-,-,-,-,-,-,-,-,-,-,-,-,-,-,-,-,-,-,-,-,-,-,-,-,-,-,-,-,-,-,-,-,-,-,-,-,-,-,-,-,-,-,-,-,-,-,-,-,-,-,-,-,-,-,-,-,-,-,-,-,-,-,-,-,-,-,-,-,-,0,80,0,0,0,0.00,0.00,0.00,,54.56,0,0
-2,,04188/25-26,Demo-SG-LO-FP-3263-0126.,Knits - Kids,bangur client,13/01/26,99.00,2000,2000,248,12.4,Yes,True,153000.00,17833.68,Titly Paul,05/04/26,1,1,44,No,Yes,44,0,04/04/26,1752,248,0,0,30,,,,,,,0.127,2837.2,,,114059.6,,,,2000.00,2016.00,02/03/2026,13/03/2026,2016.00,"KNITS CUTTING (BLOCK- 4, 1ST FLOOR)",0,11,2016.00,2016.00,14/03/2026,25/03/2026,8064.00,R.B ENTERPRISE,0,11,-,-,-,-,-,-,0,0,2016.00,1980.00,19/03/2026,03/04/2026,19800.00,BHAI BHAI HOSIERY (LAXMAN BISWAS),36,15,-,-,-,-,-,-,0,0,-,-,-,-,-,-,0,0,1980.00,1980.00,03/04/2026,06/04/2026,1584.00,4TH FLOOR IRONING,0,3,1980.00,1980.00,03/04/2026,06/04/2026,495.00,RAJ SARKAR (GARMENTS FINISHING CONTRACTOR),0,3,0,48,35,43,-8,116896.80,31959.00,148855.80,70.36,61.12,-131022.12,12.3
13,,04250/25-26,Demo-JB-UP-HS-3331-0126,Knits - Kids,market lmtd,13/01/26,99.00,3000,3000,0,0,Yes,True,198000.00,,Ananya Sen,20/04/26,1,1,2,Yes,Yes,2,2,,3000,0,0,0,3200,,,,,,,0.089,1570,,,96410,,,,3000.00,3160.00,11/03/2026,16/03/2026,3160.00,"KNITS CUTTING (BLOCK- 4, 1ST FLOOR)",0,5,3160.00,3160.00,16/03/2026,02/04/2026,18960.00,R.B ENTERPRISE,0,17,-,-,-,-,-,-,0,0,3160.00,0.00,19/03/2026,-,-,RUKSANA ENTERPRISE,3160,20,-,-,-,-,-,-,0,0,-,-,-,-,-,-,0,0,-,-,-,-,-,-,0,0,-,-,-,-,-,-,0,0,30,44,22,42,-20,97980.00,22120.00,120100.00,38.01,56.70,-120100.00,0
-1,,04261/25-26,Demo-MU-KN-CA-TS-SL-SF-0057-0126,Knits - Men,Style fashion,13/01/26,199.00,4002,4002,0,0,Yes,True,476238.00,,Saikat Kr Das,06/04/26,1,1,2,Yes,Yes,2,2,,4002,0,0,0,4,,,,,,,0.192,23873,6076,,285712.6,,,,4002.00,4008.00,18/03/2026,23/03/2026,4008.00,"KNITS CUTTING (BLOCK- 4, 1ST FLOOR)",0,5,-,-,-,-,-,-,0,0,-,-,-,-,-,-,0,0,4008.00,0.00,27/03/2026,-,-,BLOCK 4 STICHING BAPI GAZI,4008,12,-,-,-,-,-,-,0,0,-,-,-,-,-,-,0,0,-,-,-,-,-,-,0,0,-,-,-,-,-,-,0,0,64,55,5,17,-12,315661.60,4008.00,319669.60,76.42,0.00,-319669.60,0
55,,04224/25-26,Demo-IB-UP-FS-3305-0126.,Knits - Kids,bangur client,13/01/26,129.00,1500,0,0,0,Yes,True,112500.00,,Titly Paul,01/06/26,0,1,,No,No,,0,,1500,0,0,0,-,-,-,-,-,-,-,,-,-,-,-,-,-,-,-,-,-,-,-,-,-,-,-,-,-,-,-,-,-,-,-,-,-,-,-,-,-,-,-,-,-,-,-,-,-,-,-,-,-,-,-,-,-,-,-,-,-,-,-,-,-,-,-,-,-,-,-,-,-,-,-,-,-,-,-,-,-,-,0,0,0,0,0,0.00,0.00,0.00,,59.72,0,0
-2,,04185/25-26,Demo-JG-LO-FP-3260-0126.,Knits - Kids,bangur client,13/01/26,79.00,2000,2000,400,20,Yes,True,123000.00,23124.00,Titly Paul,05/04/26,1,1,51,No,Yes,51,0,04/04/26,1600,400,0,0,36,,,,,,,0.11,3384.8,,,119520.04,1650,,,2400.00,2400.00,12/03/2026,17/03/2026,2400.00,"KNITS CUTTING (BLOCK- 4, 1ST FLOOR)",0,5,2400.00,2370.00,19/03/2026,24/03/2026,7110.00,R.B ENTERPRISE,30,5,-,-,-,-,-,-,0,0,2400.00,2398.00,25/03/2026,02/04/2026,21582.00,HOSSAIN FASHION ( AJIBAR HOSSAIN ),2,8,-,-,-,-,-,-,0,0,-,-,-,-,-,-,0,0,2391.00,2391.00,02/04/2026,06/04/2026,3108.30,JAMINUL MONDAL,0,4,-,-,-,-,-,-,0,0,0,56,25,22,3,124554.84,34200.30,158755.14,66.15,53.08,-135631.14,16.7
13,,04257/25-26,Demo-JB-UP-SL-3337-0126,Knits - Kids,market lmtd,13/01/26,99.00,3000,3000,0,0,Yes,True,198000.00,,Ananya Sen,20/04/26,1,2,2,Yes,Yes,2,2,,3000,0,0,0,,,,263.46,,,,,,,,111150.2,,,,3000.00,0.00,26/03/2026,-,-,TAPARIA KHILKAPUR ( LAXMI GARMENTS ),3000,13,-,-,-,-,-,-,0,0,-,-,-,-,-,-,0,0,-,-,-,-,-,-,0,0,-,-,-,-,-,-,0,0,-,-,-,-,-,-,0,0,-,-,-,-,-,-,0,0,-,-,-,-,-,-,0,0,30,44,0,13,-13,111150.20,0.00,111150.20,37.05,57.31,-111150.20,0
-6,,04171/25-26,Demo-IB-LO-HP-3246-0126.,Knits - Kids,bangur client,13/01/26,79.00,2001,2001,1224,61.2,Yes,True,109054.50,66708.00,Titly Paul,01/04/26,1,1,14,No,Yes,14,0,04/04/26,777,1224,0,0,30,,,,,,,0.052,2600.4,,,73878.6,,,,2001.00,2016.00,30/01/2026,03/02/2026,2016.00,"KNITS CUTTING (BLOCK- 4, 1ST FLOOR)",0,4,2016.00,2016.00,11/02/2026,19/02/2026,14112.00,LAXMI TABLE ADITI,0,8,-,-,-,-,-,-,0,0,2016.00,2016.00,20/02/2026,05/03/2026,22176.00,SUMITRA TEXTILE,0,13,-,-,-,-,-,-,0,0,-,-,-,-,-,-,0,0,2016.00,2016.00,09/03/2026,13/03/2026,2620.80,JAMINUL MONDAL,0,4,-,-,-,-,-,-,0,0,0,20,42,29,13,76479.00,40924.80,117403.80,47.82,42.13,-50695.80,60.7
-6,,04154/25-26,Demo-IB-UP-HS-3229-0126.,Knits - Kids,bangur client,13/01/26,129.00,2001,2001,900,45,Yes,True,146073.00,65700.00,Titly Paul,01/04/26,1,1,18,Yes,Yes,18,18,04/04/26,1101,900,0,0,4092,,,,,,,0.062,1042.32,,,49954,,,,2001.00,2016.00,25/02/2026,26/02/2026,2016.00,"KNITS CUTTING (BLOCK- 4, 1ST FLOOR)",0,1,2016.00,2016.00,26/02/2026,11/03/2026,14112.00,LAXMI MACHINE MANORANJAN,0,13,2016.00,2016.00,20/03/2026,02/04/2026,6048.00,AHAN AMIN ENTERPRISE,0,13,2016.00,1998.00,06/03/2026,03/04/2026,17982.00,"STORE, TAPARIA BLOCK 24 (L SUBRATA)",18,28,-,-,-,-,-,-,0,0,-,-,-,-,-,-,0,0,997.00,997.00,03/04/2026,06/04/2026,897.30,4TH FLOOR IRONING,0,3,997.00,997.00,03/04/2026,06/04/2026,249.25,RAJ SARKAR (GARMENTS FINISHING CONTRACTOR),0,3,42,48,40,61,-21,50996.32,41304.55,92300.87,45.78,54.56,-26600.87,44.6
24,,04157/25-26,Demo-IB-UP-HS-3232-0126.,Knits - Kids,bangur client,13/01/26,129.00,2001,2001,0,0,Yes,True,146073.00,,Titly Paul,01/05/26,1,1,46,Yes,Yes,46,46,,2001,0,0,0,4140,,,,,,,0.062,1055.7,,,58073,,,,2001.00,2016.00,30/03/2026,31/03/2026,2016.00,"KNITS CUTTING (BLOCK- 4, 1ST FLOOR)",0,1,2016.00,0.00,01/04/2026,-,-,LAXMI MACHINE MANORANJAN,2016,7,-,-,-,-,-,-,0,0,-,-,-,-,-,-,0,0,-,-,-,-,-,-,0,0,-,-,-,-,-,-,0,0,-,-,-,-,-,-,0,0,-,-,-,-,-,-,0,0,72,72,1,8,-7,59128.70,2016.00,61144.70,27.73,54.56,-61144.70,0
55,,04163/25-26,Demo-IB-UP-HS-3238-0126.,Knits - Kids,bangur client,13/01/26,129.00,2001,0,0,0,Yes,True,146073.00,,Titly Paul,01/06/26,0,1,80,Yes,No,80,80,,2001,0,0,0,-,-,-,-,-,-,-,,-,-,-,-,-,-,-,-,-,-,-,-,-,-,-,-,-,-,-,-,-,-,-,-,-,-,-,-,-,-,-,-,-,-,-,-,-,-,-,-,-,-,-,-,-,-,-,-,-,-,-,-,-,-,-,-,-,-,-,-,-,-,-,-,-,-,-,-,-,-,-,0,0,0,0,0,0.00,0.00,0.00,,54.56,0,0
24,,04160/25-26,Demo-IB-UP-HS-3235-0126.,Knits - Kids,bangur client,13/01/26,129.00,2001,2001,0,0,Yes,True,146073.00,,Titly Paul,01/05/26,1,1,46,Yes,Yes,46,46,,2001,0,0,0,,,,135.6,,,,0.063,,,,55581.2,,,,2001.00,2016.00,30/03/2026,01/04/2026,2016.00,"KNITS CUTTING (BLOCK- 4, 1ST FLOOR)",0,2,2016.00,0.00,01/04/2026,-,-,MAHALAXMI GARMENTS,2016,7,-,-,-,-,-,-,0,0,-,-,-,-,-,-,0,0,-,-,-,-,-,-,0,0,-,-,-,-,-,-,0,0,-,-,-,-,-,-,0,0,-,-,-,-,-,-,0,0,72,72,2,9,-7,55581.20,2016.00,57597.20,27.01,54.56,-57597.20,0
55,,04166/25-26,Demo-IB-UP-HS-3241-0126.,Knits - Kids,bangur client,13/01/26,129.00,2001,0,0,0,Yes,True,146073.00,,Titly Paul,01/06/26,0,1,80,Yes,No,80,80,,2001,0,0,0,-,-,-,-,-,-,-,,-,-,-,-,-,-,-,-,-,-,-,-,-,-,-,-,-,-,-,-,-,-,-,-,-,-,-,-,-,-,-,-,-,-,-,-,-,-,-,-,-,-,-,-,-,-,-,-,-,-,-,-,-,-,-,-,-,-,-,-,-,-,-,-,-,-,-,-,-,-,-,0,0,0,0,0,0.00,0.00,0.00,,54.56,0,0
24,,04174/25-26,Demo-IB-LO-HP-3249-0126.,Knits - Kids,bangur client,13/01/26,79.00,2001,2001,0,0,Yes,True,109054.50,,Titly Paul,01/05/26,1,1,18,Yes,Yes,18,18,,2001,0,0,0,30,,,,,,,0.065,2610,,,56694,,,,2001.00,2016.00,28/02/2026,16/03/2026,2016.00,"KNITS CUTTING (BLOCK- 4, 1ST FLOOR)",0,16,2016.00,2016.00,16/03/2026,26/03/2026,16128.00,LAXMI MACHINE MANORANJAN,0,10,-,-,-,-,-,-,0,0,2016.00,0.00,18/03/2026,-,-,"STORE, SUMITRA TEXTILE",2016,21,-,-,-,-,-,-,0,0,-,-,-,-,-,-,0,0,-,-,-,-,-,-,0,0,-,-,-,-,-,-,0,0,42,48,26,47,-21,59304.00,18144.00,77448.00,38.42,42.13,-77448.00,0
24,,04177/25-26,Demo-IB-LO-HP-3252-0126.,Knits - Kids,bangur client,13/01/26,79.00,2001,2001,0,0,Yes,True,109054.50,,Titly Paul,01/05/26,1,1,18,Yes,Yes,18,18,,2001,0,0,0,30,,,,,,,0.066,2613.8,,,57835.8,,,,2001.00,2016.00,28/02/2026,16/03/2026,2016.00,"KNITS CUTTING (BLOCK- 4, 1ST FLOOR)",0,16,2016.00,2016.00,16/03/2026,26/03/2026,16128.00,LAXMI MACHINE MANORANJAN,0,10,-,-,-,-,-,-,0,0,2016.00,0.00,28/03/2026,-,-,FARHAN GARMENTS,2016,11,-,-,-,-,-,-,0,0,-,-,-,-,-,-,0,0,-,-,-,-,-,-,0,0,-,-,-,-,-,-,0,0,42,48,26,37,-11,60449.60,18144.00,78593.60,38.98,42.13,-78593.60,0
-2,,04186/25-26,Demo-SG-LO-FP-3261-0126.,Knits - Kids,bangur client,13/01/26,99.00,2000,2000,248,12.4,Yes,True,153000.00,17833.68,Titly Paul,05/04/26,1,1,44,No,Yes,44,0,04/04/26,1752,248,0,0,30,,,,,,,0.13,2837.2,,,175062,,,,2000.00,2016.00,02/03/2026,13/03/2026,2016.00,"KNITS CUTTING (BLOCK- 4, 1ST FLOOR)",0,11,2016.00,2016.00,13/03/2026,19/03/2026,6048.00,MAHALAXMI GARMENTS,0,6,-,-,-,-,-,-,0,0,2016.00,2013.00,14/03/2026,01/04/2026,16104.00,ARCHAIC APPARDemo (PINTU SHEE),3,18,-,-,-,-,-,-,0,0,-,-,-,-,-,-,0,0,812.00,812.00,01/04/2026,06/04/2026,1096.20,4TH FLOOR IRONING,0,5,812.00,812.00,01/04/2026,06/04/2026,243.60,Bipula das (Asgar),0,5,0,48,35,45,-10,177899.20,25507.80,203407.00,74.85,61.12,-185573.32,12.3
-2,,04183/25-26,Demo-JG-LO-FP-3258-0126.,Knits - Kids,bangur client,13/01/26,79.00,2000,2000,400,20,Yes,True,123000.00,23124.00,Titly Paul,05/04/26,1,1,51,No,Yes,51,0,04/04/26,1600,400,0,0,30,,,,4,,,0.087,2924,,,65450,3276,,,2000.00,2160.00,12/03/2026,17/03/2026,2160.00,"KNITS CUTTING (BLOCK- 4, 1ST FLOOR)",0,5,2160.00,2160.00,17/03/2026,23/03/2026,8640.00,LAXMI TABLE ADITI,0,6,-,-,-,-,-,-,0,0,2160.00,2155.00,20/03/2026,03/04/2026,19395.00,"PRIYANKA GARMENTS (MADHU HALDER), STORE",5,14,-,-,-,-,-,-,0,0,-,-,-,-,-,-,0,0,2118.00,2118.00,03/04/2026,06/04/2026,2753.40,JAMINUL MONDAL,0,3,-,-,-,-,-,-,0,0,0,56,25,28,-3,71650.00,32948.40,104598.40,48.43,53.08,-81474.40,18.5
-2,,04180/25-26,Demo-JG-LO-FP-3255-0126.,Knits - Kids,bangur client,13/01/26,79.00,2000,2000,400,20,Yes,True,123000.00,23124.00,Titly Paul,05/04/26,1,1,41,Yes,Yes,41,41,04/04/26,1600,400,0,0,42,,,,,,,0.078,4076.4,,,132710,5220,,,2920.00,2920.00,28/03/2026,30/03/2026,2920.00,"KNITS CUTTING (BLOCK- 4, 1ST FLOOR)",0,2,-,-,-,-,-,-,0,0,-,-,-,-,-,-,0,0,2920.00,1399.00,30/03/2026,02/04/2026,12591.00,TAPARIA BLOCK 24 (L SUBRATA),1521,3,-,-,-,-,-,-,0,0,-,-,-,-,-,-,0,0,1399.00,799.00,03/04/2026,06/04/2026,1038.70,JAMINUL MONDAL,600,3,-,-,-,-,-,-,0,0,72,56,9,8,1,142006.40,16549.70,158556.10,53.60,52.68,-135432.10,13.7
-2,,04220/25-26,Demo-SG-LO-HP-3303-0126.,Knits - Kids,bangur client,13/01/26,99.00,2400,2400,0,0,Yes,True,168000.00,,Titly Paul,05/04/26,1,1,,No,No,,0,,2400,0,0,0,48,,,,,,,0.081,4453.2,,,88036,,,,2400.00,2416.00,18/02/2026,24/02/2026,2416.00,"KNITS CUTTING (BLOCK- 4, 1ST FLOOR)",0,6,2416.00,2416.00,27/02/2026,20/03/2026,6040.00,LOKNATH PRINTING,0,21,-,-,-,-,-,-,0,0,2416.00,0.00,27/02/2026,-,-,"BLOCK 4 STICHING BAPI GAZI, STORE",2416,40,-,-,-,-,-,-,0,0,-,-,-,-,-,-,0,0,-,-,-,-,-,-,0,0,-,-,-,-,-,-,0,0,0,0,30,67,-37,92489.20,8456.00,100945.20,39.61,55.32,-100945.20,0
55,,04225/25-26,Demo-IB-UP-FS-3306-0126.,Knits - Kids,bangur client,13/01/26,129.00,1500,0,0,0,Yes,True,112500.00,,Titly Paul,01/06/26,0,1,,No,No,,0,,1500,0,0,0,-,-,-,-,-,-,-,,-,-,-,-,-,-,-,-,-,-,-,-,-,-,-,-,-,-,-,-,-,-,-,-,-,-,-,-,-,-,-,-,-,-,-,-,-,-,-,-,-,-,-,-,-,-,-,-,-,-,-,-,-,-,-,-,-,-,-,-,-,-,-,-,-,-,-,-,-,-,-,0,0,0,0,0,0.00,0.00,0.00,,59.72,0,0
55,,04228/25-26,Demo-IB-UP-FS-3309-0126.,Knits - Kids,bangur client,13/01/26,129.00,1500,0,0,0,Yes,True,112500.00,,Titly Paul,01/06/26,0,1,,No,No,,0,,1500,0,0,0,-,-,-,-,-,-,-,,-,-,-,-,-,-,-,-,-,-,-,-,-,-,-,-,-,-,-,-,-,-,-,-,-,-,-,-,-,-,-,-,-,-,-,-,-,-,-,-,-,-,-,-,-,-,-,-,-,-,-,-,-,-,-,-,-,-,-,-,-,-,-,-,-,-,-,-,-,-,-,0,0,0,0,0,0.00,0.00,0.00,,57.62,0,0
28,,04197/25-26,Demo-SG-UP-HS-3278-0126.,Knits - Kids,bangur client,13/01/26,99.00,2000,2000,0,0,Yes,True,154000.00,,Titly Paul,05/05/26,1,1,15,No,Yes,15,0,,2000,0,0,0,4080,,,,,,,0.1,1040.4,,,84378,,,,2000.00,2016.00,02/02/2026,03/02/2026,2016.00,"KNITS CUTTING (BLOCK- 4, 1ST FLOOR)",0,1,2016.00,2016.00,03/02/2026,10/02/2026,14112.00,LAXMI MACHINE MANORANJAN,0,7,-,-,-,-,-,-,0,0,2016.00,2018.00,10/02/2026,24/02/2026,17657.50,"BLOCK 4 STICHING BAPI GAZI, RAJDEEP GARMENTS",0,14,-,-,-,-,-,-,0,0,-,-,-,-,-,-,0,0,2018.00,2008.00,05/03/2026,09/03/2026,3212.80,JAMINUL MONDAL,10,4,-,-,-,-,-,-,0,0,0,27,35,26,9,85418.40,36998.30,122416.70,60.72,62.84,-122416.70,0
-2,,04217/25-26,Demo-SG-LO-HP-3300-0126.,Knits - Kids,bangur client,13/01/26,99.00,2400,2400,0,0,Yes,True,168000.00,,Titly Paul,05/04/26,1,1,,No,No,,0,,2400,0,0,0,48,,,,,,,0.084,4298.2,,,232018.21,,,,2400.00,2416.00,18/02/2026,24/02/2026,2416.00,"KNITS CUTTING (BLOCK- 4, 1ST FLOOR)",0,6,2416.00,2416.00,25/02/2026,07/03/2026,7248.00,MAHALAXMI GARMENTS,0,10,-,-,-,-,-,-,0,0,2416.00,2383.00,24/02/2026,24/03/2026,21447.00,PRIYANKA GARMENTS (MADHU HALDER),33,28,-,-,-,-,-,-,0,0,-,-,-,-,-,-,0,0,-,-,-,-,-,-,0,0,-,-,-,-,-,-,0,0,0,0,34,44,-10,236316.41,31111.00,267427.41,56.80,55.32,-267427.41,0
28,,04194/25-26,Demo-SG-UP-HS-3275-0126.,Knits - Kids,bangur client,13/01/26,99.00,2000,2000,0,0,Yes,True,154000.00,,Titly Paul,05/05/26,1,1,-178,Yes,Yes,-178,-178,,2000,0,0,0,4080,,,,,,,0.092,1040.4,,,77181,,,,2000.00,2016.00,31/01/2026,03/02/2026,2016.00,"KNITS CUTTING (BLOCK- 4, 1ST FLOOR)",0,3,2016.00,2016.00,03/02/2026,10/02/2026,14112.00,LAXMI MACHINE MANORANJAN,0,7,-,-,-,-,-,-,0,0,2016.00,2016.00,10/02/2026,02/03/2026,17136.00,SUMITRA TEXTILE,0,20,-,-,-,-,-,-,0,0,-,-,-,-,-,-,0,0,2016.00,2006.00,05/03/2026,09/03/2026,3209.60,JAMINUL MONDAL,10,4,-,-,-,-,-,-,0,0,-71,27,37,34,3,78221.40,36473.60,114695.00,54.81,62.84,-114695.00,0
-1,,04223/25-26,Demo-MU-KN-CA-TS-SL-SF-0054-0126,Knits - Men,Style fashion,13/01/26,199.00,4002,4002,0,0,Yes,True,476238.00,,Saikat Kr Das,06/04/26,1,1,2,Yes,Yes,2,2,,4002,0,0,0,7630,47,,,,,,0.218,23293,5828,,316352.4,,,,4002.00,3852.00,13/03/2026,18/03/2026,3852.00,"KNITS CUTTING (BLOCK- 4, 1ST FLOOR)",150,5,3852.00,3852.00,30/03/2026,03/04/2026,3852.00,LAXMI TABLE ADITI,0,4,-,-,-,-,-,-,0,0,3852.00,0.00,18/03/2026,-,-,BLOCK 4 STICHING BAPI GAZI,3852,21,-,-,-,-,-,-,0,0,-,-,-,-,-,-,0,0,-,-,-,-,-,-,0,0,-,-,-,-,-,-,0,0,57,55,21,30,-9,345473.40,7704.00,353177.40,91.69,0.00,-353177.40,0
13,,04241/25-26,Demo-JB-UP-SL-3323-0126,Knits - Kids,market lmtd,13/01/26,99.00,3000,3000,0,0,Yes,True,198000.00,,Ananya Sen,20/04/26,1,1,2,Yes,Yes,2,2,,3000,0,0,0,3300,,,,,,,0.101,1816.2,,,78322.6,,,,3000.00,2760.00,11/03/2026,17/03/2026,2760.00,"KNITS CUTTING (BLOCK- 4, 1ST FLOOR)",240,6,2760.00,2760.00,19/03/2026,31/03/2026,19320.00,RAINBOW ENTERPRISE,0,12,-,-,-,-,-,-,0,0,2760.00,0.00,28/03/2026,-,-,"MM Textiles, STORE",2760,11,-,-,-,-,-,-,0,0,-,-,-,-,-,-,0,0,-,-,-,-,-,-,0,0,-,-,-,-,-,-,0,0,30,44,20,29,-9,80138.80,22080.00,102218.80,37.04,56.31,-102218.80,0
-1,,04236/25-26,Demo-MU-KN-CA-TS-SL-SF-0055-0126,Knits - Men,Style fashion,13/01/26,199.00,4002,4002,0,0,Yes,True,476238.00,,Saikat Kr Das,06/04/26,1,1,2,Yes,Yes,2,2,,4002,0,0,0,4,,,,1,,,0.197,23996,5800,,303557.61,8106,,,4002.00,4196.00,05/03/2026,07/03/2026,4196.00,"KNITS CUTTING (BLOCK- 4, 1ST FLOOR)",0,2,-,-,-,-,-,-,0,0,-,-,-,-,-,-,0,0,4196.00,3544.00,11/03/2026,28/03/2026,38984.00,BLOCK 4 STICHING BAPI GAZI,652,17,-,-,-,-,-,-,0,0,-,-,-,-,-,-,0,0,2402.00,2400.00,30/03/2026,04/04/2026,3840.00,JAMINUL MONDAL,2,5,-,-,-,-,-,-,0,0,45,55,30,24,6,341459.61,47020.00,388479.61,92.58,0.00,-388479.61,0
13,,04245/25-26,Demo-JB-UP-HS-3326-0126,Knits - Kids,market lmtd,13/01/26,99.00,3000,3000,0,0,Yes,True,198000.00,,Ananya Sen,20/04/26,1,1,2,Yes,Yes,2,2,,3000,0,0,0,3125,,,,,,,0.096,1543.75,,,99699.2,,,,3000.00,3080.00,06/03/2026,12/03/2026,3080.00,"KNITS CUTTING (BLOCK- 4, 1ST FLOOR)",0,6,3080.00,3080.00,17/03/2026,23/03/2026,21560.00,LAXMI TABLE ADITI,0,6,-,-,-,-,-,-,0,0,3080.00,0.00,13/03/2026,-,-,TAPARIA BLOCK 24 (L SUBRATA),3080,26,-,-,-,-,-,-,0,0,-,-,-,-,-,-,0,0,-,-,-,-,-,-,0,0,-,-,-,-,-,-,0,0,30,44,17,38,-21,101242.95,24640.00,125882.95,40.87,54.70,-125882.95,0
-8,,04243/25-26,TT-BY-WO-CA-SH-HS-RF-01104-0126,Woven,kolkata 2,13/01/26,399.00,12600,12600,0,0,Yes,True,2772000.00,,Md Shahzada,30/03/26,1,1,14,Yes,Yes,14,14,,12600,0,0,0,24,,,,,,,0.472,31731.25,15830,,,2700,,1205738,12600.00,12640.00,19/03/2026,19/03/2026,15800.00,DILIP,0,1,12640.00,12640.00,20/03/2026,24/03/2026,151680.00,LAXMI MACHINE MANORANJAN,0,4,-,-,-,-,-,-,0,0,12640.00,11421.00,26/03/2026,04/04/2026,399735.00,"TIPL- LINE NO- 10, TIPL- LINE NO-1, TIPL- LINE NO-2, TIPL- LINE NO-3",1219,9,-,-,-,-,-,-,0,0,12640.00,11612.00,04/04/2026,06/04/2026,69672.00,"RAZA WASHING PROCESS, S.M.D WASH",1028,2,4940.00,0.00,06/04/2026,-,-,SHANKAR ENTERPRISE IN HOUSE,4940,2,-,-,-,-,-,-,0,0,62,44,18,18,0,1255999.25,639182.00,1895181.25,149.43,0.00,-1895181.25,0
13,,04254/25-26,Demo-JB-UP-HS-3335-0126,Knits - Kids,market lmtd,13/01/26,99.00,3000,3000,0,0,Yes,True,198000.00,,Ananya Sen,20/04/26,1,1,2,Yes,Yes,2,2,,3000,0,0,0,,,,,1,,,0.092,1700.5,,,95944.25,2147.7,,,3000.00,3040.00,23/02/2026,27/02/2026,3040.00,"KNITS CUTTING (BLOCK- 4, 1ST FLOOR)",0,4,3040.00,3040.00,10/03/2026,17/03/2026,21280.00,LAXMI MACHINE MANORANJAN,0,7,-,-,-,-,-,-,0,0,3040.00,3037.00,13/03/2026,01/04/2026,33407.00,BLOCK 4 STICHING BAPI GAZI,3,19,-,-,-,-,-,-,0,0,-,-,-,-,-,-,0,0,3016.00,0.00,03/04/2026,-,-,4TH FLOOR IRONING,3016,5,3016.00,0.00,03/04/2026,-,-,RAJ SARKAR (GARMENTS FINISHING CONTRACTOR),3016,5,30,44,37,40,-3,99792.45,57727.00,157519.45,51.82,54.70,-157519.45,0
13,,04248/25-26,Demo-JB-UP-3329-0126,Knits - Kids,market lmtd,13/01/26,99.00,3000,3000,0,0,Yes,True,198000.00,,Ananya Sen,20/04/26,1,1,2,Yes,Yes,2,2,,3000,0,0,0,,,,,1,,,0.09,1452,3480,,92800.8,5595.7,,,3000.00,2960.00,23/02/2026,25/02/2026,2960.00,"KNITS CUTTING (BLOCK- 4, 1ST FLOOR)",40,2,2960.00,2960.00,26/02/2026,19/03/2026,17760.00,R.B ENTERPRISE,0,21,-,-,-,-,-,-,0,0,2960.00,2801.00,02/03/2026,03/04/2026,30811.00,"BLOCK 4 STICHING BAPI GAZI, STORE",159,32,-,-,-,-,-,-,0,0,-,-,-,-,-,-,0,0,2801.00,0.00,04/04/2026,-,-,JAMINUL MONDAL,2801,4,-,-,-,-,-,-,0,0,30,44,39,59,-20,103328.50,51531.00,154859.50,52.32,56.70,-154859.50,0
13,,04251/25-26,Demo-JB-UP-HS-3332-0126,Knits - Kids,market lmtd,13/01/26,99.00,3000,3000,0,0,Yes,True,198000.00,,Ananya Sen,20/04/26,1,1,2,Yes,Yes,2,2,,3000,0,0,0,6400,,,,3800,,,0.101,1870.8,,,118870.5,5450,,,3000.00,3160.00,06/03/2026,13/03/2026,3160.00,"KNITS CUTTING (BLOCK- 4, 1ST FLOOR)",0,7,3160.00,3160.00,13/03/2026,30/03/2026,22120.00,LAXMI TABLE ADITI,0,17,-,-,-,-,-,-,0,0,3160.00,3187.00,14/03/2026,07/04/2026,35057.00,"RAJDEEP GARMENTS , STORE",0,24,-,-,-,-,-,-,0,0,-,-,-,-,-,-,0,0,-,-,-,-,-,-,0,0,-,-,-,-,-,-,0,0,30,44,32,48,-16,126191.30,60337.00,186528.30,57.27,54.70,-186528.30,0
-6,,04150/25-26,Demo-IB-UP-HS-3225-0126.,Knits - Kids,bangur client,13/01/26,129.00,2001,2001,900,45,Yes,True,146073.00,65700.00,Titly Paul,01/04/26,1,1,18,Yes,Yes,18,18,04/04/26,1101,900,0,0,4092,,,,,,,0.062,1042.32,,,57160.1,,,,2001.00,2016.00,25/02/2026,26/02/2026,2016.00,"KNITS CUTTING (BLOCK- 4, 1ST FLOOR)",0,1,2016.00,2016.00,26/02/2026,19/03/2026,28224.00,BASUKI PRINT,0,21,-,-,-,-,-,-,0,0,2016.00,2008.00,06/03/2026,02/04/2026,18072.00,SUMITRA TEXTILE,8,27,-,-,-,-,-,-,0,0,-,-,-,-,-,-,0,0,2008.00,2008.00,02/04/2026,06/04/2026,1606.40,4TH FLOOR IRONING,0,4,2008.00,2008.00,02/04/2026,06/04/2026,602.40,RAJ SARKAR (GARMENTS FINISHING CONTRACTOR),0,4,42,48,40,57,-17,58202.42,50520.80,108723.22,50.70,54.56,-43023.22,44.6
-6,,04153/25-26,Demo-IB-UP-HS-3228-0126.,Knits - Kids,bangur client,13/01/26,129.00,2001,2001,900,45,Yes,True,146073.00,65700.00,Titly Paul,01/04/26,1,1,18,Yes,Yes,18,18,04/04/26,1101,900,0,0,4092,,,,,,,0.058,1042.32,,,44672.5,,,,2001.00,2016.00,25/02/2026,27/02/2026,2016.00,"KNITS CUTTING (BLOCK- 4, 1ST FLOOR)",0,2,2016.00,2016.00,27/02/2026,12/03/2026,20160.00,LAXMI MACHINE MANORANJAN,0,13,2016.00,2016.00,13/03/2026,01/04/2026,10080.00,NESAR AHMED EMB,0,19,2016.00,1006.00,06/03/2026,03/04/2026,10060.00,TAPARIA BLOCK 4 4TH FLOOR (L FIROZ),1010,28,-,-,-,-,-,-,0,0,-,-,-,-,-,-,0,0,1006.00,1006.00,04/04/2026,06/04/2026,905.40,4TH FLOOR IRONING,0,2,1006.00,1006.00,04/04/2026,06/04/2026,251.50,RAJ SARKAR (GARMENTS FINISHING CONTRACTOR),0,2,42,48,40,66,-26,45714.82,43472.90,89187.72,44.24,54.56,-23487.72,44.6
24,,04156/25-26,Demo-IB-UP-HS-3231-0126.,Knits - Kids,bangur client,13/01/26,129.00,2001,2001,0,0,Yes,True,146073.00,,Titly Paul,01/05/26,1,1,46,Yes,Yes,46,46,,2001,0,0,0,4140,,,,,,,0.064,1055.7,,,51562.8,,,,2001.00,2016.00,30/03/2026,31/03/2026,2016.00,"KNITS CUTTING (BLOCK- 4, 1ST FLOOR)",0,1,2016.00,0.00,01/04/2026,-,-,LAXMI MACHINE MANORANJAN,2016,7,-,-,-,-,-,-,0,0,-,-,-,-,-,-,0,0,-,-,-,-,-,-,0,0,-,-,-,-,-,-,0,0,-,-,-,-,-,-,0,0,-,-,-,-,-,-,0,0,72,72,1,8,-7,52618.50,2016.00,54634.50,27.10,54.56,-54634.50,0
55,,04164/25-26,Demo-IB-UP-HS-3239-0126.,Knits - Kids,bangur client,13/01/26,129.00,2001,0,0,0,Yes,True,146073.00,,Titly Paul,01/06/26,0,1,80,Yes,Yes,80,80,,2001,0,0,0,-,-,-,-,-,-,-,,-,-,-,-,-,-,-,-,-,-,-,-,-,-,-,-,-,-,-,-,-,-,-,-,-,-,-,-,-,-,-,-,-,-,-,-,-,-,-,-,-,-,-,-,-,-,-,-,-,-,-,-,-,-,-,-,-,-,-,-,-,-,-,-,-,-,-,-,-,-,-,0,80,0,0,0,0.00,0.00,0.00,,54.56,0,0
55,,04167/25-26,Demo-IB-UP-HS-3242-0126.,Knits - Kids,bangur client,13/01/26,129.00,2001,0,0,0,Yes,True,146073.00,,Titly Paul,01/06/26,0,1,22,Yes,Yes,22,80,,2001,0,0,0,-,-,-,-,-,-,-,,-,-,-,-,-,-,-,-,-,-,-,-,-,-,-,-,-,-,-,-,-,-,-,-,-,-,-,-,-,-,-,-,-,-,-,-,-,-,-,-,-,-,-,-,-,-,-,-,-,-,-,-,-,-,-,-,-,-,-,-,-,-,-,-,-,-,-,-,-,-,-,0,34,0,0,0,0.00,0.00,0.00,,54.56,0,0
-6,,04170/25-26,Demo-IB-LO-HP-3245-0126.,Knits - Kids,bangur client,13/01/26,79.00,2001,2001,1224,61.2,Yes,True,109054.50,66708.00,Titly Paul,01/04/26,1,1,14,No,Yes,14,0,04/04/26,777,1224,0,0,30,,,,,,,0.057,2617.68,,,47574.3,,,,2001.00,2016.00,31/01/2026,03/02/2026,2016.00,"KNITS CUTTING (BLOCK- 4, 1ST FLOOR)",0,3,2016.00,2016.00,03/02/2026,18/02/2026,10080.00,LAXMI TABLE ADITI,0,15,-,-,-,-,-,-,0,0,2016.00,2020.00,20/02/2026,02/03/2026,12120.00,PRIYANKA GARMENTS (MADHU HALDER),0,10,-,-,-,-,-,-,0,0,-,-,-,-,-,-,0,0,2020.00,2020.00,09/03/2026,13/03/2026,2626.00,JAMINUL MONDAL,0,4,-,-,-,-,-,-,0,0,0,20,41,32,9,50191.98,38962.00,89153.98,44.22,42.13,-22445.98,60.7
-6,,04173/25-26,Demo-IB-LO-HP-3248-0126.,Knits - Kids,bangur client,13/01/26,79.00,2001,2001,1224,61.2,Yes,True,109054.50,66708.00,Titly Paul,01/04/26,1,1,14,No,Yes,14,0,04/04/26,777,1224,0,0,30,,,,4,,,0.049,2626.2,,,60102.9,5986,,,2001.00,2016.00,12/02/2026,12/02/2026,2016.00,"KNITS CUTTING (BLOCK- 4, 1ST FLOOR)",0,1,2016.00,2016.00,21/02/2026,24/02/2026,10080.00,R.B ENTERPRISE,0,3,-,-,-,-,-,-,0,0,4025.00,4018.00,25/02/2026,07/03/2026,23103.50,MM Textiles,7,10,-,-,-,-,-,-,0,0,-,-,-,-,-,-,0,0,2009.00,2009.00,12/03/2026,13/03/2026,2611.70,JAMINUL MONDAL,0,1,-,-,-,-,-,-,0,0,0,20,29,15,14,68715.10,37811.20,106526.30,45.75,42.13,-39818.30,60.7
24,,04176/25-26,Demo-IB-LO-HP-3251-0126.,Knits - Kids,bangur client,13/01/26,79.00,2001,2001,0,0,Yes,True,109054.50,,Titly Paul,01/05/26,1,1,18,Yes,Yes,18,18,,2001,0,0,0,30,,,,,,,0.037,2610,,,29135.5,,,,2001.00,2016.00,28/02/2026,16/03/2026,2016.00,"KNITS CUTTING (BLOCK- 4, 1ST FLOOR)",0,16,2016.00,2016.00,16/03/2026,26/03/2026,12096.00,LAXMI MACHINE MANORANJAN,0,10,-,-,-,-,-,-,0,0,2016.00,0.00,28/03/2026,-,-,FARHAN GARMENTS,2016,11,-,-,-,-,-,-,0,0,-,-,-,-,-,-,0,0,-,-,-,-,-,-,0,0,-,-,-,-,-,-,0,0,42,48,26,37,-11,31745.50,14112.00,45857.50,22.75,42.13,-45857.50,0
-2,,04187/25-26,Demo-SG-LO-FP-3262-0126.,Knits - Kids,bangur client,13/01/26,99.00,2000,2000,248,12.4,Yes,True,153000.00,17833.68,Titly Paul,05/04/26,1,1,44,No,Yes,44,0,04/04/26,1752,248,0,0,38,,,,,,,0.127,3253.2,,,113886,,,,2000.00,2016.00,02/03/2026,13/03/2026,2016.00,"KNITS CUTTING (BLOCK- 4, 1ST FLOOR)",0,11,2016.00,2016.00,16/03/2026,23/03/2026,6048.00,LAXMI TABLE ADITI,0,7,-,-,-,-,-,-,0,0,2016.00,1982.00,18/03/2026,02/04/2026,18829.00,SUMITRA TEXTILE,34,15,-,-,-,-,-,-,0,0,-,-,-,-,-,-,0,0,1982.00,1982.00,02/04/2026,06/04/2026,1585.60,4TH FLOOR IRONING,0,4,1982.00,1982.00,02/04/2026,06/04/2026,594.60,Bipula das (Asgar),0,4,0,48,35,41,-6,117139.20,29073.20,146212.40,72.53,61.12,-128378.72,12.3
28,,04193/25-26,Demo-SG-UP-HS-3274-0126.,Knits - Kids,bangur client,13/01/26,99.00,2000,2000,0,0,Yes,True,154000.00,,Titly Paul,05/05/26,1,1,-178,Yes,Yes,-178,-178,,2000,0,0,0,4080,,,,,,,0.092,1040.4,,,80730,,,,2000.00,2016.00,31/01/2026,03/02/2026,2016.00,"KNITS CUTTING (BLOCK- 4, 1ST FLOOR)",0,3,2016.00,2016.00,03/02/2026,13/02/2026,14112.00,LAXMI MACHINE MANORANJAN,0,10,-,-,-,-,-,-,0,0,2016.00,2016.00,14/02/2026,23/02/2026,17640.00,MM Textiles,0,9,-,-,-,-,-,-,0,0,-,-,-,-,-,-,0,0,2016.00,2007.00,05/03/2026,10/03/2026,3211.20,JAMINUL MONDAL,9,5,-,-,-,-,-,-,0,0,-71,27,38,27,11,81770.40,36979.20,118749.60,55.26,62.84,-118749.60,0
-2,,04184/25-26,Demo-JG-LO-FP-3259-0126.,Knits - Kids,bangur client,13/01/26,79.00,2000,2000,400,20,Yes,True,123000.00,23124.00,Titly Paul,05/04/26,1,1,51,No,Yes,51,0,04/04/26,1600,400,0,0,30,,,,,,,0.091,2866.03,,,105973.71,,,,2000.00,2064.00,12/03/2026,19/03/2026,2064.00,"KNITS CUTTING (BLOCK- 4, 1ST FLOOR)",0,7,2064.00,2064.00,19/03/2026,24/03/2026,6192.00,MAHALAXMI GARMENTS,0,5,-,-,-,-,-,-,0,0,2064.00,2043.00,27/03/2026,03/04/2026,18387.00,"BHAI BHAI HOSIERY (LAXMAN BISWAS), RAJDEEP GARMENTS",21,7,-,-,-,-,-,-,0,0,-,-,-,-,-,-,0,0,2043.00,2043.00,03/04/2026,06/04/2026,2655.90,JAMINUL MONDAL,0,3,-,-,-,-,-,-,0,0,0,56,25,22,3,108839.74,29298.90,138138.64,55.57,53.08,-115014.64,19.4
28,,04196/25-26,Demo-SG-UP-HS-3277-0126.,Knits - Kids,bangur client,13/01/26,99.00,2000,2000,0,0,Yes,True,154000.00,,Titly Paul,05/05/26,1,1,15,No,Yes,15,0,,2000,0,0,0,4210,,,,,,,0.109,1085.9,,,90327.6,,,,2000.00,2016.00,02/02/2026,03/02/2026,2016.00,"KNITS CUTTING (BLOCK- 4, 1ST FLOOR)",0,1,2016.00,2016.00,03/02/2026,13/02/2026,14112.00,LAXMI MACHINE MANORANJAN,0,10,-,-,-,-,-,-,0,0,2016.00,2016.00,16/02/2026,25/02/2026,16884.00,FARHAN GARMENTS,0,9,-,-,-,-,-,-,0,0,-,-,-,-,-,-,0,0,2016.00,2006.00,05/03/2026,09/03/2026,3209.60,JAMINUL MONDAL,10,4,-,-,-,-,-,-,0,0,0,27,35,24,11,91413.50,36971.60,128385.10,62.24,62.84,-128385.10,0
-2,,04190/25-26,Demo-SG-LO-FP-3265-0126.,Knits - Kids,bangur client,13/01/26,99.00,2000,2000,248,12.4,Yes,True,153000.00,17833.68,Titly Paul,05/04/26,1,1,15,Yes,Yes,15,15,04/04/26,1752,248,0,0,30,,,,,,,0.145,2580,,,122730.9,,,,2000.00,1952.00,13/03/2026,17/03/2026,1952.00,"KNITS CUTTING (BLOCK- 4, 1ST FLOOR)",48,4,-,-,-,-,-,-,0,0,-,-,-,-,-,-,0,0,1952.00,1911.00,18/03/2026,30/03/2026,16243.50,DINESH BARUI,41,12,-,-,-,-,-,-,0,0,-,-,-,-,-,-,0,0,800.00,800.00,01/04/2026,06/04/2026,1080.00,4TH FLOOR IRONING,0,5,800.00,800.00,01/04/2026,06/04/2026,240.00,Bipula das (Asgar),0,5,58,48,24,26,-2,125310.90,19515.50,144826.40,74.19,63.62,-126992.72,12.7
-2,,04216/25-26,Demo-SG-LO-HP-3299-0126.,Knits - Kids,bangur client,13/01/26,99.00,2400,2400,0,0,Yes,True,168000.00,,Titly Paul,05/04/26,1,1,,No,No,,0,,2400,0,0,0,47,,,,,,,0.085,4439.2,3195,,164022.92,,,,2400.00,2416.00,02/03/2026,02/03/2026,2416.00,"KNITS CUTTING (BLOCK- 4, 1ST FLOOR)",0,1,2416.00,2416.00,06/03/2026,13/03/2026,7248.00,MAHALAXMI GARMENTS,0,7,-,-,-,-,-,-,0,0,2416.00,0.00,06/03/2026,-,-,"BLOCK 4 STICHING BAPI GAZI, STORE",2416,33,-,-,-,-,-,-,0,0,-,-,-,-,-,-,0,0,-,-,-,-,-,-,0,0,-,-,-,-,-,-,0,0,0,0,11,41,-30,171657.12,9664.00,181321.12,60.65,55.32,-181321.12,0
-1,,04222/25-26,Demo-MU-KN-CA-TS-SL-SF-0053-0126,Knits - Men,Style fashion,13/01/26,199.00,4002,4002,0,0,Yes,True,476238.00,,Saikat Kr Das,06/04/26,1,1,2,Yes,Yes,2,2,,4002,0,0,0,4,,,,,,,0.195,24111,5332,,306517.2,,,,4002.00,4260.00,13/03/2026,18/03/2026,4260.00,"KNITS CUTTING (BLOCK- 4, 1ST FLOOR)",0,5,4260.00,3550.00,19/03/2026,30/03/2026,3550.00,MA BASULI ENTERPRISE,710,11,-,-,-,-,-,-,0,0,4260.00,0.00,18/03/2026,-,-,BLOCK 4 STICHING BAPI GAZI,4260,21,-,-,-,-,-,-,0,0,-,-,-,-,-,-,0,0,-,-,-,-,-,-,0,0,-,-,-,-,-,-,0,0,57,55,17,37,-20,335960.20,7810.00,343770.20,80.70,0.00,-343770.20,0
-8,,04237/25-26,TT-BY-WO-CA-SH-HS-RF-01102-0126,Woven,kolkata 2,13/01/26,399.00,12600,12600,12416,98.5,Yes,True,2557800.00,2520448.00,Md Shahzada,30/03/26,1,1,14,Yes,Yes,14,14,07/04/26,184,12416,0,0,7,,,,,,,0.799,39390.2,,,,8708,,1223340.25,12600.00,12660.00,16/03/2026,17/03/2026,18990.00,DILIP,0,1,-,-,-,-,-,-,0,0,-,-,-,-,-,-,0,0,12660.00,12574.00,14/03/2026,01/04/2026,364646.00,"S S GARMENTS (WOVEN), TIPL- LINE NO- 11 , TIPL- LINE NO-1, TIPL- LINE NO-2",86,18,-,-,-,-,-,-,0,0,-,-,-,-,-,-,0,0,12416.00,12416.00,02/04/2026,07/04/2026,55872.00,"AWANTIKA ENTERPRISES, SHANKAR ENTERPRISE IN HOUSE",0,5,-,-,-,-,-,-,0,0,58,44,24,24,0,1271438.45,439508.00,1710946.45,135.15,0.00,809501.55,98.1
-2,,04219/25-26,Demo-SG-LO-HP-3302-0126.,Knits - Kids,bangur client,13/01/26,99.00,2400,2400,0,0,Yes,True,168000.00,,Titly Paul,05/04/26,1,1,,No,No,,0,,2400,0,0,0,48,,,,,,,0.085,4298.2,,,122517.13,,,,2400.00,2416.00,18/02/2026,23/02/2026,2416.00,"KNITS CUTTING (BLOCK- 4, 1ST FLOOR)",0,5,2416.00,2416.00,24/02/2026,12/03/2026,9664.00,LAXMI TABLE ADITI,0,16,-,-,-,-,-,-,0,0,2416.00,0.00,27/02/2026,-,-,"BLOCK 4 STICHING BAPI GAZI, STORE",2416,40,-,-,-,-,-,-,0,0,-,-,-,-,-,-,0,0,-,-,-,-,-,-,0,0,-,-,-,-,-,-,0,0,0,0,22,61,-39,126815.33,12080.00,138895.33,45.32,55.32,-138895.33,0
55,,04229/25-26,Demo-IB-UP-FS-3310-0126.,Knits - Kids,bangur client,13/01/26,129.00,1500,0,0,0,Yes,True,112500.00,,Titly Paul,01/06/26,0,1,,No,No,,0,,1500,0,0,0,-,-,-,-,-,-,-,,-,-,-,-,-,-,-,-,-,-,-,-,-,-,-,-,-,-,-,-,-,-,-,-,-,-,-,-,-,-,-,-,-,-,-,-,-,-,-,-,-,-,-,-,-,-,-,-,-,-,-,-,-,-,-,-,-,-,-,-,-,-,-,-,-,-,-,-,-,-,-,0,0,0,0,0,0.00,0.00,0.00,,57.62,0,0
13,,04240/25-26,Demo-JB-UP-SL-3322-0126,Knits - Kids,market lmtd,13/01/26,99.00,3000,3000,0,0,Yes,True,198000.00,,Ananya Sen,20/04/26,1,1,2,Yes,Yes,2,2,,3000,0,0,0,,,,247.51,,,,0.083,,,,87538.14,,,,3000.00,3000.00,02/04/2026,06/04/2026,3000.00,"KNITS CUTTING (BLOCK- 4, 1ST FLOOR)",0,4,3000.00,0.00,06/04/2026,-,-,MAHALAXMI GARMENTS,3000,2,-,-,-,-,-,-,0,0,-,-,-,-,-,-,0,0,-,-,-,-,-,-,0,0,-,-,-,-,-,-,0,0,-,-,-,-,-,-,0,0,-,-,-,-,-,-,0,0,30,44,4,6,-2,87538.14,3000.00,90538.14,30.18,56.31,-90538.14,0
13,,04244/25-26,Demo-JB-UP-HS-3325-0126,Knits - Kids,market lmtd,13/01/26,99.00,3000,3000,0,0,Yes,True,198000.00,,Ananya Sen,20/04/26,1,1,2,Yes,Yes,2,2,,3000,0,0,0,3175,,,,,,,0.091,1561.25,,,98635.5,,,,3000.00,3120.00,11/03/2026,17/03/2026,3120.00,"KNITS CUTTING (BLOCK- 4, 1ST FLOOR)",0,6,3120.00,3120.00,17/03/2026,02/04/2026,21840.00,R.B ENTERPRISE,0,16,-,-,-,-,-,-,0,0,3120.00,0.00,19/03/2026,-,-,TAPARIA BLOCK 4 4TH FLOOR (L FIROZ),3120,20,-,-,-,-,-,-,0,0,-,-,-,-,-,-,0,0,-,-,-,-,-,-,0,0,-,-,-,-,-,-,0,0,30,44,22,42,-20,100196.75,24960.00,125156.75,40.11,56.70,-125156.75,0
13,,04252/25-26,Demo-JB-UP-HS-3333-0126,Knits - Kids,market lmtd,13/01/26,99.00,3000,3000,0,0,Yes,True,198000.00,,Ananya Sen,20/04/26,1,1,2,Yes,Yes,2,2,,3000,0,0,0,,,,306.6,,,,0.09,,,,97371.91,,,,3000.00,3150.00,20/03/2026,25/03/2026,3150.00,TAPARIA KHILKAPUR ( LAXMI GARMENTS ),0,5,3150.00,3150.00,25/03/2026,01/04/2026,25200.00,LAXMI MACHINE MANORANJAN,0,7,-,-,-,-,-,-,0,0,3150.00,0.00,04/04/2026,-,-,TAPARIA BLOCK 4 4TH FLOOR (L FIROZ),3150,4,-,-,-,-,-,-,0,0,-,-,-,-,-,-,0,0,-,-,-,-,-,-,0,0,-,-,-,-,-,-,0,0,30,44,12,16,-4,97371.91,28350.00,125721.91,37.47,53.70,-125721.91,0
13,,04255/25-26,Demo-JB-UP-SL-3336-0126,Knits - Kids,market lmtd,13/01/26,99.00,3000,3000,0,0,Yes,True,198000.00,,Ananya Sen,20/04/26,1,2,2,Yes,Yes,2,2,,3000,0,0,0,3200,,,,,,,0.086,1774.8,,,99783.12,,,,3000.00,3160.00,06/03/2026,13/03/2026,3160.00,"KNITS CUTTING (BLOCK- 4, 1ST FLOOR)",0,7,3160.00,3160.00,13/03/2026,19/03/2026,22120.00,LAXMI MACHINE MANORANJAN,0,6,-,-,-,-,-,-,0,0,3160.00,0.00,14/03/2026,-,-,"STORE, TAPARIA BLOCK 4 4TH FLOOR (L FIROZ)",3160,25,-,-,-,-,-,-,0,0,-,-,-,-,-,-,0,0,-,-,-,-,-,-,0,0,-,-,-,-,-,-,0,0,30,44,13,38,-25,101557.92,25280.00,126837.92,39.47,57.31,-126837.92,0
13,,04258/25-26,Demo-JB-UP-HS-3339-0126,Knits - Kids,market lmtd,13/01/26,99.00,3000,3000,0,0,Yes,True,198000.00,,Ananya Sen,20/04/26,1,1,2,Yes,Yes,2,2,,3000,0,0,0,3250,,,,,,,0.091,1444.5,,,104959.1,,,,3000.00,3150.00,20/03/2026,25/03/2026,3150.00,TAPARIA KHILKAPUR ( LAXMI GARMENTS ),0,5,3150.00,3150.00,25/03/2026,30/03/2026,25200.00,LAXMI TABLE ADITI,0,5,-,-,-,-,-,-,0,0,3150.00,0.00,26/03/2026,-,-,"STORE, TAPARIA BLOCK 4 4TH FLOOR (L FIROZ)",3150,13,-,-,-,-,-,-,0,0,-,-,-,-,-,-,0,0,-,-,-,-,-,-,0,0,-,-,-,-,-,-,0,0,30,44,10,23,-13,106403.60,28350.00,134753.60,39.22,57.70,-134753.60,0
24,,04158/25-26,Demo-IB-UP-HS-3233-0126.,Knits - Kids,bangur client,13/01/26,129.00,2001,2001,0,0,Yes,True,146073.00,,Titly Paul,01/05/26,1,1,46,Yes,Yes,46,46,,2001,0,0,0,,,,126.1,,,,0.06,,,,55245.5,,,,2001.00,2016.00,30/03/2026,01/04/2026,2016.00,"KNITS CUTTING (BLOCK- 4, 1ST FLOOR)",0,2,2016.00,0.00,01/04/2026,-,-,R.B ENTERPRISE,2016,7,-,-,-,-,-,-,0,0,-,-,-,-,-,-,0,0,-,-,-,-,-,-,0,0,-,-,-,-,-,-,0,0,-,-,-,-,-,-,0,0,-,-,-,-,-,-,0,0,72,72,2,9,-7,55245.50,2016.00,57261.50,27.41,54.56,-57261.50,0
-6,,04152/25-26,Demo-IB-UP-HS-3227-0126.,Knits - Kids,bangur client,13/01/26,129.00,2001,2001,900,45,Yes,True,146073.00,65700.00,Titly Paul,01/04/26,1,1,18,Yes,Yes,18,18,04/04/26,1101,900,0,0,4092,,,,,,,0.066,1042.32,,,65787.2,,,,2001.00,2010.00,25/02/2026,28/02/2026,2010.00,"KNITS CUTTING (BLOCK- 4, 1ST FLOOR)",0,3,2010.00,2010.00,28/02/2026,11/03/2026,14070.00,LAXMI MACHINE MANORANJAN,0,11,2010.00,2010.00,13/03/2026,27/03/2026,18090.00,AKIB JABED EMBROIDARY,0,14,2010.00,2013.00,06/03/2026,02/04/2026,18117.00,"RAJDEEP GARMENTS , STORE",0,27,-,-,-,-,-,-,0,0,-,-,-,-,-,-,0,0,2013.00,2013.00,02/04/2026,06/04/2026,1610.40,4TH FLOOR IRONING,0,4,2013.00,2013.00,02/04/2026,06/04/2026,603.90,RAJ SARKAR (GARMENTS FINISHING CONTRACTOR),0,4,42,48,40,63,-23,66829.52,54501.30,121330.82,57.58,54.56,-55630.82,44.8
-6,,04155/25-26,Demo-IB-UP-HS-3230-0126.,Knits - Kids,bangur client,13/01/26,129.00,2001,2001,900,45,Yes,True,146073.00,65700.00,Titly Paul,01/04/26,1,1,18,Yes,Yes,18,18,04/04/26,1101,900,0,0,,,,,4,,,0.056,1042.32,,,55311.7,8241,,,2001.00,2010.00,25/02/2026,28/02/2026,2010.00,"KNITS CUTTING (BLOCK- 4, 1ST FLOOR)",0,3,2010.00,2010.00,28/02/2026,09/03/2026,15075.00,LAXMI MACHINE MANORANJAN,0,9,2010.00,2010.00,18/03/2026,27/03/2026,8040.00,SK  SDemoIM,0,9,2010.00,2004.00,06/03/2026,04/04/2026,20040.00,"BHAI BHAI HOSIERY (LAXMAN BISWAS), STORE",6,29,-,-,-,-,-,-,0,0,-,-,-,-,-,-,0,0,2004.00,1084.00,04/04/2026,06/04/2026,867.20,4TH FLOOR IRONING,920,2,2004.00,1084.00,04/04/2026,06/04/2026,271.00,RAJ SARKAR (GARMENTS FINISHING CONTRACTOR),920,2,42,48,40,54,-14,64595.02,46303.20,110898.22,51.52,54.56,-45198.22,44.8
24,,04175/25-26,Demo-IB-LO-HP-3250-0126.,Knits - Kids,bangur client,13/01/26,79.00,2001,2001,0,0,Yes,True,109054.50,,Titly Paul,01/05/26,1,1,18,Yes,Yes,18,18,,2001,0,0,0,30,,,,,,,0.079,2610,,,66400.6,,,,2001.00,2016.00,28/02/2026,16/03/2026,2016.00,"KNITS CUTTING (BLOCK- 4, 1ST FLOOR)",0,16,2016.00,2016.00,16/03/2026,26/03/2026,16128.00,LAXMI MACHINE MANORANJAN,0,10,-,-,-,-,-,-,0,0,2016.00,0.00,18/03/2026,-,-,RAJDEEP GARMENTS,2016,21,-,-,-,-,-,-,0,0,-,-,-,-,-,-,0,0,-,-,-,-,-,-,0,0,-,-,-,-,-,-,0,0,42,48,26,47,-21,69010.60,18144.00,87154.60,43.23,42.13,-87154.60,0
24,,04178/25-26,Demo-IB-LO-HP-3253-0126.,Knits - Kids,bangur client,13/01/26,79.00,2001,2001,0,0,Yes,True,109054.50,,Titly Paul,01/05/26,1,1,18,Yes,Yes,18,18,,2001,0,0,0,30,,,,,,,0.061,2605.2,,,56433.35,,,,2001.00,1992.00,02/03/2026,13/03/2026,1992.00,"KNITS CUTTING (BLOCK- 4, 1ST FLOOR)",9,11,1992.00,1992.00,14/03/2026,26/03/2026,11952.00,LAXMI MACHINE MANORANJAN,0,12,-,-,-,-,-,-,0,0,1992.00,0.00,18/03/2026,-,-,"QUICK SUPPLY, STORE",1992,21,-,-,-,-,-,-,0,0,-,-,-,-,-,-,0,0,-,-,-,-,-,-,0,0,-,-,-,-,-,-,0,0,42,48,24,44,-20,59038.55,13944.00,72982.55,31.58,42.13,-72982.55,0
24,,04161/25-26,Demo-IB-UP-HS-3236-0126.,Knits - Kids,bangur client,13/01/26,129.00,2001,2001,0,0,Yes,True,146073.00,,Titly Paul,01/05/26,1,1,46,Yes,Yes,46,46,,2001,0,0,0,4140,,,,,,,0.063,1055.7,,,52241.1,,,,2001.00,2016.00,30/03/2026,31/03/2026,2016.00,"KNITS CUTTING (BLOCK- 4, 1ST FLOOR)",0,1,2016.00,2016.00,01/04/2026,06/04/2026,14112.00,LAXMI TABLE ADITI,0,5,2016.00,0.00,07/04/2026,-,-,SK  SDemoIM,2016,1,-,-,-,-,-,-,0,0,-,-,-,-,-,-,0,0,-,-,-,-,-,-,0,0,-,-,-,-,-,-,0,0,-,-,-,-,-,-,0,0,72,72,7,7,0,53296.80,16128.00,69424.80,34.44,54.56,-69424.80,0
-6,,04169/25-26,Demo-IB-LO-HP-3244-0126.,Knits - Kids,bangur client,13/01/26,79.00,2001,2001,1224,61.2,Yes,True,109054.50,66708.00,Titly Paul,01/04/26,1,1,14,No,Yes,14,0,04/04/26,777,1224,0,0,30,,,,,,,0.053,2610,,,68607.4,620,,,2001.00,2016.00,30/01/2026,03/02/2026,2016.00,"KNITS CUTTING (BLOCK- 4, 1ST FLOOR)",0,4,2016.00,2016.00,11/02/2026,13/02/2026,12096.00,SANJOY PAUL,0,2,-,-,-,-,-,-,0,0,2016.00,2029.00,10/02/2026,25/02/2026,23333.50,"MM Textiles, STORE",0,15,-,-,-,-,-,-,0,0,-,-,-,-,-,-,0,0,2029.00,2029.00,09/03/2026,13/03/2026,2637.70,JAMINUL MONDAL,0,4,-,-,-,-,-,-,0,0,0,20,42,25,17,71837.40,40083.20,111920.60,46.84,42.13,-45212.60,60.7
-6,,04172/25-26,Demo-IB-LO-HP-3247-0126.,Knits - Kids,bangur client,13/01/26,79.00,2001,2001,1224,61.2,Yes,True,109054.50,66708.00,Titly Paul,01/04/26,1,1,14,No,Yes,14,0,04/04/26,777,1224,0,0,30,,,,,,,0.049,2610,,,36064,,,,2001.00,2016.00,30/01/2026,03/02/2026,2016.00,"KNITS CUTTING (BLOCK- 4, 1ST FLOOR)",0,4,2016.00,2016.00,12/02/2026,19/02/2026,8064.00,SONAL DINESH SARKAR,0,7,-,-,-,-,-,-,0,0,2016.00,2010.00,19/02/2026,11/03/2026,21105.00,LOKENATH READYMADE FACTORY ( SENTU BISWAS ),6,20,-,-,-,-,-,-,0,0,-,-,-,-,-,-,0,0,2010.00,2010.00,11/03/2026,13/03/2026,2613.00,JAMINUL MONDAL,0,2,-,-,-,-,-,-,0,0,0,20,42,33,9,38674.00,33798.00,72472.00,35.95,42.13,-5764.00,60.7
-2,,04181/25-26,Demo-JG-LO-FP-3256-0126.,Knits - Kids,bangur client,13/01/26,79.00,2000,2000,400,20,Yes,True,123000.00,23124.00,Titly Paul,05/04/26,1,1,41,Yes,Yes,41,41,04/04/26,1600,400,0,0,45,,,,,,,0.081,4113.2,,,102051,,,,2840.00,2840.00,28/03/2026,30/03/2026,2840.00,"KNITS CUTTING (BLOCK- 4, 1ST FLOOR)",0,2,-,-,-,-,-,-,0,0,-,-,-,-,-,-,0,0,2840.00,1449.00,30/03/2026,02/04/2026,13041.00,TAPARIA BLOCK 4 4TH FLOOR (L FIROZ),1391,3,-,-,-,-,-,-,0,0,-,-,-,-,-,-,0,0,1374.00,1374.00,02/04/2026,06/04/2026,1786.20,JAMINUL MONDAL,0,4,-,-,-,-,-,-,0,0,72,56,9,9,0,106164.20,17667.20,123831.40,43.10,52.68,-100707.40,14.1
28,,04195/25-26,Demo-SG-UP-HS-3276-0126.,Knits - Kids,bangur client,13/01/26,99.00,2000,2000,0,0,Yes,True,154000.00,,Titly Paul,05/05/26,1,1,-178,Yes,Yes,-178,-178,,2000,0,0,0,4160,,,,,,,0.093,1060.8,,,76284,,,,2000.00,2016.00,31/01/2026,03/02/2026,2016.00,"KNITS CUTTING (BLOCK- 4, 1ST FLOOR)",0,3,2016.00,2016.00,03/02/2026,11/02/2026,14112.00,LAXMI MACHINE MANORANJAN,0,8,-,-,-,-,-,-,0,0,2016.00,2015.00,10/02/2026,24/02/2026,18135.00,"BLOCK 4 STICHING BAPI GAZI, FARHAN GARMENTS, STORE",1,14,-,-,-,-,-,-,0,0,-,-,-,-,-,-,0,0,2015.00,2005.00,05/03/2026,07/03/2026,3208.00,JAMINUL MONDAL,10,2,-,-,-,-,-,-,0,0,-71,27,35,27,8,77344.80,37471.00,114815.80,55.39,62.84,-114815.80,0
28,,04192/25-26,Demo-SG-UP-HS-3273-0126.,Knits - Kids,bangur client,13/01/26,99.00,2000,2000,0,0,Yes,True,154000.00,,Titly Paul,05/05/26,1,1,-178,Yes,Yes,-178,-178,,2000,0,0,0,,,,,5,,,0.091,1050.6,,,74100,7210,,,2000.00,2016.00,31/01/2026,03/02/2026,2016.00,"KNITS CUTTING (BLOCK- 4, 1ST FLOOR)",0,3,2016.00,2016.00,03/02/2026,13/02/2026,14112.00,LAXMI MACHINE MANORANJAN,0,10,-,-,-,-,-,-,0,0,2016.00,2016.00,16/02/2026,28/02/2026,18144.00,QUICK SUPPLY,0,12,-,-,-,-,-,-,0,0,-,-,-,-,-,-,0,0,2002.00,1993.00,05/03/2026,07/03/2026,3188.80,JAMINUL MONDAL,9,2,-,-,-,-,-,-,0,0,-71,27,35,27,8,82360.60,37460.80,119821.40,57.30,62.84,-119821.40,0
-2,,04189/25-26,Demo-SG-LO-FP-3264-0126.,Knits - Kids,bangur client,13/01/26,99.00,2000,2000,248,12.4,Yes,True,153000.00,17833.68,Titly Paul,05/04/26,1,1,15,Yes,Yes,15,15,04/04/26,1752,248,0,0,,,,,6,,,0.137,1165.6,,,143577.5,8259,,,2000.00,1824.00,13/03/2026,16/03/2026,1824.00,"KNITS CUTTING (BLOCK- 4, 1ST FLOOR)",176,3,-,-,-,-,-,-,0,0,-,-,-,-,-,-,0,0,1824.00,1808.00,19/03/2026,03/04/2026,16272.00,QUICK SUPPLY,16,15,-,-,-,-,-,-,0,0,-,-,-,-,-,-,0,0,1808.00,1808.00,03/04/2026,06/04/2026,1627.20,4TH FLOOR IRONING,0,3,1808.00,1808.00,03/04/2026,06/04/2026,452.00,Bipula das (Asgar),0,3,58,48,24,24,0,153002.10,20175.20,173177.30,94.94,63.62,-155343.62,13.6
-2,,04221/25-26,Demo-SG-LO-HP-3304-0126.,Knits - Kids,bangur client,13/01/26,99.00,2400,2400,0,0,Yes,True,168000.00,,Titly Paul,05/04/26,1,1,,No,No,,0,,2400,0,0,0,46,,,,,,,0.086,4343.6,,,76933.3,,,,2400.00,2416.00,17/02/2026,23/02/2026,2416.00,"KNITS CUTTING (BLOCK- 4, 1ST FLOOR)",0,6,2416.00,2416.00,26/02/2026,12/03/2026,7248.00,SONAL DINESH SARKAR,0,14,-,-,-,-,-,-,0,0,2416.00,0.00,26/02/2026,-,-,"PRIYANKA GARMENTS (MADHU HALDER), STORE",2416,41,-,-,-,-,-,-,0,0,-,-,-,-,-,-,0,0,-,-,-,-,-,-,0,0,-,-,-,-,-,-,0,0,0,0,23,61,-38,81276.90,9664.00,90940.90,37.64,55.32,-90940.90,0
-2,,04218/25-26,Demo-SG-LO-HP-3301-0126.,Knits - Kids,bangur client,13/01/26,99.00,2400,2400,0,0,Yes,True,168000.00,,Titly Paul,05/04/26,1,1,,No,No,,0,,2400,0,0,0,48,,,,,,,0.082,4298.2,3195,,69300,,,,2400.00,2416.00,21/02/2026,24/02/2026,2416.00,"KNITS CUTTING (BLOCK- 4, 1ST FLOOR)",0,3,2416.00,2416.00,27/02/2026,20/03/2026,6040.00,LOKNATH PRINTING,0,21,-,-,-,-,-,-,0,0,2416.00,0.00,27/02/2026,-,-,"BLOCK 4 STICHING BAPI GAZI, STORE",2416,40,-,-,-,-,-,-,0,0,-,-,-,-,-,-,0,0,-,-,-,-,-,-,0,0,-,-,-,-,-,-,0,0,0,0,27,64,-37,76793.20,8456.00,85249.20,35.29,55.32,-85249.20,0
24,,04198/25-26,Demo-IB-LO-HP-3281-0126.,Knits - Kids,bangur client,13/01/26,39.00,18000,18000,0,0,Yes,True,522000.00,,Titly Paul,01/05/26,1,1,70,No,Yes,70,0,,18000,0,0,0,-,-,-,-,-,-,-,,-,-,-,-,-,-,-,-,-,-,-,-,-,-,-,-,-,-,-,-,-,-,-,-,-,-,-,-,-,-,-,-,-,-,-,-,-,-,-,-,-,-,-,-,-,-,-,-,-,-,-,-,-,-,-,-,-,-,-,-,-,-,-,-,-,-,-,-,-,-,-,0,76,0,0,0,0.00,0.00,0.00,,25.89,0,0
13,,04239/25-26,Demo-JB-UP-SL-3321-0126,Knits - Kids,market lmtd,13/01/26,99.00,3000,3000,0,0,Yes,True,198000.00,,Ananya Sen,20/04/26,1,1,2,Yes,Yes,2,2,,3000,0,0,0,2950,,,,,,,0.081,1352.7,,,92041.94,,,,3000.00,2860.00,11/03/2026,18/03/2026,2860.00,"KNITS CUTTING (BLOCK- 4, 1ST FLOOR)",140,7,2860.00,0.00,19/03/2026,-,-,R.B ENTERPRISE,2860,20,-,-,-,-,-,-,0,0,-,-,-,-,-,-,0,0,-,-,-,-,-,-,0,0,-,-,-,-,-,-,0,0,-,-,-,-,-,-,0,0,-,-,-,-,-,-,0,0,30,44,7,27,-20,93394.64,2860.00,96254.64,28.76,56.31,-96254.64,0
55,,04226/25-26,Demo-IB-UP-FS-3307-0126.,Knits - Kids,bangur client,13/01/26,129.00,1500,0,0,0,Yes,True,112500.00,,Titly Paul,01/06/26,0,1,,No,No,,0,,1500,0,0,0,-,-,-,-,-,-,-,,-,-,-,-,-,-,-,-,-,-,-,-,-,-,-,-,-,-,-,-,-,-,-,-,-,-,-,-,-,-,-,-,-,-,-,-,-,-,-,-,-,-,-,-,-,-,-,-,-,-,-,-,-,-,-,-,-,-,-,-,-,-,-,-,-,-,-,-,-,-,-,0,0,0,0,0,0.00,0.00,0.00,,57.62,0,0
-8,,04246/25-26,Demo-JB-UP-HS-3327-0126,Knits - Kids,market lmtd,13/01/26,99.00,3000,3000,0,0,Yes,True,198000.00,,Ananya Sen,30/03/26,1,1,2,Yes,Yes,2,2,,3000,0,0,0,,,,,1,,,0.091,1550.6,,,93503.5,5746,,,3000.00,3040.00,23/02/2026,26/02/2026,3040.00,"KNITS CUTTING (BLOCK- 4, 1ST FLOOR)",0,3,3040.00,3040.00,26/02/2026,02/03/2026,18240.00,R.B ENTERPRISE,0,4,-,-,-,-,-,-,0,0,3040.00,3034.00,28/02/2026,19/03/2026,33374.00,MM Textiles,6,19,-,-,-,-,-,-,0,0,-,-,-,-,-,-,0,0,2990.00,2988.00,24/03/2026,27/03/2026,7470.00,TG ENTERPRISE,2,3,-,-,-,-,-,-,0,0,30,44,32,29,3,100800.10,62124.00,162924.10,53.59,54.70,-162924.10,0
13,,04242/25-26,Demo-JB-UP-SL-3324-0126,Knits - Kids,market lmtd,13/01/26,99.00,3000,3000,0,0,Yes,True,198000.00,,Ananya Sen,20/04/26,1,1,2,Yes,Yes,2,2,,3000,0,0,0,3315,,,,,,,0.082,1652.75,,,95381.5,,,,3000.00,3160.00,11/03/2026,12/03/2026,3160.00,"KNITS CUTTING (BLOCK- 4, 1ST FLOOR)",0,1,3160.00,3160.00,12/03/2026,20/03/2026,22120.00,LOKNATH PRINTING,0,8,-,-,-,-,-,-,0,0,3160.00,3163.00,13/03/2026,07/04/2026,36374.50,"BARSHA GARMENTS, RAJDEEP GARMENTS",0,25,-,-,-,-,-,-,0,0,-,-,-,-,-,-,0,0,3163.00,0.00,07/04/2026,-,-,JAMINUL MONDAL,3163,1,-,-,-,-,-,-,0,0,30,44,27,35,-8,97034.25,61654.50,158688.75,49.88,56.31,-158688.75,0
13,,04249/25-26,Demo-JB-UP-HS-3330-0126,Knits - Kids,market lmtd,13/01/26,99.00,3000,3000,0,0,Yes,True,198000.00,,Ananya Sen,20/04/26,1,1,2,Yes,Yes,2,2,,3000,0,0,0,,,,268.56,,,,0.096,,,,94881.25,,,,3000.00,2800.00,25/03/2026,31/03/2026,2800.00,"KNITS CUTTING (BLOCK- 4, 1ST FLOOR)",200,6,2800.00,0.00,31/03/2026,-,-,R.B ENTERPRISE,2800,8,-,-,-,-,-,-,0,0,-,-,-,-,-,-,0,0,-,-,-,-,-,-,0,0,-,-,-,-,-,-,0,0,-,-,-,-,-,-,0,0,-,-,-,-,-,-,0,0,30,44,6,14,-8,94881.25,2800.00,97681.25,34.89,57.70,-97681.25,0
13,,04256/25-26,Demo-JB-UP-SL-3338-0126,Knits - Kids,market lmtd,13/01/26,99.00,3000,3000,0,0,Yes,True,198000.00,,Ananya Sen,20/04/26,1,2,2,Yes,Yes,2,2,,3000,0,0,0,3200,,,,,,,0.082,1774.8,,,98264.74,,,,3000.00,3160.00,11/03/2026,13/03/2026,3160.00,"KNITS CUTTING (BLOCK- 4, 1ST FLOOR)",0,2,3160.00,3160.00,13/03/2026,19/03/2026,23700.00,MAHALAXMI GARMENTS,0,6,-,-,-,-,-,-,0,0,3160.00,3102.00,14/03/2026,07/04/2026,35673.00,RUKSANA ENTERPRISE,58,24,-,-,-,-,-,-,0,0,-,-,-,-,-,-,0,0,3102.00,0.00,07/04/2026,-,-,4TH FLOOR IRONING,3102,1,3102.00,0.00,07/04/2026,-,-,Bipula das (Asgar),3102,1,30,44,27,34,-7,100039.54,62533.00,162572.54,50.90,56.31,-162572.54,0
-1,,04262/25-26,Demo-MU-KN-CA-TS-SL-SF-0058-0126,Knits - Men,Style fashion,13/01/26,199.00,4002,4002,0,0,Yes,True,476238.00,,Saikat Kr Das,06/04/26,1,1,2,Yes,Yes,2,2,,4002,0,0,0,4,,,,3,,,0.213,22490.5,4971.6,,294114.7,10161.1,,,4002.00,3768.00,18/03/2026,20/03/2026,3768.00,"KNITS CUTTING (BLOCK- 4, 1ST FLOOR)",234,2,-,-,-,-,-,-,0,0,-,-,-,-,-,-,0,0,3768.00,3797.00,20/03/2026,06/04/2026,41767.00,BLOCK 4 STICHING BAPI GAZI,0,17,-,-,-,-,-,-,0,0,-,-,-,-,-,-,0,0,3656.00,0.00,06/04/2026,-,-,SUDIPTO BANERJEE,3656,2,-,-,-,-,-,-,0,0,64,55,19,21,-2,331737.90,45535.00,377272.90,100.13,0.00,-377272.90,0
-22,,04263/25-26,EB-JG-LO-FP-3267-0126,Knits - Kids,intrn lmtd,14/01/26,199.00,2000,2000,0,0,Yes,True,226000.00,,SAYANTANI NANDI,16/03/26,1,1,2,Yes,Yes,2,2,,2000,0,0,0,30,,,,,,,0.078,2376,,,111054.4,,,,2000.00,2000.00,18/03/2026,25/03/2026,2000.00,"KNITS CUTTING (BLOCK- 4, 1ST FLOOR)",0,7,-,-,-,-,-,-,0,0,-,-,-,-,-,-,0,0,2000.00,0.00,25/03/2026,-,-,TAPARIA BLOCK 24 (L SUBRATA),2000,14,-,-,-,-,-,-,0,0,-,-,-,-,-,-,0,0,-,-,-,-,-,-,0,0,-,-,-,-,-,-,0,0,56,59,7,21,-14,113430.40,2000.00,115430.40,53.78,0.00,-115430.40,0
-22,,04265/25-26,EB-SG-LO-FP-3269-0126,Knits - Kids,intrn lmtd,14/01/26,249.00,1800,1800,0,0,Yes,True,243000.00,,SAYANTANI NANDI,16/03/26,1,1,2,Yes,Yes,2,2,,1800,0,0,0,30,,,,,,,0.135,2612,,,160153.5,,,,1800.00,1808.00,19/03/2026,27/03/2026,1808.00,"KNITS CUTTING (BLOCK- 4, 1ST FLOOR)",0,8,1808.00,1808.00,27/03/2026,06/04/2026,27120.00,LAXMI MACHINE MANORANJAN,0,10,-,-,-,-,-,-,0,0,1808.00,0.00,02/04/2026,-,-,"STORE, TAPARIA BLOCK 24 (L SUBRATA)",1808,6,-,-,-,-,-,-,0,0,-,-,-,-,-,-,0,0,-,-,-,-,-,-,0,0,-,-,-,-,-,-,0,0,56,59,18,24,-6,162765.50,28928.00,191693.50,97.89,0.00,-191693.50,0
-22,,04264/25-26,EB-JG-LO-FP-3268-0126,Knits - Kids,intrn lmtd,14/01/26,199.00,2000,2000,0,0,Yes,True,226000.00,,SAYANTANI NANDI,16/03/26,1,1,2,Yes,Yes,2,2,,2000,0,0,0,30,,,,,,,0.083,2376,,,74320,,,,2000.00,2000.00,18/03/2026,25/03/2026,2000.00,"KNITS CUTTING (BLOCK- 4, 1ST FLOOR)",0,7,-,-,-,-,-,-,0,0,-,-,-,-,-,-,0,0,2000.00,0.00,25/03/2026,-,-,TAPARIA BLOCK 24 (L SUBRATA),2000,14,-,-,-,-,-,-,0,0,-,-,-,-,-,-,0,0,-,-,-,-,-,-,0,0,-,-,-,-,-,-,0,0,56,59,7,21,-14,76696.00,2000.00,78696.00,35.85,0.00,-78696.00,0
-29,,04279/25-26,Demo-MU-KN-RN-TS-CP-HS-SF-0083-0126,Knits - Men,bata,16/01/26,199.00,360,360,0,0,Yes,True,45000.00,,Priya Das Chowdhury,09/03/26,1,1,0,Yes,Yes,0,0,,360,0,0,0,20,,,,,,,0.212,1122.8,,,37821.7,,,,360.00,360.00,06/02/2026,27/02/2026,360.00,"KNITS CUTTING (BLOCK- 4, 1ST FLOOR)",0,21,360.00,360.00,26/02/2026,14/03/2026,3960.00,RAINBOW ENTERPRISE,0,16,-,-,-,-,-,-,0,0,360.00,361.00,13/02/2026,06/04/2026,4332.00,"TAPARIA BLOCK 24 (L SUBRATA), TAPARIA BLOCK 4 4TH FLOOR (L FIROZ)",0,52,-,-,-,-,-,-,0,0,-,-,-,-,-,-,0,0,-,-,-,-,-,-,0,0,-,-,-,-,-,-,0,0,15,20,59,89,-30,38944.50,8652.00,47596.50,114.71,0.00,-47596.50,0
8,,04288/25-26,Demo-MU-KN-CA-TS-SL-SF-0089-0126,Knits - Men,market lmtd,16/01/26,129.00,10000,10000,0,0,Yes,True,750000.00,,Saikat Kr Das,15/04/26,1,1,,No,No,,0,,10000,0,0,0,5880,,,,,,,0.174,5760,,,812657.81,,,,11260.00,11340.00,11/02/2026,11/02/2026,11340.00,"KNITS CUTTING (BLOCK- 4, 1ST FLOOR)",0,1,11340.00,9876.00,12/02/2026,10/03/2026,54318.00,"GMJ ENTERPRISE , RAINBOW ENTERPRISE",1464,26,-,-,-,-,-,-,0,0,9876.00,0.00,24/03/2026,-,-,TAPARIA BLOCK 24 (L SUBRATA),9876,15,-,-,-,-,-,-,0,0,-,-,-,-,-,-,0,0,-,-,-,-,-,-,0,0,-,-,-,-,-,-,0,0,0,0,27,42,-15,818417.81,64896.00,883313.81,77.89,0.00,-883313.81,0
-29,,04282/25-26,Demo-MU-KN-RN-TS-CP-HS-SF-0086-0126,Knits - Men,bata,16/01/26,199.00,360,360,0,0,Yes,True,45000.00,,Priya Das Chowdhury,09/03/26,1,1,0,Yes,Yes,0,0,,360,0,0,0,2483,,,,910,,,0.213,475.52,,,39028,2364,,,360.00,368.00,06/02/2026,12/02/2026,368.00,"KNITS CUTTING (BLOCK- 4, 1ST FLOOR)",0,6,368.00,361.00,12/02/2026,20/03/2026,3971.00,RAINBOW ENTERPRISE,7,36,-,-,-,-,-,-,0,0,368.00,368.00,23/02/2026,10/03/2026,4906.67,TAPARIA BLOCK 4 4TH FLOOR (L FIROZ),0,15,-,-,-,-,-,-,0,0,-,-,-,-,-,-,0,0,338.00,0.00,12/03/2026,-,-,TG ENTERPRISE,338,27,338.00,0.00,03/04/2026,-,-,Bipula das (Asgar),338,5,15,20,42,89,-47,41867.52,8049.00,49916.52,122.42,0.00,-49916.52,0
-29,,04281/25-26,Demo-MU-KN-RN-TS-CP-HS-SF-0085-0126,Knits - Men,bata,16/01/26,199.00,360,360,0,0,Yes,True,45000.00,,Priya Das Chowdhury,09/03/26,1,1,0,Yes,Yes,0,0,,360,0,0,0,,,,,1,,,0.214,276.52,,,36158.93,2521,,,360.00,368.00,06/02/2026,12/02/2026,368.00,"KNITS CUTTING (BLOCK- 4, 1ST FLOOR)",0,6,368.00,352.00,12/02/2026,14/03/2026,3872.00,RAINBOW ENTERPRISE,16,30,-,-,-,-,-,-,0,0,368.00,369.00,23/02/2026,07/03/2026,3690.00,TAPARIA BLOCK 4 4TH FLOOR (L FIROZ),0,12,-,-,-,-,-,-,0,0,-,-,-,-,-,-,0,0,330.00,0.00,12/03/2026,-,-,TG ENTERPRISE,330,27,330.00,0.00,03/04/2026,-,-,Bipula das (Asgar),330,5,15,20,36,80,-44,38956.45,7930.00,46886.45,119.04,0.00,-46886.45,0
-29,,04284/25-26,Demo-MU-KN-RN-TS-CP-HS-SF-0088-0126,Knits - Men,bata,16/01/26,199.00,360,360,0,0,Yes,True,45000.00,,Priya Das Chowdhury,09/03/26,1,1,0,Yes,Yes,0,0,,360,0,0,0,,,,,1,,,0.218,87.72,,,35260.4,1593,,,360.00,360.00,06/02/2026,12/02/2026,360.00,"KNITS CUTTING (BLOCK- 4, 1ST FLOOR)",0,6,360.00,354.00,12/02/2026,20/03/2026,3894.00,RAINBOW ENTERPRISE,6,36,-,-,-,-,-,-,0,0,360.00,360.00,23/02/2026,07/03/2026,2520.00,TAPARIA BLOCK 4 4TH FLOOR (L FIROZ),0,12,-,-,-,-,-,-,0,0,-,-,-,-,-,-,0,0,345.00,0.00,12/03/2026,-,-,SUDIPTO BANERJEE,345,27,313.00,0.00,02/04/2026,-,-,TIPL BLOCK 4 2ND FLOOR FINISHING ( MUNNA DA ),313,6,15,20,42,87,-45,36941.12,7818.00,44759.12,112.96,0.00,-44759.12,0
-29,,04283/25-26,Demo-MU-KN-RN-TS-CP-HS-SF-0087-0126,Knits - Men,bata,16/01/26,199.00,360,360,0,0,Yes,True,45000.00,,Priya Das Chowdhury,09/03/26,1,1,0,Yes,Yes,0,0,,360,0,0,0,1483,,,,500,,,0.217,499.52,,,57262,1067,,,360.00,368.00,06/02/2026,12/02/2026,368.00,"KNITS CUTTING (BLOCK- 4, 1ST FLOOR)",0,6,368.00,364.00,12/02/2026,20/03/2026,4004.00,RAINBOW ENTERPRISE,4,36,-,-,-,-,-,-,0,0,368.00,377.00,23/02/2026,02/04/2026,3770.00,TAPARIA BLOCK 4 4TH FLOOR (L FIROZ),0,38,-,-,-,-,-,-,0,0,-,-,-,-,-,-,0,0,378.00,0.00,07/04/2026,-,-,4TH FLOOR IRONING,378,1,378.00,0.00,07/04/2026,-,-,Bipula das (Asgar),378,1,15,20,55,82,-27,58828.52,8142.00,66970.52,139.35,0.00,-66970.52,0
-29,,04280/25-26,Demo-MU-KN-RN-TS-CP-HS-SF-0084-0126,Knits - Men,bata,16/01/26,199.00,360,360,0,0,Yes,True,45000.00,,Priya Das Chowdhury,09/03/26,1,1,0,Yes,Yes,0,0,,360,0,0,0,1083,,,,410,,,0.214,279.52,,,35034.24,1281,,,360.00,368.00,06/02/2026,12/02/2026,368.00,"KNITS CUTTING (BLOCK- 4, 1ST FLOOR)",0,6,368.00,363.00,12/02/2026,14/03/2026,3993.00,"GMJ ENTERPRISE , RAINBOW ENTERPRISE",5,30,-,-,-,-,-,-,0,0,368.00,368.00,13/02/2026,07/03/2026,3680.00,TAPARIA BLOCK 4 4TH FLOOR (L FIROZ),0,22,-,-,-,-,-,-,0,0,-,-,-,-,-,-,0,0,333.00,0.00,12/03/2026,-,-,SUDIPTO BANERJEE,333,27,348.00,0.00,02/04/2026,-,-,TIPL BLOCK 4 2ND FLOOR FINISHING ( MUNNA DA ),348,6,15,20,36,91,-55,36594.76,8041.00,44635.76,112.73,0.00,-44635.76,0
74,,04291/25-26,Demo-MU-KN-CA-TS-HS-SF-0059-0126,Knits - Men,market lmtd,17/01/26,199.00,4602,4602,0,0,Yes,True,556842.00,,Saikat Kr Das,20/06/26,1,1,0,Yes,Yes,0,0,,4602,0,0,0,,,,1037.02,,,,,,,,412595.32,,,,4602.00,0.00,30/03/2026,-,-,KAYA APPARDemoS,4602,9,-,-,-,-,-,-,0,0,-,-,-,-,-,-,0,0,-,-,-,-,-,-,0,0,-,-,-,-,-,-,0,0,-,-,-,-,-,-,0,0,-,-,-,-,-,-,0,0,-,-,-,-,-,-,0,0,72,68,0,9,-9,412595.32,0.00,412595.32,89.66,0.00,-412595.32,0
89,,04293/25-26,Demo-MU-KN-CA-TS-HS-SF-0061-0126,Knits - Men,market lmtd,17/01/26,199.00,4602,4602,0,0,Yes,True,556842.00,,Saikat Kr Das,05/07/26,1,1,0,Yes,Yes,0,0,,4602,0,0,0,,,,1037.7,,,,,,,,383274.54,,,,4602.00,0.00,30/03/2026,-,-,KAYA APPARDemoS,4602,9,-,-,-,-,-,-,0,0,-,-,-,-,-,-,0,0,-,-,-,-,-,-,0,0,-,-,-,-,-,-,0,0,-,-,-,-,-,-,0,0,-,-,-,-,-,-,0,0,-,-,-,-,-,-,0,0,72,68,0,9,-9,383274.54,0.00,383274.54,83.28,0.00,-383274.54,0
89,,04298/25-26,Demo-MU-KN-CA-TS-HS-SF-0066-0126,Knits - Men,market lmtd,17/01/26,199.00,4602,4602,0,0,Yes,True,556842.00,,Saikat Kr Das,05/07/26,1,1,0,Yes,Yes,0,0,,4602,0,0,0,,,,1033.66,,,,,,,,427083.1,,,,4602.00,0.00,30/03/2026,-,-,KAYA APPARDemoS,4602,9,-,-,-,-,-,-,0,0,-,-,-,-,-,-,0,0,-,-,-,-,-,-,0,0,-,-,-,-,-,-,0,0,-,-,-,-,-,-,0,0,-,-,-,-,-,-,0,0,-,-,-,-,-,-,0,0,72,68,0,9,-9,427083.10,0.00,427083.10,92.80,0.00,-427083.10,0
74,,04295/25-26,Demo-MU-KN-CA-TS-HS-SF-0063-0126,Knits - Men,market lmtd,17/01/26,199.00,4602,4602,0,0,Yes,True,556842.00,,Saikat Kr Das,20/06/26,1,1,0,Yes,Yes,0,0,,4602,0,0,0,,,,1033.42,,,,,,,,490906.92,,,,4602.00,0.00,30/03/2026,-,-,KAYA APPARDemoS,4602,9,-,-,-,-,-,-,0,0,-,-,-,-,-,-,0,0,-,-,-,-,-,-,0,0,-,-,-,-,-,-,0,0,-,-,-,-,-,-,0,0,-,-,-,-,-,-,0,0,-,-,-,-,-,-,0,0,72,68,0,9,-9,490906.92,0.00,490906.92,106.67,0.00,-490906.92,0
74,,04292/25-26,Demo-MU-KN-CA-TS-HS-SF-0060-0126,Knits - Men,market lmtd,17/01/26,199.00,4602,4602,0,0,Yes,True,556842.00,,Saikat Kr Das,20/06/26,1,1,0,Yes,Yes,0,0,,4602,0,0,0,,,,1042.85,,,,,,,,408603.14,,,,4602.00,0.00,30/03/2026,-,-,KAYA APPARDemoS,4602,9,-,-,-,-,-,-,0,0,-,-,-,-,-,-,0,0,-,-,-,-,-,-,0,0,-,-,-,-,-,-,0,0,-,-,-,-,-,-,0,0,-,-,-,-,-,-,0,0,-,-,-,-,-,-,0,0,72,68,0,9,-9,408603.14,0.00,408603.14,88.79,0.00,-408603.14,0
89,,04294/25-26,Demo-MU-KN-CA-TS-HS-SF-0062-0126,Knits - Men,market lmtd,17/01/26,199.00,4602,4602,0,0,Yes,True,556842.00,,Saikat Kr Das,05/07/26,1,1,0,Yes,Yes,0,0,,4602,0,0,0,,,,1030.63,,,,,,,,464280,,,,4602.00,0.00,30/03/2026,-,-,KAYA APPARDemoS,4602,9,-,-,-,-,-,-,0,0,-,-,-,-,-,-,0,0,-,-,-,-,-,-,0,0,-,-,-,-,-,-,0,0,-,-,-,-,-,-,0,0,-,-,-,-,-,-,0,0,-,-,-,-,-,-,0,0,72,68,0,9,-9,464280.00,0.00,464280.00,100.89,0.00,-464280.00,0
74,,04296/25-26,Demo-MU-KN-CA-TS-HS-SF-0064-0126,Knits - Men,market lmtd,17/01/26,199.00,4602,4602,0,0,Yes,True,556842.00,,Saikat Kr Das,20/06/26,1,1,0,Yes,Yes,0,0,,4602,0,0,0,,,,1020.3,,,,,,,,420653.73,,,,4602.00,0.00,30/03/2026,-,-,KAYA APPARDemoS,4602,9,-,-,-,-,-,-,0,0,-,-,-,-,-,-,0,0,-,-,-,-,-,-,0,0,-,-,-,-,-,-,0,0,-,-,-,-,-,-,0,0,-,-,-,-,-,-,0,0,-,-,-,-,-,-,0,0,72,39,0,9,-9,420653.73,0.00,420653.73,91.41,0.00,-420653.73,0
89,,04297/25-26,Demo-MU-KN-CA-TS-HS-SF-0065-0126,Knits - Men,market lmtd,17/01/26,199.00,4602,4602,0,0,Yes,True,556842.00,,Saikat Kr Das,05/07/26,1,1,0,Yes,Yes,0,0,,4602,0,0,0,,,,1038.72,,,,,,,,377469.6,,,,4602.00,0.00,30/03/2026,-,-,KAYA APPARDemoS,4602,9,-,-,-,-,-,-,0,0,-,-,-,-,-,-,0,0,-,-,-,-,-,-,0,0,-,-,-,-,-,-,0,0,-,-,-,-,-,-,0,0,-,-,-,-,-,-,0,0,-,-,-,-,-,-,0,0,72,39,0,9,-9,377469.60,0.00,377469.60,82.02,0.00,-377469.60,0
13,,04304/25-26,Demo-JB-UP-HS-3353-0126,Knits - Kids,market lmtd,19/01/26,179.00,2500,2500,0,0,Yes,True,260000.00,,Ananya Sen,20/04/26,1,1,3,Yes,Yes,3,3,,2500,0,0,0,4780,,,,,,,0.112,6560,,,105711.8,,,,2500.00,2360.00,31/03/2026,02/04/2026,2360.00,"KNITS CUTTING (BLOCK- 4, 1ST FLOOR)",140,2,-,-,-,-,-,-,0,0,-,-,-,-,-,-,0,0,2360.00,0.00,02/04/2026,-,-,"STORE, TAPARIA BLOCK 24 (L SUBRATA)",2360,6,-,-,-,-,-,-,0,0,-,-,-,-,-,-,0,0,-,-,-,-,-,-,0,0,-,-,-,-,-,-,0,0,49,49,2,8,-6,112271.80,2360.00,114631.80,43.34,75.45,-114631.80,0
13,,04301/25-26,Demo-JB-UP-HS-3350-0126,Knits - Kids,market lmtd,19/01/26,179.00,2500,2500,0,0,Yes,True,260000.00,,Ananya Sen,20/04/26,1,1,3,Yes,Yes,3,3,,2500,0,0,0,7500,,,,,,,0.12,7507,,,121915.15,,,,2500.00,2520.00,13/03/2026,06/04/2026,2520.00,PRP ENTERPRISE,0,24,-,-,-,-,-,-,0,0,-,-,-,-,-,-,0,0,-,-,-,-,-,-,0,0,2520.00,0.00,30/03/2026,-,-,PRP ENTERPRISE,2520,9,-,-,-,-,-,-,0,0,-,-,-,-,-,-,0,0,-,-,-,-,-,-,0,0,49,51,24,33,-9,129422.15,2520.00,131942.15,52.36,76.00,-131942.15,0
13,,04303/25-26,Demo-JB-UP-HS-3352-0126,Knits - Kids,market lmtd,19/01/26,179.00,2500,2500,0,0,Yes,True,260000.00,,Ananya Sen,20/04/26,1,1,3,Yes,Yes,3,3,,2500,0,0,0,4660,,,,,,,0.117,6776.5,,,98260.7,,,,2500.00,2300.00,26/03/2026,02/04/2026,2300.00,"KNITS CUTTING (BLOCK- 4, 1ST FLOOR)",200,7,-,-,-,-,-,-,0,0,-,-,-,-,-,-,0,0,2300.00,0.00,06/04/2026,-,-,"RAJDEEP GARMENTS , STORE",2300,2,-,-,-,-,-,-,0,0,-,-,-,-,-,-,0,0,-,-,-,-,-,-,0,0,-,-,-,-,-,-,0,0,49,49,7,9,-2,105037.20,2300.00,107337.20,45.51,76.00,-107337.20,0
13,,04300/25-26,Demo-JB-UP-HS-3349-0126,Knits - Kids,market lmtd,19/01/26,179.00,2500,2500,0,0,Yes,True,260000.00,,Ananya Sen,20/04/26,1,1,3,Yes,Yes,3,3,,2500,0,0,0,7500,,,,2925,,,,7507,,,124329.5,5345,,,2500.00,0.00,20/03/2026,-,-,PRASEN TEXTILE,2500,19,-,-,-,-,-,-,0,0,-,-,-,-,-,-,0,0,-,-,-,-,-,-,0,0,-,-,-,-,-,-,0,0,-,-,-,-,-,-,0,0,-,-,-,-,-,-,0,0,-,-,-,-,-,-,0,0,49,49,0,19,-19,137181.50,0.00,137181.50,54.87,76.00,-137181.50,0
13,,04299/25-26,Demo-JB-UP-HS-3348-0126,Knits - Kids,market lmtd,19/01/26,179.00,2500,2500,0,0,Yes,True,260000.00,,Ananya Sen,20/04/26,1,1,3,Yes,Yes,3,3,,2500,0,0,0,3950,,,,,,,0.109,7790,,,118716.25,,,,2500.00,1950.00,27/03/2026,28/03/2026,1950.00,"KNITS CUTTING (BLOCK- 4, 1ST FLOOR)",550,1,-,-,-,-,-,-,0,0,-,-,-,-,-,-,0,0,1950.00,0.00,28/03/2026,-,-,RAJDEEP GARMENTS,1950,11,-,-,-,-,-,-,0,0,-,-,-,-,-,-,0,0,-,-,-,-,-,-,0,0,-,-,-,-,-,-,0,0,49,49,1,12,-11,126506.25,1950.00,128456.25,46.39,76.00,-128456.25,0
13,,04302/25-26,Demo-JB-UP-HS-3351-0126,Knits - Kids,market lmtd,19/01/26,179.00,2500,2500,0,0,Yes,True,260000.00,,Ananya Sen,20/04/26,1,1,3,Yes,Yes,3,3,,2500,0,0,0,7500,,,,,,,,8257,,,134323.5,,,,2500.00,0.00,20/03/2026,-,-,NOBLE ENTRRPRISE,2500,19,-,-,-,-,-,-,0,0,-,-,-,-,-,-,0,0,-,-,-,-,-,-,0,0,-,-,-,-,-,-,0,0,-,-,-,-,-,-,0,0,-,-,-,-,-,-,0,0,-,-,-,-,-,-,0,0,49,49,0,19,-19,142580.50,0.00,142580.50,57.03,76.00,-142580.50,0
13,,04310/25-26,Demo-JB-LP-HP-3359-0126,Knits - Kids,market lmtd,20/01/26,179.00,2500,2500,0,0,Yes,True,270000.00,,Ananya Sen,20/04/26,1,1,14,Yes,Yes,14,14,,2500,0,0,0,40,,,,3,,,,8805,,,109203.5,233.1,,,2500.00,0.00,20/03/2026,-,-,NOBLE ENTRRPRISE,2500,19,-,-,-,-,-,-,0,0,-,-,-,-,-,-,0,0,-,-,-,-,-,-,0,0,-,-,-,-,-,-,0,0,-,-,-,-,-,-,0,0,-,-,-,-,-,-,0,0,-,-,-,-,-,-,0,0,57,48,0,19,-19,118241.60,0.00,118241.60,47.30,73.89,-118241.60,0
-38,,04307/25-26,Demo-JG-UP-HS-3355-0126,Knits - Kids,Opee,20/01/26,270.00,3600,3600,0,0,Yes,True,252000.00,,MALOTI RIKIASON,28/02/26,1,1,-4,Yes,Yes,-4,-4,,3600,0,0,0,3,,,,,,,0.092,4598,,,145134.9,12024,,,3600.00,3648.00,06/02/2026,14/02/2026,3648.00,"KNITS CUTTING (BLOCK- 4, 1ST FLOOR)",0,8,3648.00,3648.00,19/02/2026,27/03/2026,12768.00,TANUSHREE DAS,0,36,-,-,-,-,-,-,0,0,3648.00,3625.00,21/02/2026,07/04/2026,43500.00,"STORE, TAPARIA BLOCK 24 (L SUBRATA)",23,45,-,-,-,-,-,-,0,0,-,-,-,-,-,-,0,0,3625.00,0.00,07/04/2026,-,-,JAMINUL MONDAL,3625,1,-,-,-,-,-,-,0,0,29,45,60,90,-30,161756.90,59916.00,221672.90,52.90,86.40,-221672.90,0
13,,04308/25-26,Demo-JB-LP-HP-3357-0126,Knits - Kids,market lmtd,20/01/26,179.00,2500,2500,0,0,Yes,True,270000.00,,Ananya Sen,20/04/26,1,1,2,Yes,Yes,2,2,,2500,0,0,0,40,,,,,,,,17865,,,97000,5345,,,2500.00,0.00,20/03/2026,-,-,PRASEN TEXTILE,2500,19,-,-,-,-,-,-,0,0,-,-,-,-,-,-,0,0,-,-,-,-,-,-,0,0,-,-,-,-,-,-,0,0,-,-,-,-,-,-,0,0,-,-,-,-,-,-,0,0,-,-,-,-,-,-,0,0,48,48,0,19,-19,120210.00,0.00,120210.00,48.08,73.89,-120210.00,0
13,,04311/25-26,Demo-JB-LP-HP-3360-0126,Knits - Kids,market lmtd,20/01/26,179.00,2500,2500,0,0,Yes,True,270000.00,,Ananya Sen,20/04/26,1,1,2,Yes,Yes,2,2,,2500,0,0,0,38,,,,,,,0.096,17424,,,78760,,,,2500.00,2300.00,26/03/2026,31/03/2026,2300.00,"KNITS CUTTING (BLOCK- 4, 1ST FLOOR)",200,5,-,-,-,-,-,-,0,0,-,-,-,-,-,-,0,0,2300.00,0.00,02/04/2026,-,-,"BLOCK 4 STICHING BAPI GAZI, STORE, TAPARIA  BLOCK 4, 2ND FLOOR,( ANIL )",2300,6,-,-,-,-,-,-,0,0,-,-,-,-,-,-,0,0,-,-,-,-,-,-,0,0,-,-,-,-,-,-,0,0,48,48,5,11,-6,96184.00,2300.00,98484.00,41.67,73.89,-98484.00,0
13,,04312/25-26,Demo-JB-LP-HP-3361-0126,Knits - Kids,market lmtd,20/01/26,179.00,2500,2500,0,0,Yes,True,270000.00,,Ananya Sen,20/04/26,1,1,2,Yes,Yes,2,2,,2500,0,0,0,48,,,,,,,0.094,18164,620,,82697,,,,2500.00,2360.00,31/03/2026,02/04/2026,2360.00,"KNITS CUTTING (BLOCK- 4, 1ST FLOOR)",140,2,-,-,-,-,-,-,0,0,-,-,-,-,-,-,0,0,2360.00,0.00,02/04/2026,-,-,"BLOCK 4 STICHING BAPI GAZI, STORE, TAPARIA  BLOCK 4, 2ND FLOOR,( ANIL )",2360,6,-,-,-,-,-,-,0,0,-,-,-,-,-,-,0,0,-,-,-,-,-,-,0,0,-,-,-,-,-,-,0,0,48,48,2,8,-6,101481.00,2360.00,103841.00,44.00,73.89,-103841.00,0
-38,,04306/25-26,Demo-JB-UP-HS-3354-0126,Knits - Kids,Opee,20/01/26,270.00,3600,3600,0,0,Yes,True,252000.00,,MALOTI RIKIASON,28/02/26,1,1,-4,Yes,Yes,-4,-4,,3600,0,0,0,3,,,,,,,0.107,2536,,,201324.7,,,,3600.00,3680.00,06/02/2026,10/02/2026,3680.00,"KNITS CUTTING (BLOCK- 4, 1ST FLOOR)",0,4,3680.00,3680.00,19/02/2026,10/03/2026,12880.00,TANUSHREE DAS,0,19,-,-,-,-,-,-,0,0,3680.00,1.00,21/02/2026,06/04/2026,12.00,TAPARIA BLOCK 24 (L SUBRATA),3679,44,-,-,-,-,-,-,0,0,-,-,-,-,-,-,0,0,-,-,-,-,-,-,0,0,-,-,-,-,-,-,0,0,29,45,59,67,-8,203860.70,16572.00,220432.70,54.19,86.40,-220432.70,0
13,,04309/25-26,Demo-JB-LP-HP-3358-0126,Knits - Kids,market lmtd,20/01/26,179.00,2500,2500,0,0,Yes,True,270000.00,,Ananya Sen,20/04/26,1,1,14,Yes,Yes,14,14,,2500,0,0,0,42,,,,,,,0.097,23035,,,106880,3995,,,2500.00,2520.00,20/03/2026,06/04/2026,2520.00,PRP ENTERPRISE,0,17,-,-,-,-,-,-,0,0,-,-,-,-,-,-,0,0,-,-,-,-,-,-,0,0,2520.00,0.00,27/03/2026,-,-,PRP ENTERPRISE,2520,12,-,-,-,-,-,-,0,0,-,-,-,-,-,-,0,0,-,-,-,-,-,-,0,0,57,55,17,29,-12,133910.00,2520.00,136430.00,49.80,73.89,-136430.00,0
-36,,04313/25-26,Demo-MU-KN-CA-TS-SL-SF-0094-0126,Knits - Men,Style fashion,21/01/26,199.00,3600,3600,3516,97.7,Yes,False,428400.00,418404.00,Saikat Kr Das,02/03/26,1,1,1,Yes,Yes,1,6,04/04/26,84,3516,0,0,3,,,,,,,0.232,32263,8824,,308570.9,,,,3600.00,3600.00,13/03/2026,18/03/2026,3600.00,"KNITS CUTTING (BLOCK- 4, 1ST FLOOR)",0,5,3600.00,3600.00,18/03/2026,02/04/2026,3600.00,LAXMI TABLE ADITI,0,15,-,-,-,-,-,-,0,0,3600.00,3521.00,20/03/2026,27/03/2026,38731.00,BLOCK 4 STICHING BAPI GAZI,79,7,-,-,-,-,-,-,0,0,-,-,-,-,-,-,0,0,3516.00,3516.00,02/04/2026,03/04/2026,10548.00,TIPL BLOCK 4 2ND FLOOR FINISHING ( MUNNA DA ),0,1,-,-,-,-,-,-,0,0,48,13,21,28,-7,349657.90,56479.00,406136.90,112.83,0.00,12267.10,97.7
89,,04320/25-26,Demo-MU-KN-CA-TS-SL-SF-0093-0126,Knits - Men,C2 ltd,21/01/26,250.00,4500,0,0,0,Yes,True,697500.00,,KARTIK DAS,05/07/26,0,1,3,Yes,Yes,3,3,,4500,0,0,0,-,-,-,-,-,-,-,,-,-,-,-,-,-,-,-,-,-,-,-,-,-,-,-,-,-,-,-,-,-,-,-,-,-,-,-,-,-,-,-,-,-,-,-,-,-,-,-,-,-,-,-,-,-,-,-,-,-,-,-,-,-,-,-,-,-,-,-,-,-,-,-,-,-,-,-,-,-,-,0,36,0,0,0,0.00,0.00,0.00,,0.00,0,0
59,,04316/25-26,Demo-MU-KN-CA-TS-SL-SF-0090-0126,Knits - Men,C2 ltd,21/01/26,250.00,3502,0,0,0,Yes,True,542810.00,,KARTIK DAS,05/06/26,0,1,3,Yes,Yes,3,3,,3502,0,0,0,-,-,-,-,-,-,-,,-,-,-,-,-,-,-,-,-,-,-,-,-,-,-,-,-,-,-,-,-,-,-,-,-,-,-,-,-,-,-,-,-,-,-,-,-,-,-,-,-,-,-,-,-,-,-,-,-,-,-,-,-,-,-,-,-,-,-,-,-,-,-,-,-,-,-,-,-,-,-,0,36,0,0,0,0.00,0.00,0.00,,0.00,0,0
59,,04318/25-26,Demo-MU-KN-CA-TS-SL-SF-0091-0126,Knits - Men,C2 ltd,21/01/26,250.00,3502,0,0,0,Yes,True,542810.00,,KARTIK DAS,05/06/26,0,1,3,Yes,Yes,3,3,,3502,0,0,0,-,-,-,-,-,-,-,,-,-,-,-,-,-,-,-,-,-,-,-,-,-,-,-,-,-,-,-,-,-,-,-,-,-,-,-,-,-,-,-,-,-,-,-,-,-,-,-,-,-,-,-,-,-,-,-,-,-,-,-,-,-,-,-,-,-,-,-,-,-,-,-,-,-,-,-,-,-,-,0,36,0,0,0,0.00,0.00,0.00,,0.00,0,0
89,,04319/25-26,Demo-MU-KN-CA-TS-SL-SF-0092-0126,Knits - Men,C2 ltd,21/01/26,250.00,4500,0,0,0,Yes,True,697500.00,,KARTIK DAS,05/07/26,0,1,3,Yes,Yes,3,3,,4500,0,0,0,-,-,-,-,-,-,-,,-,-,-,-,-,-,-,-,-,-,-,-,-,-,-,-,-,-,-,-,-,-,-,-,-,-,-,-,-,-,-,-,-,-,-,-,-,-,-,-,-,-,-,-,-,-,-,-,-,-,-,-,-,-,-,-,-,-,-,-,-,-,-,-,-,-,-,-,-,-,-,0,36,0,0,0,0.00,0.00,0.00,,0.00,0,0
85,,04351/25-26,Demo-JB-UP-HS-3435-0126,Knits - Kids,C2 ltd,22/01/26,1.00,2509,2509,0,0,Yes,True,218283.00,,Suman Debnath,01/07/26,1,1,5,Yes,Yes,5,5,,2509,0,0,0,-,-,-,-,-,-,-,,-,-,-,-,-,-,-,-,-,-,-,-,-,-,-,-,-,-,-,-,-,-,-,-,-,-,-,-,-,-,-,-,-,-,-,-,-,-,-,-,-,-,-,-,-,-,-,-,-,-,-,-,-,-,-,-,-,-,-,-,-,-,-,-,-,-,-,-,-,-,-,48,55,0,0,0,0.00,0.00,0.00,,58.80,0,0
24,,04400/25-26,Demo-Demo-UP-SL-3484-0126,Knits - Kids,C2 ltd,22/01/26,1.00,1000,1000,0,0,Yes,True,170000.00,,Arpita Hazra,01/05/26,1,2,9,Yes,Yes,9,9,,1000,0,0,0,-,-,-,-,-,-,-,,-,-,-,-,-,-,-,-,-,-,-,-,-,-,-,-,-,-,-,-,-,-,-,-,-,-,-,-,-,-,-,-,-,-,-,-,-,-,-,-,-,-,-,-,-,-,-,-,-,-,-,-,-,-,-,-,-,-,-,-,-,-,-,-,-,-,-,-,-,-,-,37,55,0,0,0,0.00,0.00,0.00,,126.30,0,0
85,,04340/25-26,Demo-Demo-UP-HS-3424-0126,Knits - Kids,C2 ltd,22/01/26,1.00,2503,2503,0,0,Yes,True,220264.00,,Suman Debnath,01/07/26,1,1,5,Yes,Yes,5,5,,2503,0,0,0,2,,,,,,,0.135,758.5,,,116032.68,,,,2503.00,2520.00,27/03/2026,31/03/2026,2520.00,"KNITS CUTTING (BLOCK- 4, 1ST FLOOR)",0,4,2520.00,0.00,31/03/2026,-,-,LAXMI MACHINE MANORANJAN,2520,8,-,-,-,-,-,-,0,0,-,-,-,-,-,-,0,0,-,-,-,-,-,-,0,0,-,-,-,-,-,-,0,0,-,-,-,-,-,-,0,0,-,-,-,-,-,-,0,0,56,55,4,12,-8,116791.18,2520.00,119311.18,47.35,62.42,-119311.18,0
116,,04323/25-26,Demo-Demo-UP-HS-3407-0126,Knits - Kids,C2 ltd,22/01/26,1.00,1500,1500,0,0,Yes,True,270000.00,,Suman Debnath,01/08/26,1,1,9,Yes,Yes,9,9,,1500,0,0,0,3008,,,,10,,,,12259,,,151380,580,,,1500.00,0.00,27/03/2026,-,-,KK TAILOR,1500,12,-,-,-,-,-,-,0,0,-,-,-,-,-,-,0,0,-,-,-,-,-,-,0,0,-,-,-,-,-,-,0,0,-,-,-,-,-,-,0,0,-,-,-,-,-,-,0,0,-,-,-,-,-,-,0,0,37,34,0,12,-12,164219.00,0.00,164219.00,109.48,151.62,-164219.00,0
85,,04337/25-26,Demo-JB-UP-HS-3421-0126,Knits - Kids,C2 ltd,22/01/26,1.00,2002,0,0,0,Yes,True,132132.00,,Suman Debnath,01/07/26,0,1,5,Yes,Yes,5,5,,2002,0,0,0,-,-,-,-,-,-,-,,-,-,-,-,-,-,-,-,-,-,-,-,-,-,-,-,-,-,-,-,-,-,-,-,-,-,-,-,-,-,-,-,-,-,-,-,-,-,-,-,-,-,-,-,-,-,-,-,-,-,-,-,-,-,-,-,-,-,-,-,-,-,-,-,-,-,-,-,-,-,-,56,55,0,0,0,0.00,0.00,0.00,,45.80,0,0
55,,04371/25-26,Demo-Demo-UP-HS-3455-0126,Knits - Kids,C2 ltd,22/01/26,1.00,1500,1500,0,0,Yes,True,270000.00,,Suman Debnath,01/06/26,1,1,9,Yes,Yes,9,9,,1500,0,0,0,1,,,,,,,0.222,465.88,,,97675,,,,1500.00,1512.00,26/03/2026,31/03/2026,1512.00,"KNITS CUTTING (BLOCK- 4, 1ST FLOOR)",0,5,1512.00,0.00,31/03/2026,-,-,LAXMI MACHINE MANORANJAN,1512,8,-,-,-,-,-,-,0,0,-,-,-,-,-,-,0,0,-,-,-,-,-,-,0,0,-,-,-,-,-,-,0,0,-,-,-,-,-,-,0,0,-,-,-,-,-,-,0,0,37,55,5,13,-8,98140.88,1512.00,99652.88,65.91,144.69,-99652.88,0
116,,04376/25-26,Demo-JB-UP-HS-3460-0126,Knits - Kids,C2 ltd,22/01/26,1.00,1508,1508,0,0,Yes,True,203580.00,,Arpita Hazra,01/08/26,1,1,9,Yes,Yes,9,9,,1508,0,0,0,-,-,-,-,-,-,-,,-,-,-,-,-,-,-,-,-,-,-,-,-,-,-,-,-,-,-,-,-,-,-,-,-,-,-,-,-,-,-,-,-,-,-,-,-,-,-,-,-,-,-,-,-,-,-,-,-,-,-,-,-,-,-,-,-,-,-,-,-,-,-,-,-,-,-,-,-,-,-,37,55,0,0,0,0.00,0.00,0.00,,108.35,0,0
24,,04406/25-26,Demo-Demo-UP-SL-3490-0126,Knits - Kids,C2 ltd,22/01/26,1.00,1500,1500,0,0,Yes,True,187500.00,,Arpita Hazra,01/05/26,1,1,22,Yes,Yes,22,22,,1500,0,0,0,-,-,-,-,-,-,-,,-,-,-,-,-,-,-,-,-,-,-,-,-,-,-,-,-,-,-,-,-,-,-,-,-,-,-,-,-,-,-,-,-,-,-,-,-,-,-,-,-,-,-,-,-,-,-,-,-,-,-,-,-,-,-,-,-,-,-,-,-,-,-,-,-,-,-,-,-,-,-,62,55,0,0,0,0.00,0.00,0.00,,91.54,0,0
147,,04331/25-26,Demo-JB-UP-HS-3415-0126,Knits - Kids,C2 ltd,22/01/26,1.00,1508,1508,0,0,Yes,True,173420.00,,Suman Debnath,01/09/26,1,1,23,Yes,Yes,23,23,,1508,0,0,0,,,,,1,,,,5116.5,,,65520,2324.7,,,1508.00,0.00,03/04/2026,-,-,GOTEX  APPARDemoS  PVT.  LTD.,1508,5,-,-,-,-,-,-,0,0,-,-,-,-,-,-,0,0,-,-,-,-,-,-,0,0,-,-,-,-,-,-,0,0,-,-,-,-,-,-,0,0,-,-,-,-,-,-,0,0,-,-,-,-,-,-,0,0,60,49,0,5,-5,72961.20,0.00,72961.20,48.38,86.70,-72961.20,0
55,,04382/25-26,Demo-Demo-UP-HS-3466-0126,Knits - Kids,C2 ltd,22/01/26,1.00,1500,0,0,0,Yes,True,180000.00,,Arpita Hazra,01/06/26,0,1,28,Yes,Yes,28,28,,1500,0,0,0,-,-,-,-,-,-,-,,-,-,-,-,-,-,-,-,-,-,-,-,-,-,-,-,-,-,-,-,-,-,-,-,-,-,-,-,-,-,-,-,-,-,-,-,-,-,-,-,-,-,-,-,-,-,-,-,-,-,-,-,-,-,-,-,-,-,-,-,-,-,-,-,-,-,-,-,-,-,-,0,49,0,0,0,0.00,0.00,0.00,,91.45,0,0
85,,04360/25-26,Demo-JB-UP-HS-3444-0126,Knits - Kids,C2 ltd,22/01/26,1.00,2002,2002,0,0,Yes,True,220220.00,,Suman Debnath,01/07/26,1,1,5,Yes,Yes,5,5,,2002,0,0,0,,,,162.45,,,,0.081,,,,70648.5,,,,2002.00,2002.00,04/04/2026,07/04/2026,2002.00,"KNITS CUTTING (BLOCK- 4, 1ST FLOOR)",0,3,2002.00,0.00,07/04/2026,-,-,LAXMI MACHINE MANORANJAN,2002,1,-,-,-,-,-,-,0,0,-,-,-,-,-,-,0,0,-,-,-,-,-,-,0,0,-,-,-,-,-,-,0,0,-,-,-,-,-,-,0,0,-,-,-,-,-,-,0,0,48,55,3,4,-1,70648.50,2002.00,72650.50,36.29,58.80,-72650.50,0
116,,04392/25-26,Demo-Demo-UP-HS-3476-0126,Knits - Kids,C2 ltd,22/01/26,1.00,1500,0,0,0,Yes,True,195000.00,,Arpita Hazra,01/08/26,0,1,9,Yes,Yes,9,9,,1500,0,0,0,-,-,-,-,-,-,-,,-,-,-,-,-,-,-,-,-,-,-,-,-,-,-,-,-,-,-,-,-,-,-,-,-,-,-,-,-,-,-,-,-,-,-,-,-,-,-,-,-,-,-,-,-,-,-,-,-,-,-,-,-,-,-,-,-,-,-,-,-,-,-,-,-,-,-,-,-,-,-,0,55,0,0,0,0.00,0.00,0.00,,171.73,0,0
147,,04394/25-26,Demo-Demo-UP-HS-3478-0126,Knits - Kids,C2 ltd,22/01/26,1.00,1500,0,0,0,Yes,True,195000.00,,Arpita Hazra,01/09/26,0,1,9,Yes,Yes,9,9,,1500,0,0,0,-,-,-,-,-,-,-,,-,-,-,-,-,-,-,-,-,-,-,-,-,-,-,-,-,-,-,-,-,-,-,-,-,-,-,-,-,-,-,-,-,-,-,-,-,-,-,-,-,-,-,-,-,-,-,-,-,-,-,-,-,-,-,-,-,-,-,-,-,-,-,-,-,-,-,-,-,-,-,0,55,0,0,0,0.00,0.00,0.00,,0.00,0,0
85,,04343/25-26,Demo-JB-UP-HS-3427-0126,Knits - Kids,C2 ltd,22/01/26,1.00,2002,2002,0,0,Yes,True,174174.00,,Suman Debnath,01/07/26,1,1,5,Yes,Yes,5,5,,2002,0,0,0,-,-,-,-,-,-,-,,-,-,-,-,-,-,-,-,-,-,-,-,-,-,-,-,-,-,-,-,-,-,-,-,-,-,-,-,-,-,-,-,-,-,-,-,-,-,-,-,-,-,-,-,-,-,-,-,-,-,-,-,-,-,-,-,-,-,-,-,-,-,-,-,-,-,-,-,-,-,-,48,55,0,0,0,0.00,0.00,0.00,,58.80,0,0
85,,04354/25-26,Demo-Demo-UP-HS-3438-0126,Knits - Kids,C2 ltd,22/01/26,1.00,1500,1500,0,0,Yes,True,169500.00,,Suman Debnath,01/07/26,1,1,5,Yes,Yes,5,5,,1500,0,0,0,-,-,-,-,-,-,-,,-,-,-,-,-,-,-,-,-,-,-,-,-,-,-,-,-,-,-,-,-,-,-,-,-,-,-,-,-,-,-,-,-,-,-,-,-,-,-,-,-,-,-,-,-,-,-,-,-,-,-,-,-,-,-,-,-,-,-,-,-,-,-,-,-,-,-,-,-,-,-,48,55,0,0,0,0.00,0.00,0.00,,80.44,0,0
85,,04397/25-26,Demo-JB-UP-HS-3481-0126,Knits - Kids,C2 ltd,22/01/26,1.00,1147,0,0,0,Yes,True,120435.00,,Arpita Hazra,01/07/26,0,1,22,Yes,Yes,22,22,,1147,0,0,0,-,-,-,-,-,-,-,,-,-,-,-,-,-,-,-,-,-,-,-,-,-,-,-,-,-,-,-,-,-,-,-,-,-,-,-,-,-,-,-,-,-,-,-,-,-,-,-,-,-,-,-,-,-,-,-,-,-,-,-,-,-,-,-,-,-,-,-,-,-,-,-,-,-,-,-,-,-,-,37,55,0,0,0,0.00,0.00,0.00,,61.10,0,0
24,,04403/25-26,Demo-JB-UP-SL-3487-0126,Knits - Kids,C2 ltd,22/01/26,1.00,2007,2007,0,0,Yes,True,200700.00,,Arpita Hazra,01/05/26,1,1,22,Yes,Yes,22,22,,2007,0,0,0,-,-,-,-,-,-,-,,-,-,-,-,-,-,-,-,-,-,-,-,-,-,-,-,-,-,-,-,-,-,-,-,-,-,-,-,-,-,-,-,-,-,-,-,-,-,-,-,-,-,-,-,-,-,-,-,-,-,-,-,-,-,-,-,-,-,-,-,-,-,-,-,-,-,-,-,-,-,-,56,55,0,0,0,0.00,0.00,0.00,,70.45,0,0
55,,04379/25-26,Demo-Demo-UP-HS-3463-0126,Knits - Kids,C2 ltd,22/01/26,1.00,1500,1500,0,0,Yes,True,270000.00,,Arpita Hazra,01/06/26,1,1,9,Yes,Yes,9,9,,1500,0,0,0,,,,340,,,,,,,,140238.56,,,,1500.00,0.00,03/04/2026,-,-,"KNITS CUTTING (BLOCK- 4, 1ST FLOOR)",1500,5,-,-,-,-,-,-,0,0,-,-,-,-,-,-,0,0,-,-,-,-,-,-,0,0,-,-,-,-,-,-,0,0,-,-,-,-,-,-,0,0,-,-,-,-,-,-,0,0,-,-,-,-,-,-,0,0,37,55,0,5,-5,140238.56,0.00,140238.56,93.49,144.69,-140238.56,0
55,,04334/25-26,Demo-Demo-UP-HS-3418-0126,Knits - Kids,C2 ltd,22/01/26,1.00,1003,0,0,0,Yes,True,135405.00,,Suman Debnath,01/06/26,0,1,33,No,Yes,33,0,,1003,0,0,0,-,-,-,-,-,-,-,,-,-,-,-,-,-,-,-,-,-,-,-,-,-,-,-,-,-,-,-,-,-,-,-,-,-,-,-,-,-,-,-,-,-,-,-,-,-,-,-,-,-,-,-,-,-,-,-,-,-,-,-,-,-,-,-,-,-,-,-,-,-,-,-,-,-,-,-,-,-,-,0,55,0,0,0,0.00,0.00,0.00,,110.24,0,0
55,,04357/25-26,Demo-Demo-UP-HS-3441-0126,Knits - Kids,C2 ltd,22/01/26,1.00,1003,1003,0,0,Yes,True,113339.00,,Suman Debnath,01/06/26,1,1,5,Yes,Yes,5,5,,1003,0,0,0,1,,,,,,,0.136,325.8,,,60911,,,,1003.00,1020.00,28/03/2026,31/03/2026,1020.00,"KNITS CUTTING (BLOCK- 4, 1ST FLOOR)",0,3,1020.00,0.00,31/03/2026,-,-,LAXMI MACHINE MANORANJAN,1020,8,-,-,-,-,-,-,0,0,-,-,-,-,-,-,0,0,-,-,-,-,-,-,0,0,-,-,-,-,-,-,0,0,-,-,-,-,-,-,0,0,-,-,-,-,-,-,0,0,33,55,3,11,-8,61236.80,1020.00,62256.80,61.04,80.44,-62256.80,0
55,,04363/25-26,Demo-Demo-UP-HS-3447-0126,Knits - Kids,C2 ltd,22/01/26,1.00,1500,1500,0,0,Yes,True,174000.00,,Suman Debnath,01/06/26,1,1,22,Yes,Yes,22,22,,1500,0,0,0,,,,208,,,,,,,,101090,,,,1500.00,0.00,04/04/2026,-,-,"KNITS CUTTING (BLOCK- 4, 1ST FLOOR)",1500,4,-,-,-,-,-,-,0,0,-,-,-,-,-,-,0,0,-,-,-,-,-,-,0,0,-,-,-,-,-,-,0,0,-,-,-,-,-,-,0,0,-,-,-,-,-,-,0,0,-,-,-,-,-,-,0,0,55,55,0,4,-4,101090.00,0.00,101090.00,67.39,92.96,-101090.00,0
85,,04329/25-26,Demo-JB-UP-HS-3413-0126,Knits - Kids,C2 ltd,22/01/26,1.00,1276,1508,0,0,Yes,True,146740.00,,Suman Debnath,01/07/26,1,1,23,Yes,Yes,23,23,,1276,0,0,0,1,,,,,,,,5461,,,74214,2120,,,1508.00,0.00,27/03/2026,-,-,GOTEX  APPARDemoS  PVT.  LTD.,1508,12,-,-,-,-,-,-,0,0,-,-,-,-,-,-,0,0,-,-,-,-,-,-,0,0,-,-,-,-,-,-,0,0,-,-,-,-,-,-,0,0,-,-,-,-,-,-,0,0,-,-,-,-,-,-,0,0,60,49,0,12,-12,81795.00,0.00,81795.00,54.24,86.70,-81795.00,0
55,,04326/25-26,Demo-Demo-UP-HS-3410-0126,Knits - Kids,C2 ltd,22/01/26,1.00,1500,1500,0,0,Yes,True,202500.00,,Suman Debnath,01/06/26,1,1,23,Yes,Yes,23,23,,1500,0,0,0,-,-,-,-,-,-,-,,-,-,-,-,-,-,-,-,-,-,-,-,-,-,-,-,-,-,-,-,-,-,-,-,-,-,-,-,-,-,-,-,-,-,-,-,-,-,-,-,-,-,-,-,-,-,-,-,-,-,-,-,-,-,-,-,-,-,-,-,-,-,-,-,-,-,-,-,-,-,-,60,55,0,0,0,0.00,0.00,0.00,,110.24,0,0
85,,04335/25-26,Demo-JB-UP-HS-3419-0126,Knits - Kids,C2 ltd,22/01/26,1.00,1508,0,0,0,Yes,True,173420.00,,Suman Debnath,01/07/26,0,1,33,No,Yes,33,0,,1508,0,0,0,-,-,-,-,-,-,-,,-,-,-,-,-,-,-,-,-,-,-,-,-,-,-,-,-,-,-,-,-,-,-,-,-,-,-,-,-,-,-,-,-,-,-,-,-,-,-,-,-,-,-,-,-,-,-,-,-,-,-,-,-,-,-,-,-,-,-,-,-,-,-,-,-,-,-,-,-,-,-,0,55,0,0,0,0.00,0.00,0.00,,86.70,0,0
85,,04338/25-26,Demo-Demo-UP-HS-3422-0126,Knits - Kids,C2 ltd,22/01/26,1.00,1003,0,0,0,Yes,True,88264.00,,Suman Debnath,01/07/26,0,1,5,Yes,Yes,5,5,,1003,0,0,0,-,-,-,-,-,-,-,,-,-,-,-,-,-,-,-,-,-,-,-,-,-,-,-,-,-,-,-,-,-,-,-,-,-,-,-,-,-,-,-,-,-,-,-,-,-,-,-,-,-,-,-,-,-,-,-,-,-,-,-,-,-,-,-,-,-,-,-,-,-,-,-,-,-,-,-,-,-,-,56,55,0,0,0,0.00,0.00,0.00,,62.42,0,0
147,,04332/25-26,Demo-Demo-UP-HS-3416-0126,Knits - Kids,C2 ltd,22/01/26,1.00,1500,1500,0,0,Yes,True,202500.00,,Suman Debnath,01/09/26,1,1,23,Yes,Yes,23,23,,1500,0,0,0,,,,,2,,,,4709,,,67494,2855.4,,,1500.00,0.00,03/04/2026,-,-,GOTEX  APPARDemoS  PVT.  LTD.,1500,5,-,-,-,-,-,-,0,0,-,-,-,-,-,-,0,0,-,-,-,-,-,-,0,0,-,-,-,-,-,-,0,0,-,-,-,-,-,-,0,0,-,-,-,-,-,-,0,0,-,-,-,-,-,-,0,0,60,49,0,5,-5,75058.40,0.00,75058.40,50.04,110.24,-75058.40,0
85,,04349/25-26,Demo-JB-UP-HS-3433-0126,Knits - Kids,C2 ltd,22/01/26,1.00,2509,0,0,0,Yes,True,218283.00,,Suman Debnath,01/07/26,0,1,5,Yes,Yes,5,5,,2509,0,0,0,-,-,-,-,-,-,-,,-,-,-,-,-,-,-,-,-,-,-,-,-,-,-,-,-,-,-,-,-,-,-,-,-,-,-,-,-,-,-,-,-,-,-,-,-,-,-,-,-,-,-,-,-,-,-,-,-,-,-,-,-,-,-,-,-,-,-,-,-,-,-,-,-,-,-,-,-,-,-,48,55,0,0,0,0.00,0.00,0.00,,58.80,0,0
55,,04369/25-26,Demo-Demo-UP-HS-3453-0126,Knits - Kids,C2 ltd,22/01/26,1.00,1500,1500,0,0,Yes,True,270000.00,,Suman Debnath,01/06/26,1,1,9,Yes,Yes,9,9,,1500,0,0,0,-,-,-,-,-,-,-,,-,-,-,-,-,-,-,-,-,-,-,-,-,-,-,-,-,-,-,-,-,-,-,-,-,-,-,-,-,-,-,-,-,-,-,-,-,-,-,-,-,-,-,-,-,-,-,-,-,-,-,-,-,-,-,-,-,-,-,-,-,-,-,-,-,-,-,-,-,-,-,37,55,0,0,0,0.00,0.00,0.00,,144.69,0,0
116,,04377/25-26,Demo-Demo-UP-HS-3461-0126,Knits - Kids,C2 ltd,22/01/26,1.00,1500,1500,0,0,Yes,True,270000.00,,Arpita Hazra,01/08/26,1,1,9,Yes,Yes,9,9,,1500,0,0,0,-,-,-,-,-,-,-,,-,-,-,-,-,-,-,-,-,-,-,-,-,-,-,-,-,-,-,-,-,-,-,-,-,-,-,-,-,-,-,-,-,-,-,-,-,-,-,-,-,-,-,-,-,-,-,-,-,-,-,-,-,-,-,-,-,-,-,-,-,-,-,-,-,-,-,-,-,-,-,37,55,0,0,0,0.00,0.00,0.00,,144.69,0,0
116,,04366/25-26,Demo-JB-UP-HS-3450-0126,Knits - Kids,C2 ltd,22/01/26,1.00,1508,0,0,0,Yes,True,173420.00,,Suman Debnath,01/08/26,0,1,5,Yes,Yes,5,5,,1508,0,0,0,-,-,-,-,-,-,-,,-,-,-,-,-,-,-,-,-,-,-,-,-,-,-,-,-,-,-,-,-,-,-,-,-,-,-,-,-,-,-,-,-,-,-,-,-,-,-,-,-,-,-,-,-,-,-,-,-,-,-,-,-,-,-,-,-,-,-,-,-,-,-,-,-,-,-,-,-,-,-,48,55,0,0,0,0.00,0.00,0.00,,87.45,0,0
85,,04374/25-26,Demo-JB-UP-HS-3458-0126,Knits - Kids,C2 ltd,22/01/26,1.00,1001,1001,0,0,Yes,True,135135.00,,Suman Debnath,01/07/26,1,1,9,Yes,Yes,9,9,,1001,0,0,0,,,,158.31,,,,0.156,,,,64174,,,,1001.00,1014.00,02/04/2026,07/04/2026,1014.00,"KNITS CUTTING (BLOCK- 4, 1ST FLOOR)",0,5,1014.00,0.00,07/04/2026,-,-,LAXMI TABLE ADITI,1014,1,-,-,-,-,-,-,0,0,-,-,-,-,-,-,0,0,-,-,-,-,-,-,0,0,-,-,-,-,-,-,0,0,-,-,-,-,-,-,0,0,-,-,-,-,-,-,0,0,37,55,5,6,-1,64174.00,1014.00,65188.00,64.29,108.35,-65188.00,0
85,,04385/25-26,Demo-JB-UP-HS-3469-0126,Knits - Kids,C2 ltd,22/01/26,1.00,1508,0,0,0,Yes,True,158340.00,,Arpita Hazra,01/07/26,0,1,33,No,Yes,33,0,,1508,0,0,0,-,-,-,-,-,-,-,,-,-,-,-,-,-,-,-,-,-,-,-,-,-,-,-,-,-,-,-,-,-,-,-,-,-,-,-,-,-,-,-,-,-,-,-,-,-,-,-,-,-,-,-,-,-,-,-,-,-,-,-,-,-,-,-,-,-,-,-,-,-,-,-,-,-,-,-,-,-,-,0,55,0,0,0,0.00,0.00,0.00,,78.70,0,0
116,,04388/25-26,Demo-Demo-UP-HS-3472-0126,Knits - Kids,C2 ltd,22/01/26,1.00,1500,0,0,0,Yes,True,195000.00,,Arpita Hazra,01/08/26,0,1,9,Yes,Yes,9,9,,1500,0,0,0,-,-,-,-,-,-,-,,-,-,-,-,-,-,-,-,-,-,-,-,-,-,-,-,-,-,-,-,-,-,-,-,-,-,-,-,-,-,-,-,-,-,-,-,-,-,-,-,-,-,-,-,-,-,-,-,-,-,-,-,-,-,-,-,-,-,-,-,-,-,-,-,-,-,-,-,-,-,-,64,49,0,0,0,0.00,0.00,0.00,,96.54,0,0
116,,04391/25-26,Demo-JB-UP-HS-3475-0126,Knits - Kids,C2 ltd,22/01/26,1.00,1508,0,0,0,Yes,True,165880.00,,Arpita Hazra,01/08/26,0,1,9,Yes,Yes,9,9,,1508,0,0,0,-,-,-,-,-,-,-,,-,-,-,-,-,-,-,-,-,-,-,-,-,-,-,-,-,-,-,-,-,-,-,-,-,-,-,-,-,-,-,-,-,-,-,-,-,-,-,-,-,-,-,-,-,-,-,-,-,-,-,-,-,-,-,-,-,-,-,-,-,-,-,-,-,-,-,-,-,-,-,0,55,0,0,0,0.00,0.00,0.00,,85.08,0,0
116,,04372/25-26,Demo-JB-UP-HS-3456-0126,Knits - Kids,C2 ltd,22/01/26,1.00,1508,1508,0,0,Yes,True,203580.00,,Suman Debnath,01/08/26,1,1,9,Yes,Yes,9,9,,1508,0,0,0,1570,,,,,,,0.15,416.5,,,67610,,,,1508.00,1508.00,26/03/2026,31/03/2026,1508.00,"KNITS CUTTING (BLOCK- 4, 1ST FLOOR)",0,5,1508.00,0.00,31/03/2026,-,-,LAXMI MACHINE MANORANJAN,1508,8,-,-,-,-,-,-,0,0,-,-,-,-,-,-,0,0,-,-,-,-,-,-,0,0,-,-,-,-,-,-,0,0,-,-,-,-,-,-,0,0,-,-,-,-,-,-,0,0,37,55,5,13,-8,68026.50,1508.00,69534.50,46.11,108.35,-69534.50,0
24,,04409/25-26,Demo-JB-UP-SL-3493-0126,Knits - Kids,C2 ltd,22/01/26,1.00,1503,1503,0,0,Yes,True,99198.00,,Arpita Hazra,01/05/26,1,1,5,Yes,Yes,5,5,,1503,0,0,0,-,-,-,-,-,-,-,,-,-,-,-,-,-,-,-,-,-,-,-,-,-,-,-,-,-,-,-,-,-,-,-,-,-,-,-,-,-,-,-,-,-,-,-,-,-,-,-,-,-,-,-,-,-,-,-,-,-,-,-,-,-,-,-,-,-,-,-,-,-,-,-,-,-,-,-,-,-,-,56,55,0,0,0,0.00,0.00,0.00,,50.00,0,0
55,,04398/25-26,Demo-Demo-UP-HS-3482-0126,Knits - Kids,C2 ltd,22/01/26,1.00,1003,0,0,0,Yes,True,130390.00,,Arpita Hazra,01/06/26,0,1,22,Yes,Yes,22,22,,1003,0,0,0,-,-,-,-,-,-,-,,-,-,-,-,-,-,-,-,-,-,-,-,-,-,-,-,-,-,-,-,-,-,-,-,-,-,-,-,-,-,-,-,-,-,-,-,-,-,-,-,-,-,-,-,-,-,-,-,-,-,-,-,-,-,-,-,-,-,-,-,-,-,-,-,-,-,-,-,-,-,-,37,55,0,0,0,0.00,0.00,0.00,,80.84,0,0
55,,04401/25-26,Demo-JB-UP-SL-3485-0126,Knits - Kids,C2 ltd,22/01/26,1.00,1008,1008,0,0,Yes,True,136080.00,,Arpita Hazra,01/06/26,1,2,9,Yes,Yes,9,9,,1008,0,0,0,-,-,-,-,-,-,-,,-,-,-,-,-,-,-,-,-,-,-,-,-,-,-,-,-,-,-,-,-,-,-,-,-,-,-,-,-,-,-,-,-,-,-,-,-,-,-,-,-,-,-,-,-,-,-,-,-,-,-,-,-,-,-,-,-,-,-,-,-,-,-,-,-,-,-,-,-,-,-,37,55,0,0,0,0.00,0.00,0.00,,100.40,0,0
55,,04412/25-26,Demo-JB-UP-SL-3496-0126,Knits - Kids,C2 ltd,22/01/26,1.00,2007,2007,0,0,Yes,True,132462.00,,Arpita Hazra,01/06/26,1,1,5,Yes,Yes,5,5,,2007,0,0,0,-,-,-,-,-,-,-,,-,-,-,-,-,-,-,-,-,-,-,-,-,-,-,-,-,-,-,-,-,-,-,-,-,-,-,-,-,-,-,-,-,-,-,-,-,-,-,-,-,-,-,-,-,-,-,-,-,-,-,-,-,-,-,-,-,-,-,-,-,-,-,-,-,-,-,-,-,-,-,56,55,0,0,0,0.00,0.00,0.00,,50.00,0,0
85,,04395/25-26,Demo-JB-UP-HS-3479-0126,Knits - Kids,C2 ltd,22/01/26,1.00,1508,0,0,0,Yes,True,180960.00,,Arpita Hazra,01/07/26,0,1,12,Yes,Yes,12,12,,1508,0,0,0,-,-,-,-,-,-,-,,-,-,-,-,-,-,-,-,-,-,-,-,-,-,-,-,-,-,-,-,-,-,-,-,-,-,-,-,-,-,-,-,-,-,-,-,-,-,-,-,-,-,-,-,-,-,-,-,-,-,-,-,-,-,-,-,-,-,-,-,-,-,-,-,-,-,-,-,-,-,-,68,55,0,0,0,0.00,0.00,0.00,,83.98,0,0
85,,04325/25-26,Demo-JB-UP-HS-3409-0126,Knits - Kids,C2 ltd,22/01/26,1.00,1508,1508,0,0,Yes,True,173420.00,,Suman Debnath,01/07/26,1,1,23,Yes,Yes,23,23,,1508,0,0,0,-,-,-,-,-,-,-,,-,-,-,-,-,-,-,-,-,-,-,-,-,-,-,-,-,-,-,-,-,-,-,-,-,-,-,-,-,-,-,-,-,-,-,-,-,-,-,-,-,-,-,-,-,-,-,-,-,-,-,-,-,-,-,-,-,-,-,-,-,-,-,-,-,-,-,-,-,-,-,60,55,0,0,0,0.00,0.00,0.00,,86.70,0,0
85,,04322/25-26,Demo-Demo-UP-HS-3406-0126,Knits - Kids,C2 ltd,22/01/26,1.00,1500,1500,0,0,Yes,True,270000.00,,Suman Debnath,01/07/26,1,1,9,Yes,Yes,9,9,,1500,0,0,0,,,,340,,,,,,,,140150,,,,1500.00,0.00,02/04/2026,-,-,"KNITS CUTTING (BLOCK- 4, 1ST FLOOR)",1500,6,-,-,-,-,-,-,0,0,-,-,-,-,-,-,0,0,-,-,-,-,-,-,0,0,-,-,-,-,-,-,0,0,-,-,-,-,-,-,0,0,-,-,-,-,-,-,0,0,-,-,-,-,-,-,0,0,37,34,0,6,-6,140150.00,0.00,140150.00,93.43,151.62,-140150.00,0
116,,04328/25-26,Demo-Demo-UP-HS-3412-0126,Knits - Kids,C2 ltd,22/01/26,1.00,1500,1500,0,0,Yes,True,202500.00,,Suman Debnath,01/08/26,1,1,23,Yes,Yes,23,23,,1500,0,0,0,1,,,,,,,,357,,,46410,2865,,,1500.00,0.00,27/03/2026,-,-,GOTEX  APPARDemoS  PVT.  LTD.,1500,12,-,-,-,-,-,-,0,0,-,-,-,-,-,-,0,0,-,-,-,-,-,-,0,0,-,-,-,-,-,-,0,0,-,-,-,-,-,-,0,0,-,-,-,-,-,-,0,0,-,-,-,-,-,-,0,0,60,55,0,12,-12,49632.00,0.00,49632.00,33.09,110.24,-49632.00,0
116,,04342/25-26,Demo-Demo-UP-HS-3426-0126,Knits - Kids,C2 ltd,22/01/26,1.00,1003,1003,0,0,Yes,True,88264.00,,Suman Debnath,01/08/26,1,1,5,Yes,Yes,5,5,,1003,0,0,0,-,-,-,-,-,-,-,,-,-,-,-,-,-,-,-,-,-,-,-,-,-,-,-,-,-,-,-,-,-,-,-,-,-,-,-,-,-,-,-,-,-,-,-,-,-,-,-,-,-,-,-,-,-,-,-,-,-,-,-,-,-,-,-,-,-,-,-,-,-,-,-,-,-,-,-,-,-,-,56,55,0,0,0,0.00,0.00,0.00,,62.42,0,0
85,,04339/25-26,Demo-JB-UP-HS-3423-0126,Knits - Kids,C2 ltd,22/01/26,1.00,2509,2509,0,0,Yes,True,165594.00,,Suman Debnath,01/07/26,1,1,5,Yes,Yes,5,5,,2509,0,0,0,2,,,,,,,0.082,719.3,,,74691,,,,2509.00,2522.00,27/03/2026,31/03/2026,2522.00,"KNITS CUTTING (BLOCK- 4, 1ST FLOOR)",0,4,2522.00,0.00,31/03/2026,-,-,LAXMI MACHINE MANORANJAN,2522,8,-,-,-,-,-,-,0,0,-,-,-,-,-,-,0,0,-,-,-,-,-,-,0,0,-,-,-,-,-,-,0,0,-,-,-,-,-,-,0,0,-,-,-,-,-,-,0,0,56,55,4,12,-8,75410.30,2522.00,77932.30,29.10,45.80,-77932.30,0
85,,04336/25-26,Demo-Demo-UP-HS-3420-0126,Knits - Kids,C2 ltd,22/01/26,1.00,1500,0,0,0,Yes,True,202500.00,,Suman Debnath,01/07/26,0,1,33,No,Yes,33,0,,1500,0,0,0,-,-,-,-,-,-,-,,-,-,-,-,-,-,-,-,-,-,-,-,-,-,-,-,-,-,-,-,-,-,-,-,-,-,-,-,-,-,-,-,-,-,-,-,-,-,-,-,-,-,-,-,-,-,-,-,-,-,-,-,-,-,-,-,-,-,-,-,-,-,-,-,-,-,-,-,-,-,-,0,55,0,0,0,0.00,0.00,0.00,,110.24,0,0
147,,04348/25-26,Demo-Demo-UP-HS-3432-0126,Knits - Kids,C2 ltd,22/01/26,1.00,1001,1001,0,0,Yes,True,113113.00,,Suman Debnath,01/09/26,1,1,5,Yes,Yes,5,5,,1001,0,0,0,-,-,-,-,-,-,-,,-,-,-,-,-,-,-,-,-,-,-,-,-,-,-,-,-,-,-,-,-,-,-,-,-,-,-,-,-,-,-,-,-,-,-,-,-,-,-,-,-,-,-,-,-,-,-,-,-,-,-,-,-,-,-,-,-,-,-,-,-,-,-,-,-,-,-,-,-,-,-,48,55,0,0,0,0.00,0.00,0.00,,80.44,0,0
116,,04345/25-26,Demo-JB-UP-HS-3429-0126,Knits - Kids,C2 ltd,22/01/26,1.00,2002,2002,0,0,Yes,True,174174.00,,Suman Debnath,01/08/26,1,1,5,Yes,Yes,5,5,,2002,0,0,0,,,,186,,,,0.089,,,,84467.7,,,,2002.00,2080.00,03/04/2026,04/04/2026,2080.00,"KNITS CUTTING (BLOCK- 4, 1ST FLOOR)",0,1,2080.00,0.00,06/04/2026,-,-,LAXMI MACHINE MANORANJAN,2080,2,-,-,-,-,-,-,0,0,-,-,-,-,-,-,0,0,-,-,-,-,-,-,0,0,-,-,-,-,-,-,0,0,-,-,-,-,-,-,0,0,-,-,-,-,-,-,0,0,48,55,1,3,-2,84467.70,2080.00,86547.70,41.61,58.80,-86547.70,0
55,,04359/25-26,Demo-Demo-UP-HS-3443-0126,Knits - Kids,C2 ltd,22/01/26,1.00,1500,0,0,0,Yes,True,169500.00,,Suman Debnath,01/06/26,0,1,5,Yes,Yes,5,5,,1500,0,0,0,-,-,-,-,-,-,-,,-,-,-,-,-,-,-,-,-,-,-,-,-,-,-,-,-,-,-,-,-,-,-,-,-,-,-,-,-,-,-,-,-,-,-,-,-,-,-,-,-,-,-,-,-,-,-,-,-,-,-,-,-,-,-,-,-,-,-,-,-,-,-,-,-,-,-,-,-,-,-,48,55,0,0,0,0.00,0.00,0.00,,80.44,0,0
85,,04362/25-26,Demo-JB-UP-HS-3446-0126,Knits - Kids,C2 ltd,22/01/26,1.00,1508,1508,0,0,Yes,True,138736.00,,Suman Debnath,01/07/26,1,1,22,Yes,Yes,22,22,,1508,0,0,0,,,,122.57,,,,,,,,59636.35,,,,1508.00,0.00,04/04/2026,-,-,"KNITS CUTTING (BLOCK- 4, 1ST FLOOR)",1508,4,-,-,-,-,-,-,0,0,-,-,-,-,-,-,0,0,-,-,-,-,-,-,0,0,-,-,-,-,-,-,0,0,-,-,-,-,-,-,0,0,-,-,-,-,-,-,0,0,-,-,-,-,-,-,0,0,55,55,0,4,-4,59636.35,0.00,59636.35,39.55,68.60,-59636.35,0
85,,04356/25-26,Demo-Demo-UP-HS-3440-0126,Knits - Kids,C2 ltd,22/01/26,1.00,1003,0,0,0,Yes,True,113339.00,,Suman Debnath,01/07/26,0,1,5,Yes,Yes,5,5,,1003,0,0,0,-,-,-,-,-,-,-,,-,-,-,-,-,-,-,-,-,-,-,-,-,-,-,-,-,-,-,-,-,-,-,-,-,-,-,-,-,-,-,-,-,-,-,-,-,-,-,-,-,-,-,-,-,-,-,-,-,-,-,-,-,-,-,-,-,-,-,-,-,-,-,-,-,-,-,-,-,-,-,48,55,0,0,0,0.00,0.00,0.00,,80.44,0,0
55,,04375/25-26,Demo-Demo-UP-HS-3459-0126,Knits - Kids,C2 ltd,22/01/26,1.00,1500,1500,0,0,Yes,True,270000.00,,Suman Debnath,01/06/26,1,1,9,Yes,Yes,9,9,,1500,0,0,0,,,,313.36,,,,,,,,125865.04,,,,1500.00,0.00,01/04/2026,-,-,"KNITS CUTTING (BLOCK- 4, 1ST FLOOR)",1500,7,-,-,-,-,-,-,0,0,-,-,-,-,-,-,0,0,-,-,-,-,-,-,0,0,-,-,-,-,-,-,0,0,-,-,-,-,-,-,0,0,-,-,-,-,-,-,0,0,-,-,-,-,-,-,0,0,37,55,0,7,-7,125865.04,0.00,125865.04,83.91,144.69,-125865.04,0
85,,04365/25-26,Demo-Demo-UP-HS-3449-0126,Knits - Kids,C2 ltd,22/01/26,1.00,1003,1003,0,0,Yes,True,135405.00,,Suman Debnath,01/07/26,1,1,5,Yes,Yes,5,5,,1003,0,0,0,-,-,-,-,-,-,-,,-,-,-,-,-,-,-,-,-,-,-,-,-,-,-,-,-,-,-,-,-,-,-,-,-,-,-,-,-,-,-,-,-,-,-,-,-,-,-,-,-,-,-,-,-,-,-,-,-,-,-,-,-,-,-,-,-,-,-,-,-,-,-,-,-,-,-,-,-,-,-,48,55,0,0,0,0.00,0.00,0.00,,110.54,0,0
55,,04384/25-26,Demo-Demo-UP-HS-3468-0126,Knits - Kids,C2 ltd,22/01/26,1.00,1500,0,0,0,Yes,True,195000.00,,Arpita Hazra,01/06/26,0,1,33,No,Yes,33,0,,1500,0,0,0,-,-,-,-,-,-,-,,-,-,-,-,-,-,-,-,-,-,-,-,-,-,-,-,-,-,-,-,-,-,-,-,-,-,-,-,-,-,-,-,-,-,-,-,-,-,-,-,-,-,-,-,-,-,-,-,-,-,-,-,-,-,-,-,-,-,-,-,-,-,-,-,-,-,-,-,-,-,-,0,55,0,0,0,0.00,0.00,0.00,,96.54,0,0
85,,04368/25-26,Demo-JB-UP-HS-3452-0126,Knits - Kids,C2 ltd,22/01/26,1.00,1014,1014,0,0,Yes,True,136890.00,,Suman Debnath,01/07/26,1,1,9,Yes,Yes,9,9,,1014,0,0,0,-,-,-,-,-,-,-,,-,-,-,-,-,-,-,-,-,-,-,-,-,-,-,-,-,-,-,-,-,-,-,-,-,-,-,-,-,-,-,-,-,-,-,-,-,-,-,-,-,-,-,-,-,-,-,-,-,-,-,-,-,-,-,-,-,-,-,-,-,-,-,-,-,-,-,-,-,-,-,37,55,0,0,0,0.00,0.00,0.00,,108.35,0,0
85,,04378/25-26,Demo-JB-UP-HS-3462-0126,Knits - Kids,C2 ltd,22/01/26,1.00,1001,1001,0,0,Yes,True,135135.00,,Arpita Hazra,01/07/26,1,1,9,Yes,Yes,9,9,,1001,0,0,0,,,,134.25,,,,,,,,55332.85,,,,1001.00,0.00,03/04/2026,-,-,"KNITS CUTTING (BLOCK- 4, 1ST FLOOR)",1001,5,-,-,-,-,-,-,0,0,-,-,-,-,-,-,0,0,-,-,-,-,-,-,0,0,-,-,-,-,-,-,0,0,-,-,-,-,-,-,0,0,-,-,-,-,-,-,0,0,-,-,-,-,-,-,0,0,37,55,0,5,-5,55332.85,0.00,55332.85,55.28,108.35,-55332.85,0
55,,04390/25-26,Demo-Demo-UP-HS-3474-0126,Knits - Kids,C2 ltd,22/01/26,1.00,1500,0,0,0,Yes,True,195000.00,,Arpita Hazra,01/06/26,0,1,12,Yes,Yes,12,12,,1500,0,0,0,-,-,-,-,-,-,-,,-,-,-,-,-,-,-,-,-,-,-,-,-,-,-,-,-,-,-,-,-,-,-,-,-,-,-,-,-,-,-,-,-,-,-,-,-,-,-,-,-,-,-,-,-,-,-,-,-,-,-,-,-,-,-,-,-,-,-,-,-,-,-,-,-,-,-,-,-,-,-,68,53,0,0,0,0.00,0.00,0.00,,96.54,0,0
147,,04381/25-26,Demo-Demo-UP-HS-3465-0126,Knits - Kids,C2 ltd,22/01/26,1.00,1500,1500,0,0,Yes,True,270000.00,,Arpita Hazra,01/09/26,1,1,9,Yes,Yes,9,9,,1500,0,0,0,1,,,,,,,0.226,451.2,,,101185,,,,1500.00,1512.00,19/03/2026,19/03/2026,1512.00,"KNITS CUTTING (BLOCK- 4, 1ST FLOOR)",0,1,1512.00,1512.00,23/03/2026,06/04/2026,15120.00,BASUKI PRINT,0,14,-,-,-,-,-,-,0,0,1512.00,0.00,31/03/2026,-,-,"FARHAN GARMENTS, STORE",1512,8,-,-,-,-,-,-,0,0,-,-,-,-,-,-,0,0,-,-,-,-,-,-,0,0,-,-,-,-,-,-,0,0,37,55,18,23,-5,101636.20,16632.00,118268.20,78.22,144.69,-118268.20,0
24,,04399/25-26,Demo-JB-UP-SL-3483-0126,Knits - Kids,C2 ltd,22/01/26,1.00,1503,1503,0,0,Yes,True,202905.00,,Arpita Hazra,01/05/26,1,2,9,Yes,Yes,9,9,,1503,0,0,0,-,-,-,-,-,-,-,,-,-,-,-,-,-,-,-,-,-,-,-,-,-,-,-,-,-,-,-,-,-,-,-,-,-,-,-,-,-,-,-,-,-,-,-,-,-,-,-,-,-,-,-,-,-,-,-,-,-,-,-,-,-,-,-,-,-,-,-,-,-,-,-,-,-,-,-,-,-,-,37,55,0,0,0,0.00,0.00,0.00,,100.40,0,0
24,,04405/25-26,Demo-JB-UP-SL-3489-0126,Knits - Kids,C2 ltd,22/01/26,1.00,1503,1503,0,0,Yes,True,150300.00,,Arpita Hazra,01/05/26,1,1,22,Yes,Yes,22,22,,1503,0,0,0,-,-,-,-,-,-,-,,-,-,-,-,-,-,-,-,-,-,-,-,-,-,-,-,-,-,-,-,-,-,-,-,-,-,-,-,-,-,-,-,-,-,-,-,-,-,-,-,-,-,-,-,-,-,-,-,-,-,-,-,-,-,-,-,-,-,-,-,-,-,-,-,-,-,-,-,-,-,-,62,55,0,0,0,0.00,0.00,0.00,,70.45,0,0
116,,04387/25-26,Demo-JB-UP-HS-3471-0126,Knits - Kids,C2 ltd,22/01/26,1.00,1508,0,0,0,Yes,True,165880.00,,Arpita Hazra,01/08/26,0,1,9,Yes,Yes,9,9,,1508,0,0,0,-,-,-,-,-,-,-,,-,-,-,-,-,-,-,-,-,-,-,-,-,-,-,-,-,-,-,-,-,-,-,-,-,-,-,-,-,-,-,-,-,-,-,-,-,-,-,-,-,-,-,-,-,-,-,-,-,-,-,-,-,-,-,-,-,-,-,-,-,-,-,-,-,-,-,-,-,-,-,64,49,0,0,0,0.00,0.00,0.00,,78.70,0,0
24,,04411/25-26,Demo-Demo-UP-SL-3495-0126,Knits - Kids,C2 ltd,22/01/26,1.00,1000,1000,0,0,Yes,True,88000.00,,Arpita Hazra,01/05/26,1,1,5,Yes,Yes,5,5,,1000,0,0,0,-,-,-,-,-,-,-,,-,-,-,-,-,-,-,-,-,-,-,-,-,-,-,-,-,-,-,-,-,-,-,-,-,-,-,-,-,-,-,-,-,-,-,-,-,-,-,-,-,-,-,-,-,-,-,-,-,-,-,-,-,-,-,-,-,-,-,-,-,-,-,-,-,-,-,-,-,-,-,56,55,0,0,0,0.00,0.00,0.00,,66.46,0,0
55,,04408/25-26,Demo-Demo-UP-SL-3492-0126,Knits - Kids,C2 ltd,22/01/26,1.00,1000,1000,0,0,Yes,True,125000.00,,Arpita Hazra,01/06/26,1,1,22,Yes,Yes,22,22,,1000,0,0,0,-,-,-,-,-,-,-,,-,-,-,-,-,-,-,-,-,-,-,-,-,-,-,-,-,-,-,-,-,-,-,-,-,-,-,-,-,-,-,-,-,-,-,-,-,-,-,-,-,-,-,-,-,-,-,-,-,-,-,-,-,-,-,-,-,-,-,-,-,-,-,-,-,-,-,-,-,-,-,62,55,0,0,0,0.00,0.00,0.00,,91.54,0,0
55,,04402/25-26,Demo-Demo-UP-SL-3486-0126,Knits - Kids,C2 ltd,22/01/26,1.00,1000,1000,0,0,Yes,True,170000.00,,Arpita Hazra,01/06/26,1,2,9,Yes,Yes,9,9,,1000,0,0,0,-,-,-,-,-,-,-,,-,-,-,-,-,-,-,-,-,-,-,-,-,-,-,-,-,-,-,-,-,-,-,-,-,-,-,-,-,-,-,-,-,-,-,-,-,-,-,-,-,-,-,-,-,-,-,-,-,-,-,-,-,-,-,-,-,-,-,-,-,-,-,-,-,-,-,-,-,-,-,37,55,0,0,0,0.00,0.00,0.00,,126.30,0,0
147,,04324/25-26,Demo-Demo-UP-HS-3408-0126,Knits - Kids,C2 ltd,22/01/26,1.00,1500,1500,0,0,Yes,True,270000.00,,Suman Debnath,01/09/26,1,1,9,Yes,Yes,9,9,,1500,0,0,0,4,,,,1,,,,16126,,,140539.5,3357.7,,,1500.00,0.00,27/03/2026,-,-,KK TAILOR,1500,12,-,-,-,-,-,-,0,0,-,-,-,-,-,-,0,0,-,-,-,-,-,-,0,0,-,-,-,-,-,-,0,0,-,-,-,-,-,-,0,0,-,-,-,-,-,-,0,0,-,-,-,-,-,-,0,0,37,34,0,12,-12,160023.20,0.00,160023.20,106.68,151.62,-160023.20,0
55,,04321/25-26,Demo-Demo-UP-HS-3405-0126,Knits - Kids,C2 ltd,22/01/26,1.00,1500,1500,0,0,Yes,True,270000.00,,Suman Debnath,01/06/26,1,1,9,Yes,Yes,9,9,,1500,0,0,0,,,,303.91,,,,,,,,122042.53,,,,1500.00,0.00,02/04/2026,-,-,"KNITS CUTTING (BLOCK- 4, 1ST FLOOR)",1500,6,-,-,-,-,-,-,0,0,-,-,-,-,-,-,0,0,-,-,-,-,-,-,0,0,-,-,-,-,-,-,0,0,-,-,-,-,-,-,0,0,-,-,-,-,-,-,0,0,-,-,-,-,-,-,0,0,37,34,0,6,-6,122042.53,0.00,122042.53,81.36,151.62,-122042.53,0
116,,04341/25-26,Demo-JB-UP-HS-3425-0126,Knits - Kids,C2 ltd,22/01/26,1.00,983,1001,0,0,Yes,True,64878.00,,Suman Debnath,01/08/26,1,1,5,Yes,Yes,5,5,,983,0,0,0,-,-,-,-,-,-,-,,-,-,-,-,-,-,-,-,-,-,-,-,-,-,-,-,-,-,-,-,-,-,-,-,-,-,-,-,-,-,-,-,-,-,-,-,-,-,-,-,-,-,-,-,-,-,-,-,-,-,-,-,-,-,-,-,-,-,-,-,-,-,-,-,-,-,-,-,-,-,-,56,55,0,0,0,0.00,0.00,0.00,,45.80,0,0
116,,04327/25-26,Demo-JB-UP-HS-3411-0126,Knits - Kids,C2 ltd,22/01/26,1.00,1508,1508,0,0,Yes,True,173420.00,,Suman Debnath,01/08/26,1,1,23,Yes,Yes,23,23,,1508,0,0,0,1,,,,,,,,361,,,45780,2337,,,1508.00,0.00,27/03/2026,-,-,GOTEX  APPARDemoS  PVT.  LTD.,1508,12,-,-,-,-,-,-,0,0,-,-,-,-,-,-,0,0,-,-,-,-,-,-,0,0,-,-,-,-,-,-,0,0,-,-,-,-,-,-,0,0,-,-,-,-,-,-,0,0,-,-,-,-,-,-,0,0,60,55,0,12,-12,48478.00,0.00,48478.00,32.15,86.70,-48478.00,0
55,,04330/25-26,Demo-Demo-UP-HS-3414-0126,Knits - Kids,C2 ltd,22/01/26,1.00,1500,1500,0,0,Yes,True,202500.00,,Suman Debnath,01/06/26,1,1,23,Yes,Yes,23,23,,1500,0,0,0,1,,,,,,,,5882,,,73920,2865,,,1500.00,0.00,27/03/2026,-,-,GOTEX  APPARDemoS  PVT.  LTD.,1500,12,-,-,-,-,-,-,0,0,-,-,-,-,-,-,0,0,-,-,-,-,-,-,0,0,-,-,-,-,-,-,0,0,-,-,-,-,-,-,0,0,-,-,-,-,-,-,0,0,-,-,-,-,-,-,0,0,60,49,0,12,-12,82667.00,0.00,82667.00,55.11,110.24,-82667.00,0
85,,04333/25-26,Demo-JB-UP-HS-3417-0126,Knits - Kids,C2 ltd,22/01/26,1.00,1508,0,0,0,Yes,True,173420.00,,Suman Debnath,01/07/26,0,1,33,No,Yes,33,0,,1508,0,0,0,-,-,-,-,-,-,-,,-,-,-,-,-,-,-,-,-,-,-,-,-,-,-,-,-,-,-,-,-,-,-,-,-,-,-,-,-,-,-,-,-,-,-,-,-,-,-,-,-,-,-,-,-,-,-,-,-,-,-,-,-,-,-,-,-,-,-,-,-,-,-,-,-,-,-,-,-,-,-,0,55,0,0,0,0.00,0.00,0.00,,86.70,0,0
147,,04347/25-26,Demo-JB-UP-HS-3431-0126,Knits - Kids,C2 ltd,22/01/26,1.00,1408,1408,0,0,Yes,True,122496.00,,Suman Debnath,01/09/26,1,1,5,Yes,Yes,5,5,,1408,0,0,0,-,-,-,-,-,-,-,,-,-,-,-,-,-,-,-,-,-,-,-,-,-,-,-,-,-,-,-,-,-,-,-,-,-,-,-,-,-,-,-,-,-,-,-,-,-,-,-,-,-,-,-,-,-,-,-,-,-,-,-,-,-,-,-,-,-,-,-,-,-,-,-,-,-,-,-,-,-,-,48,55,0,0,0,0.00,0.00,0.00,,58.80,0,0
85,,04344/25-26,Demo-Demo-UP-HS-3428-0126,Knits - Kids,C2 ltd,22/01/26,1.00,2004,2004,0,0,Yes,True,226452.00,,Suman Debnath,01/07/26,1,1,5,Yes,Yes,5,5,,2004,0,0,0,-,-,-,-,-,-,-,,-,-,-,-,-,-,-,-,-,-,-,-,-,-,-,-,-,-,-,-,-,-,-,-,-,-,-,-,-,-,-,-,-,-,-,-,-,-,-,-,-,-,-,-,-,-,-,-,-,-,-,-,-,-,-,-,-,-,-,-,-,-,-,-,-,-,-,-,-,-,-,48,55,0,0,0,0.00,0.00,0.00,,80.44,0,0
55,,04350/25-26,Demo-Demo-UP-HS-3434-0126,Knits - Kids,C2 ltd,22/01/26,1.00,2503,0,0,0,Yes,True,282839.00,,Suman Debnath,01/06/26,0,1,5,Yes,Yes,5,5,,2503,0,0,0,-,-,-,-,-,-,-,,-,-,-,-,-,-,-,-,-,-,-,-,-,-,-,-,-,-,-,-,-,-,-,-,-,-,-,-,-,-,-,-,-,-,-,-,-,-,-,-,-,-,-,-,-,-,-,-,-,-,-,-,-,-,-,-,-,-,-,-,-,-,-,-,-,-,-,-,-,-,-,48,55,0,0,0,0.00,0.00,0.00,,80.44,0,0
85,,04353/25-26,Demo-JB-UP-HS-3437-0126,Knits - Kids,C2 ltd,22/01/26,1.00,1508,1508,0,0,Yes,True,131196.00,,Suman Debnath,01/07/26,1,1,5,Yes,Yes,5,5,,1508,0,0,0,-,-,-,-,-,-,-,,-,-,-,-,-,-,-,-,-,-,-,-,-,-,-,-,-,-,-,-,-,-,-,-,-,-,-,-,-,-,-,-,-,-,-,-,-,-,-,-,-,-,-,-,-,-,-,-,-,-,-,-,-,-,-,-,-,-,-,-,-,-,-,-,-,-,-,-,-,-,-,48,55,0,0,0,0.00,0.00,0.00,,58.80,0,0
55,,04361/25-26,Demo-Demo-UP-HS-3445-0126,Knits - Kids,C2 ltd,22/01/26,1.00,2004,2004,0,0,Yes,True,260520.00,,Suman Debnath,01/06/26,1,1,5,Yes,Yes,5,5,,2004,0,0,0,,,,275,,,,0.144,,,,119045,,,,2004.00,1908.00,04/04/2026,07/04/2026,1908.00,"KNITS CUTTING (BLOCK- 4, 1ST FLOOR)",96,3,1908.00,0.00,07/04/2026,-,-,LAXMI MACHINE MANORANJAN,1908,1,-,-,-,-,-,-,0,0,-,-,-,-,-,-,0,0,-,-,-,-,-,-,0,0,-,-,-,-,-,-,0,0,-,-,-,-,-,-,0,0,-,-,-,-,-,-,0,0,48,55,3,4,-1,119045.00,1908.00,120953.00,63.39,80.44,-120953.00,0
116,,04367/25-26,Demo-Demo-UP-HS-3451-0126,Knits - Kids,C2 ltd,22/01/26,1.00,1500,0,0,0,Yes,True,202500.00,,Suman Debnath,01/08/26,0,1,5,Yes,Yes,5,5,,1500,0,0,0,-,-,-,-,-,-,-,,-,-,-,-,-,-,-,-,-,-,-,-,-,-,-,-,-,-,-,-,-,-,-,-,-,-,-,-,-,-,-,-,-,-,-,-,-,-,-,-,-,-,-,-,-,-,-,-,-,-,-,-,-,-,-,-,-,-,-,-,-,-,-,-,-,-,-,-,-,-,-,48,55,0,0,0,0.00,0.00,0.00,,110.54,0,0
116,,04373/25-26,Demo-Demo-UP-HS-3457-0126,Knits - Kids,C2 ltd,22/01/26,1.00,1500,1500,0,0,Yes,True,270000.00,,Suman Debnath,01/08/26,1,1,9,Yes,Yes,9,9,,1500,0,0,0,1,,,,,,,0.225,465.88,,,99000,,,,1500.00,1512.00,26/03/2026,30/03/2026,1512.00,"KNITS CUTTING (BLOCK- 4, 1ST FLOOR)",0,4,1512.00,0.00,30/03/2026,-,-,LAXMI MACHINE MANORANJAN,1512,9,-,-,-,-,-,-,0,0,-,-,-,-,-,-,0,0,-,-,-,-,-,-,0,0,-,-,-,-,-,-,0,0,-,-,-,-,-,-,0,0,-,-,-,-,-,-,0,0,37,55,4,13,-9,99465.88,1512.00,100977.88,66.78,144.69,-100977.88,0
85,,04364/25-26,Demo-JB-UP-HS-3448-0126,Knits - Kids,C2 ltd,22/01/26,1.00,1508,1508,0,0,Yes,True,173420.00,,Suman Debnath,01/07/26,1,1,5,Yes,Yes,5,5,,1508,0,0,0,-,-,-,-,-,-,-,,-,-,-,-,-,-,-,-,-,-,-,-,-,-,-,-,-,-,-,-,-,-,-,-,-,-,-,-,-,-,-,-,-,-,-,-,-,-,-,-,-,-,-,-,-,-,-,-,-,-,-,-,-,-,-,-,-,-,-,-,-,-,-,-,-,-,-,-,-,-,-,48,55,0,0,0,0.00,0.00,0.00,,87.45,0,0
147,,04380/25-26,Demo-JB-UP-HS-3464-0126,Knits - Kids,C2 ltd,22/01/26,1.00,1508,1508,0,0,Yes,True,203580.00,,Arpita Hazra,01/09/26,1,1,9,Yes,Yes,9,9,,1508,0,0,0,1,,,,,,,0.147,469.6,,,68125,,,,1508.00,1534.00,19/03/2026,19/03/2026,1534.00,"KNITS CUTTING (BLOCK- 4, 1ST FLOOR)",0,1,1534.00,0.00,23/03/2026,-,-,BASUKI PRINT,1534,16,-,-,-,-,-,-,0,0,-,-,-,-,-,-,0,0,-,-,-,-,-,-,0,0,-,-,-,-,-,-,0,0,-,-,-,-,-,-,0,0,-,-,-,-,-,-,0,0,37,55,0,17,-17,68594.60,1534.00,70128.60,45.72,108.35,-70128.60,0
85,,04370/25-26,Demo-JB-UP-HS-3454-0126,Knits - Kids,C2 ltd,22/01/26,1.00,1001,1001,0,0,Yes,True,135135.00,,Suman Debnath,01/07/26,1,1,9,Yes,Yes,9,9,,1001,0,0,0,,,,68.75,,,,,,,,22793.75,,,,1001.00,0.00,26/03/2026,-,-,"KNITS CUTTING (BLOCK- 4, 1ST FLOOR)",1001,13,-,-,-,-,-,-,0,0,-,-,-,-,-,-,0,0,-,-,-,-,-,-,0,0,-,-,-,-,-,-,0,0,-,-,-,-,-,-,0,0,-,-,-,-,-,-,0,0,-,-,-,-,-,-,0,0,37,55,0,13,-13,22793.75,0.00,22793.75,22.77,108.35,-22793.75,0
85,,04383/25-26,Demo-JB-UP-HS-3467-0126,Knits - Kids,C2 ltd,22/01/26,1.00,1508,0,0,0,Yes,True,165880.00,,Arpita Hazra,01/07/26,0,1,33,No,Yes,33,0,,1508,0,0,0,-,-,-,-,-,-,-,,-,-,-,-,-,-,-,-,-,-,-,-,-,-,-,-,-,-,-,-,-,-,-,-,-,-,-,-,-,-,-,-,-,-,-,-,-,-,-,-,-,-,-,-,-,-,-,-,-,-,-,-,-,-,-,-,-,-,-,-,-,-,-,-,-,-,-,-,-,-,-,0,55,0,0,0,0.00,0.00,0.00,,78.70,0,0
85,,04386/25-26,Demo-Demo-UP-HS-3470-0126,Knits - Kids,C2 ltd,22/01/26,1.00,2004,0,0,0,Yes,True,260520.00,,Arpita Hazra,01/07/26,0,1,33,No,Yes,33,0,,2004,0,0,0,-,-,-,-,-,-,-,,-,-,-,-,-,-,-,-,-,-,-,-,-,-,-,-,-,-,-,-,-,-,-,-,-,-,-,-,-,-,-,-,-,-,-,-,-,-,-,-,-,-,-,-,-,-,-,-,-,-,-,-,-,-,-,-,-,-,-,-,-,-,-,-,-,-,-,-,-,-,-,0,55,0,0,0,0.00,0.00,0.00,,96.54,0,0
147,,04393/25-26,Demo-JB-UP-HS-3477-0126,Knits - Kids,C2 ltd,22/01/26,1.00,1508,0,0,0,Yes,True,165880.00,,Arpita Hazra,01/09/26,0,1,9,Yes,Yes,9,9,,1508,0,0,0,-,-,-,-,-,-,-,,-,-,-,-,-,-,-,-,-,-,-,-,-,-,-,-,-,-,-,-,-,-,-,-,-,-,-,-,-,-,-,-,-,-,-,-,-,-,-,-,-,-,-,-,-,-,-,-,-,-,-,-,-,-,-,-,-,-,-,-,-,-,-,-,-,-,-,-,-,-,-,0,55,0,0,0,0.00,0.00,0.00,,85.08,0,0
55,,04407/25-26,Demo-JB-UP-SL-3491-0126,Knits - Kids,C2 ltd,22/01/26,1.00,1008,1008,0,0,Yes,True,100800.00,,Arpita Hazra,01/06/26,1,1,22,Yes,Yes,22,22,,1008,0,0,0,-,-,-,-,-,-,-,,-,-,-,-,-,-,-,-,-,-,-,-,-,-,-,-,-,-,-,-,-,-,-,-,-,-,-,-,-,-,-,-,-,-,-,-,-,-,-,-,-,-,-,-,-,-,-,-,-,-,-,-,-,-,-,-,-,-,-,-,-,-,-,-,-,-,-,-,-,-,-,62,55,0,0,0,0.00,0.00,0.00,,70.45,0,0
85,,04389/25-26,Demo-JB-UP-HS-3473-0126,Knits - Kids,C2 ltd,22/01/26,1.00,2002,0,0,0,Yes,True,210210.00,,Arpita Hazra,01/07/26,0,1,12,Yes,Yes,12,12,,2002,0,0,0,-,-,-,-,-,-,-,,-,-,-,-,-,-,-,-,-,-,-,-,-,-,-,-,-,-,-,-,-,-,-,-,-,-,-,-,-,-,-,-,-,-,-,-,-,-,-,-,-,-,-,-,-,-,-,-,-,-,-,-,-,-,-,-,-,-,-,-,-,-,-,-,-,-,-,-,-,-,-,68,53,0,0,0,0.00,0.00,0.00,,78.70,0,0
24,,04410/25-26,Demo-JB-UP-SL-3494-0126,Knits - Kids,C2 ltd,22/01/26,1.00,2007,2007,0,0,Yes,True,132462.00,,Arpita Hazra,01/05/26,1,1,5,Yes,Yes,5,5,,2007,0,0,0,-,-,-,-,-,-,-,,-,-,-,-,-,-,-,-,-,-,-,-,-,-,-,-,-,-,-,-,-,-,-,-,-,-,-,-,-,-,-,-,-,-,-,-,-,-,-,-,-,-,-,-,-,-,-,-,-,-,-,-,-,-,-,-,-,-,-,-,-,-,-,-,-,-,-,-,-,-,-,56,55,0,0,0,0.00,0.00,0.00,,50.00,0,0
55,,04396/25-26,Demo-Demo-UP-HS-3480-0126,Knits - Kids,C2 ltd,22/01/26,1.00,2004,0,0,0,Yes,True,284568.00,,Arpita Hazra,01/06/26,0,1,12,Yes,Yes,12,12,,2004,0,0,0,-,-,-,-,-,-,-,,-,-,-,-,-,-,-,-,-,-,-,-,-,-,-,-,-,-,-,-,-,-,-,-,-,-,-,-,-,-,-,-,-,-,-,-,-,-,-,-,-,-,-,-,-,-,-,-,-,-,-,-,-,-,-,-,-,-,-,-,-,-,-,-,-,-,-,-,-,-,-,68,55,0,0,0,0.00,0.00,0.00,,103.42,0,0
24,,04404/25-26,Demo-Demo-UP-SL-3488-0126,Knits - Kids,C2 ltd,22/01/26,1.00,1000,1000,0,0,Yes,True,120000.00,,Arpita Hazra,01/05/26,1,1,22,Yes,Yes,22,22,,1000,0,0,0,-,-,-,-,-,-,-,,-,-,-,-,-,-,-,-,-,-,-,-,-,-,-,-,-,-,-,-,-,-,-,-,-,-,-,-,-,-,-,-,-,-,-,-,-,-,-,-,-,-,-,-,-,-,-,-,-,-,-,-,-,-,-,-,-,-,-,-,-,-,-,-,-,-,-,-,-,-,-,56,55,0,0,0,0.00,0.00,0.00,,91.54,0,0
55,,04413/25-26,Demo-Demo-UP-SL-3497-0126,Knits - Kids,C2 ltd,22/01/26,1.00,1000,1000,0,0,Yes,True,88000.00,,Arpita Hazra,01/06/26,1,1,5,Yes,Yes,5,5,,1000,0,0,0,-,-,-,-,-,-,-,,-,-,-,-,-,-,-,-,-,-,-,-,-,-,-,-,-,-,-,-,-,-,-,-,-,-,-,-,-,-,-,-,-,-,-,-,-,-,-,-,-,-,-,-,-,-,-,-,-,-,-,-,-,-,-,-,-,-,-,-,-,-,-,-,-,-,-,-,-,-,-,56,55,0,0,0,0.00,0.00,0.00,,66.46,0,0
85,,04352/25-26,Demo-Demo-UP-HS-3436-0126,Knits - Kids,C2 ltd,22/01/26,1.00,2503,2503,0,0,Yes,True,282839.00,,Suman Debnath,01/07/26,1,1,5,Yes,Yes,5,5,,2503,0,0,0,-,-,-,-,-,-,-,,-,-,-,-,-,-,-,-,-,-,-,-,-,-,-,-,-,-,-,-,-,-,-,-,-,-,-,-,-,-,-,-,-,-,-,-,-,-,-,-,-,-,-,-,-,-,-,-,-,-,-,-,-,-,-,-,-,-,-,-,-,-,-,-,-,-,-,-,-,-,-,48,55,0,0,0,0.00,0.00,0.00,,80.44,0,0
116,,04346/25-26,Demo-Demo-UP-HS-3430-0126,Knits - Kids,C2 ltd,22/01/26,1.00,1500,1500,0,0,Yes,True,169500.00,,Suman Debnath,01/08/26,1,1,5,Yes,Yes,5,5,,1500,0,0,0,,,,209.5,,,,,,,,94550,,,,1500.00,0.00,03/04/2026,-,-,"KNITS CUTTING (BLOCK- 4, 1ST FLOOR)",1500,5,-,-,-,-,-,-,0,0,-,-,-,-,-,-,0,0,-,-,-,-,-,-,0,0,-,-,-,-,-,-,0,0,-,-,-,-,-,-,0,0,-,-,-,-,-,-,0,0,-,-,-,-,-,-,0,0,48,55,0,5,-5,94550.00,0.00,94550.00,63.03,80.44,-94550.00,0
85,,04358/25-26,Demo-JB-UP-HS-3442-0126,Knits - Kids,C2 ltd,22/01/26,1.00,1508,0,0,0,Yes,True,131196.00,,Suman Debnath,01/07/26,0,1,5,Yes,Yes,5,5,,1508,0,0,0,-,-,-,-,-,-,-,,-,-,-,-,-,-,-,-,-,-,-,-,-,-,-,-,-,-,-,-,-,-,-,-,-,-,-,-,-,-,-,-,-,-,-,-,-,-,-,-,-,-,-,-,-,-,-,-,-,-,-,-,-,-,-,-,-,-,-,-,-,-,-,-,-,-,-,-,-,-,-,48,55,0,0,0,0.00,0.00,0.00,,58.80,0,0
85,,04355/25-26,Demo-JB-UP-HS-3439-0126,Knits - Kids,C2 ltd,22/01/26,1.00,1001,0,0,0,Yes,True,87087.00,,Suman Debnath,01/07/26,0,1,5,Yes,Yes,5,5,,1001,0,0,0,-,-,-,-,-,-,-,,-,-,-,-,-,-,-,-,-,-,-,-,-,-,-,-,-,-,-,-,-,-,-,-,-,-,-,-,-,-,-,-,-,-,-,-,-,-,-,-,-,-,-,-,-,-,-,-,-,-,-,-,-,-,-,-,-,-,-,-,-,-,-,-,-,-,-,-,-,-,-,48,55,0,0,0,0.00,0.00,0.00,,58.80,0,0
114,,04455/25-26,Demo-JB-UP-FS-3401-0126,Knits - Kids,Style fashion,23/01/26,1.00,2400,2400,0,0,Yes,True,2400.00,,SAYANTANI NANDI,30/07/26,1,2,-7,Yes,Yes,-7,-7,,2400,0,0,0,,,,471.84,,,,,,,,177869.43,,,,2400.00,0.00,30/03/2026,-,-,NOBLE ENTRRPRISE,2400,9,-,-,-,-,-,-,0,0,-,-,-,-,-,-,0,0,-,-,-,-,-,-,0,0,-,-,-,-,-,-,0,0,-,-,-,-,-,-,0,0,-,-,-,-,-,-,0,0,-,-,-,-,-,-,0,0,66,0,0,9,-9,177869.43,0.00,177869.43,74.11,137.58,-177869.43,0
114,,04430/25-26,Demo-BY-UP-HS-3376-0126,Knits - Kids,Style fashion,23/01/26,299.00,3600,0,0,0,Yes,True,626400.00,,SAYANTANI NANDI,30/07/26,0,2,8,Yes,No,8,8,,3600,0,0,0,-,-,-,-,-,-,-,,-,-,-,-,-,-,-,-,-,-,-,-,-,-,-,-,-,-,-,-,-,-,-,-,-,-,-,-,-,-,-,-,-,-,-,-,-,-,-,-,-,-,-,-,-,-,-,-,-,-,-,-,-,-,-,-,-,-,-,-,-,-,-,-,-,-,-,-,-,-,-,0,0,0,0,0,0.00,0.00,0.00,,138.53,0,0
114,,04424/25-26,Demo-Demo-UP-HS-3370-0126,Knits - Kids,Style fashion,23/01/26,249.00,2400,2400,0,0,Yes,True,336000.00,,SAYANTANI NANDI,30/07/26,1,1,-18,Yes,Yes,-18,-18,,2400,0,0,0,-,-,-,-,-,-,-,,-,-,-,-,-,-,-,-,-,-,-,-,-,-,-,-,-,-,-,-,-,-,-,-,-,-,-,-,-,-,-,-,-,-,-,-,-,-,-,-,-,-,-,-,-,-,-,-,-,-,-,-,-,-,-,-,-,-,-,-,-,-,-,-,-,-,-,-,-,-,-,0,0,0,0,0,0.00,0.00,0.00,,125.99,0,0
114,,04435/25-26,Demo-Demo-UP-HS-3381-0126,Knits - Kids,Style fashion,23/01/26,249.00,3600,3600,0,0,Yes,True,522000.00,,SAYANTANI NANDI,30/07/26,1,1,-7,Yes,Yes,-7,-7,,3600,0,0,0,-,-,-,-,-,-,-,,-,-,-,-,-,-,-,-,-,-,-,-,-,-,-,-,-,-,-,-,-,-,-,-,-,-,-,-,-,-,-,-,-,-,-,-,-,-,-,-,-,-,-,-,-,-,-,-,-,-,-,-,-,-,-,-,-,-,-,-,-,-,-,-,-,-,-,-,-,-,-,0,0,0,0,0,0.00,0.00,0.00,,0.00,0,0
114,,04433/25-26,Demo-JB-UP-HS-3379-0126,Knits - Kids,Style fashion,23/01/26,199.00,3600,3600,0,0,Yes,True,432000.00,,SAYANTANI NANDI,30/07/26,1,1,-7,Yes,Yes,-7,-7,,3600,0,0,0,-,-,-,-,-,-,-,,-,-,-,-,-,-,-,-,-,-,-,-,-,-,-,-,-,-,-,-,-,-,-,-,-,-,-,-,-,-,-,-,-,-,-,-,-,-,-,-,-,-,-,-,-,-,-,-,-,-,-,-,-,-,-,-,-,-,-,-,-,-,-,-,-,-,-,-,-,-,-,0,74,0,0,0,0.00,0.00,0.00,,57.98,0,0
114,,04441/25-26,Demo-Demo-UP-HS-3387-0126,Knits - Kids,Style fashion,23/01/26,249.00,2400,0,0,0,Yes,True,362400.00,,SAYANTANI NANDI,30/07/26,0,1,-7,Yes,Yes,-7,-7,,2400,0,0,0,-,-,-,-,-,-,-,,-,-,-,-,-,-,-,-,-,-,-,-,-,-,-,-,-,-,-,-,-,-,-,-,-,-,-,-,-,-,-,-,-,-,-,-,-,-,-,-,-,-,-,-,-,-,-,-,-,-,-,-,-,-,-,-,-,-,-,-,-,-,-,-,-,-,-,-,-,-,-,47,0,0,0,0,0.00,0.00,0.00,,132.57,0,0
114,,04447/25-26,Demo-JB-UP-FS-3393-0126,Knits - Kids,Style fashion,23/01/26,1.00,2400,0,0,0,Yes,True,2400.00,,SAYANTANI NANDI,30/07/26,0,2,-7,Yes,No,-7,-7,,2400,0,0,0,-,-,-,-,-,-,-,,-,-,-,-,-,-,-,-,-,-,-,-,-,-,-,-,-,-,-,-,-,-,-,-,-,-,-,-,-,-,-,-,-,-,-,-,-,-,-,-,-,-,-,-,-,-,-,-,-,-,-,-,-,-,-,-,-,-,-,-,-,-,-,-,-,-,-,-,-,-,-,0,0,0,0,0,0.00,0.00,0.00,,120.48,0,0
114,,04427/25-26,Demo-Demo-UP-HS-3373-0126,Knits - Kids,Style fashion,23/01/26,249.00,2400,2400,0,0,Yes,True,336000.00,,SAYANTANI NANDI,30/07/26,1,1,-18,Yes,Yes,-18,-18,,2400,0,0,0,-,-,-,-,-,-,-,,-,-,-,-,-,-,-,-,-,-,-,-,-,-,-,-,-,-,-,-,-,-,-,-,-,-,-,-,-,-,-,-,-,-,-,-,-,-,-,-,-,-,-,-,-,-,-,-,-,-,-,-,-,-,-,-,-,-,-,-,-,-,-,-,-,-,-,-,-,-,-,0,0,0,0,0,0.00,0.00,0.00,,125.99,0,0
23,,04472/25-26,Demo-Demo-WO-CA-SH-HS-RF-01114-0126,Woven,Raju mega amrt,23/01/26,219.00,7600,7600,0,0,Yes,True,980400.00,,MD SAMIM SK,30/04/26,1,1,14,Yes,Yes,14,14,,7600,0,0,0,23250,,,,,,,0.742,21710,,,,,,454908,7600.00,7344.00,14/03/2026,01/04/2026,11016.00,TIPL- LINE NO-6,256,18,-,-,-,-,-,-,0,0,-,-,-,-,-,-,0,0,7344.00,0.00,18/03/2026,-,-,TIPL- LINE NO-6,7344,21,-,-,-,-,-,-,0,0,-,-,-,-,-,-,0,0,-,-,-,-,-,-,0,0,-,-,-,-,-,-,0,0,50,42,18,39,-21,476618.00,11016.00,487634.00,66.40,0.00,-487634.00,0
114,,04421/25-26,Demo-JB-UP-HS-3367-0126,Knits - Kids,Style fashion,23/01/26,199.00,2400,2400,0,0,Yes,True,256800.00,,SAYANTANI NANDI,30/07/26,1,1,-18,Yes,Yes,-18,-18,,2400,0,0,0,-,-,-,-,-,-,-,,-,-,-,-,-,-,-,-,-,-,-,-,-,-,-,-,-,-,-,-,-,-,-,-,-,-,-,-,-,-,-,-,-,-,-,-,-,-,-,-,-,-,-,-,-,-,-,-,-,-,-,-,-,-,-,-,-,-,-,-,-,-,-,-,-,-,-,-,-,-,-,0,0,0,0,0,0.00,0.00,0.00,,96.58,0,0
114,,04444/25-26,Demo-Demo-UP-HS-3390-0126,Knits - Kids,Style fashion,23/01/26,157.00,2100,0,0,0,Yes,True,522900.00,,SAYANTANI NANDI,30/07/26,0,1,69,No,Yes,69,0,,2100,0,0,0,-,-,-,-,-,-,-,,-,-,-,-,-,-,-,-,-,-,-,-,-,-,-,-,-,-,-,-,-,-,-,-,-,-,-,-,-,-,-,-,-,-,-,-,-,-,-,-,-,-,-,-,-,-,-,-,-,-,-,-,-,-,-,-,-,-,-,-,-,-,-,-,-,-,-,-,-,-,-,0,0,0,0,0,0.00,0.00,0.00,,0.00,0,0
114,,04461/25-26,Demo-JB-UP-HS-3500-0126,Knits - Kids,Style fashion,23/01/26,199.00,2400,0,0,0,Yes,True,297600.00,,SAYANTANI NANDI,30/07/26,0,1,69,No,Yes,69,0,,2400,0,0,0,-,-,-,-,-,-,-,,-,-,-,-,-,-,-,-,-,-,-,-,-,-,-,-,-,-,-,-,-,-,-,-,-,-,-,-,-,-,-,-,-,-,-,-,-,-,-,-,-,-,-,-,-,-,-,-,-,-,-,-,-,-,-,-,-,-,-,-,-,-,-,-,-,-,-,-,-,-,-,0,0,0,0,0,0.00,0.00,0.00,,63.44,0,0
114,,04438/25-26,Demo-JB-UP-HS-3384-0126,Knits - Kids,Style fashion,23/01/26,199.00,3600,3600,0,0,Yes,True,432000.00,,SAYANTANI NANDI,30/07/26,1,1,-18,Yes,Yes,-18,-18,,3600,0,0,0,-,-,-,-,-,-,-,,-,-,-,-,-,-,-,-,-,-,-,-,-,-,-,-,-,-,-,-,-,-,-,-,-,-,-,-,-,-,-,-,-,-,-,-,-,-,-,-,-,-,-,-,-,-,-,-,-,-,-,-,-,-,-,-,-,-,-,-,-,-,-,-,-,-,-,-,-,-,-,0,0,0,0,0,0.00,0.00,0.00,,100.78,0,0
23,,04466/25-26,Demo-Demo-WO-CA-SH-HS-RF-01108-0126,Woven,Raju mega amrt,23/01/26,219.00,7600,7600,0,0,Yes,True,980400.00,,MD SAMIM SK,30/04/26,1,1,14,Yes,Yes,14,14,,7600,0,0,0,22850,,,,,,,0.766,21919,,,,,,4943,7600.00,6456.00,02/03/2026,27/03/2026,9684.00,SAHIN GARMENTS,1144,25,-,-,-,-,-,-,0,0,-,-,-,-,-,-,0,0,6456.00,0.00,05/03/2026,-,-,SAHIN GARMENTS,6456,34,-,-,-,-,-,-,0,0,-,-,-,-,-,-,0,0,-,-,-,-,-,-,0,0,-,-,-,-,-,-,0,0,35,42,25,59,-34,26862.00,9684.00,36546.00,4.90,0.00,-36546.00,0
114,,04434/25-26,Demo-JB-UP-HS-3380-0126,Knits - Kids,Style fashion,23/01/26,199.00,3600,3600,0,0,Yes,True,432000.00,,SAYANTANI NANDI,30/07/26,1,1,-7,Yes,Yes,-7,-7,,3600,0,0,0,-,-,-,-,-,-,-,,-,-,-,-,-,-,-,-,-,-,-,-,-,-,-,-,-,-,-,-,-,-,-,-,-,-,-,-,-,-,-,-,-,-,-,-,-,-,-,-,-,-,-,-,-,-,-,-,-,-,-,-,-,-,-,-,-,-,-,-,-,-,-,-,-,-,-,-,-,-,-,0,0,0,0,0,0.00,0.00,0.00,,57.98,0,0
114,,04458/25-26,Demo-Demo-UP-FS-3404-0126,Knits - Kids,Style fashion,23/01/26,1.00,2400,2400,0,0,Yes,True,2400.00,,SAYANTANI NANDI,30/07/26,1,2,-7,Yes,No,-7,-7,,2400,0,0,0,,,,855.4,,,,,,,,359935.2,,,,2400.00,0.00,30/03/2026,-,-,NOBLE ENTRRPRISE,2400,9,-,-,-,-,-,-,0,0,-,-,-,-,-,-,0,0,-,-,-,-,-,-,0,0,-,-,-,-,-,-,0,0,-,-,-,-,-,-,0,0,-,-,-,-,-,-,0,0,-,-,-,-,-,-,0,0,66,0,0,9,-9,359935.20,0.00,359935.20,149.97,195.28,-359935.20,0
53,,04475/25-26,Demo-Demo-WO-CA-SH-HS-RF-01117-0126,Woven,Raju mega amrt,23/01/26,319.00,7600,7600,0,0,Yes,True,1330000.00,,MD SAMIM SK,30/05/26,1,1,14,Yes,Yes,14,14,,7600,0,0,0,23450,,,,,,,,22808,,,,,,483336.25,7600.00,0.00,27/03/2026,-,-,TIPL- LINE NO-8,7600,12,-,-,-,-,-,-,0,0,-,-,-,-,-,-,0,0,-,-,-,-,-,-,0,0,-,-,-,-,-,-,0,0,-,-,-,-,-,-,0,0,-,-,-,-,-,-,0,0,-,-,-,-,-,-,0,0,60,62,0,12,-12,506144.25,0.00,506144.25,66.60,0.00,-506144.25,0
114,,04416/25-26,Demo-JB-UP-HS-3362-0126,Knits - Kids,Style fashion,23/01/26,199.00,2400,2400,0,0,Yes,True,256800.00,,SAYANTANI NANDI,30/07/26,1,1,-18,Yes,Yes,-18,-18,,2400,0,0,0,,,,313.2,,,,,,,,139487.4,,,,2400.00,0.00,30/03/2026,-,-,KK TAILOR,2400,9,-,-,-,-,-,-,0,0,-,-,-,-,-,-,0,0,-,-,-,-,-,-,0,0,-,-,-,-,-,-,0,0,-,-,-,-,-,-,0,0,-,-,-,-,-,-,0,0,-,-,-,-,-,-,0,0,66,0,0,9,-9,139487.40,0.00,139487.40,58.12,96.68,-139487.40,0
114,,04425/25-26,Demo-Demo-UP-HS-3371-0126,Knits - Kids,Style fashion,23/01/26,249.00,2400,2400,0,0,Yes,True,336000.00,,SAYANTANI NANDI,30/07/26,1,1,-18,Yes,Yes,-18,-18,,2400,0,0,0,-,-,-,-,-,-,-,,-,-,-,-,-,-,-,-,-,-,-,-,-,-,-,-,-,-,-,-,-,-,-,-,-,-,-,-,-,-,-,-,-,-,-,-,-,-,-,-,-,-,-,-,-,-,-,-,-,-,-,-,-,-,-,-,-,-,-,-,-,-,-,-,-,-,-,-,-,-,-,0,0,0,0,0,0.00,0.00,0.00,,125.99,0,0
479,,04419/25-26,Demo-JB-UP-HS-3365-0126,Knits - Kids,Style fashion,23/01/26,199.00,2400,2400,0,0,Yes,True,256800.00,,SAYANTANI NANDI,30/07/27,1,1,-18,Yes,Yes,-18,-18,,2400,0,0,0,,,,303.6,,,,,,,,132066,,,,2400.00,0.00,03/04/2026,-,-,KK TAILOR,2400,5,-,-,-,-,-,-,0,0,-,-,-,-,-,-,0,0,-,-,-,-,-,-,0,0,-,-,-,-,-,-,0,0,-,-,-,-,-,-,0,0,-,-,-,-,-,-,0,0,-,-,-,-,-,-,0,0,67,0,0,5,-5,132066.00,0.00,132066.00,55.03,96.58,-132066.00,0
-56,,04414/25-26,FU-JB-WO-CA-SH-HS-RF-01105-0126,Woven,Bihar fashion,23/01/26,299.00,432,432,0,0,Yes,True,79920.00,,Ananya Ghosh,10/02/26,1,1,2,Yes,No,2,2,,432,0,0,0,,,,,433,,,0.556,,,,,871.5,,42000,432.00,432.00,02/02/2026,26/02/2026,648.00,TIPL- LINE NO-6,0,24,-,-,-,-,-,-,0,0,-,-,-,-,-,-,0,0,432.00,432.00,26/02/2026,13/03/2026,14472.00,TIPL- LINE NO-6,0,15,-,-,-,-,-,-,0,0,-,-,-,-,-,-,0,0,430.00,0.00,28/03/2026,-,-,PAPAI GARMENTS,430,11,-,-,-,-,-,-,0,0,8,0,39,50,-11,42871.50,15120.00,57991.50,134.24,0.00,-57991.50,0
114,,04422/25-26,Demo-Demo-UP-HS-3368-0126,Knits - Kids,Style fashion,23/01/26,249.00,2400,2400,0,0,Yes,True,336000.00,,SAYANTANI NANDI,30/07/26,1,2,-18,Yes,Yes,-18,-18,,2400,0,0,0,-,-,-,-,-,-,-,,-,-,-,-,-,-,-,-,-,-,-,-,-,-,-,-,-,-,-,-,-,-,-,-,-,-,-,-,-,-,-,-,-,-,-,-,-,-,-,-,-,-,-,-,-,-,-,-,-,-,-,-,-,-,-,-,-,-,-,-,-,-,-,-,-,-,-,-,-,-,-,0,0,0,0,0,0.00,0.00,0.00,,125.99,0,0
114,,04431/25-26,Demo-BY-UP-HS-3377-0126,Knits - Kids,Style fashion,23/01/26,299.00,3600,0,0,0,Yes,True,626400.00,,SAYANTANI NANDI,30/07/26,0,2,8,Yes,No,8,8,,3600,0,0,0,-,-,-,-,-,-,-,,-,-,-,-,-,-,-,-,-,-,-,-,-,-,-,-,-,-,-,-,-,-,-,-,-,-,-,-,-,-,-,-,-,-,-,-,-,-,-,-,-,-,-,-,-,-,-,-,-,-,-,-,-,-,-,-,-,-,-,-,-,-,-,-,-,-,-,-,-,-,-,0,0,0,0,0,0.00,0.00,0.00,,138.53,0,0
114,,04428/25-26,Demo-Demo-UP-HS-3374-0126,Knits - Kids,Style fashion,23/01/26,249.00,2400,2400,0,0,Yes,True,336000.00,,SAYANTANI NANDI,30/07/26,1,1,-18,Yes,Yes,-18,-18,,2400,0,0,0,-,-,-,-,-,-,-,,-,-,-,-,-,-,-,-,-,-,-,-,-,-,-,-,-,-,-,-,-,-,-,-,-,-,-,-,-,-,-,-,-,-,-,-,-,-,-,-,-,-,-,-,-,-,-,-,-,-,-,-,-,-,-,-,-,-,-,-,-,-,-,-,-,-,-,-,-,-,-,0,0,0,0,0,0.00,0.00,0.00,,125.99,0,0
114,,04436/25-26,Demo-Demo-UP-HS-3382-0126,Knits - Kids,Style fashion,23/01/26,249.00,3600,3600,0,0,Yes,True,522000.00,,SAYANTANI NANDI,30/07/26,1,1,-7,Yes,Yes,-7,-7,,3600,0,0,0,-,-,-,-,-,-,-,,-,-,-,-,-,-,-,-,-,-,-,-,-,-,-,-,-,-,-,-,-,-,-,-,-,-,-,-,-,-,-,-,-,-,-,-,-,-,-,-,-,-,-,-,-,-,-,-,-,-,-,-,-,-,-,-,-,-,-,-,-,-,-,-,-,-,-,-,-,-,-,0,74,0,0,0,0.00,0.00,0.00,,0.00,0,0
114,,04439/25-26,Demo-JB-UP-HS-3385-0126,Knits - Kids,Style fashion,23/01/26,199.00,2400,0,0,0,Yes,True,297600.00,,SAYANTANI NANDI,30/07/26,0,1,-7,Yes,Yes,-7,-7,,2400,0,0,0,-,-,-,-,-,-,-,,-,-,-,-,-,-,-,-,-,-,-,-,-,-,-,-,-,-,-,-,-,-,-,-,-,-,-,-,-,-,-,-,-,-,-,-,-,-,-,-,-,-,-,-,-,-,-,-,-,-,-,-,-,-,-,-,-,-,-,-,-,-,-,-,-,-,-,-,-,-,-,48,0,0,0,0,0.00,0.00,0.00,,63.44,0,0
114,,04450/25-26,Demo-Demo-UP-FS-3396-0126,Knits - Kids,Style fashion,23/01/26,1.00,2400,0,0,0,Yes,True,2400.00,,SAYANTANI NANDI,30/07/26,0,2,-7,Yes,No,-7,-7,,2400,0,0,0,-,-,-,-,-,-,-,,-,-,-,-,-,-,-,-,-,-,-,-,-,-,-,-,-,-,-,-,-,-,-,-,-,-,-,-,-,-,-,-,-,-,-,-,-,-,-,-,-,-,-,-,-,-,-,-,-,-,-,-,-,-,-,-,-,-,-,-,-,-,-,-,-,-,-,-,-,-,-,0,0,0,0,0,0.00,0.00,0.00,,165.38,0,0
114,,04442/25-26,Demo-Demo-UP-HS-3388-0126,Knits - Kids,Style fashion,23/01/26,249.00,2400,0,0,0,Yes,True,362400.00,,SAYANTANI NANDI,30/07/26,0,1,-7,Yes,Yes,-7,-7,,2400,0,0,0,-,-,-,-,-,-,-,,-,-,-,-,-,-,-,-,-,-,-,-,-,-,-,-,-,-,-,-,-,-,-,-,-,-,-,-,-,-,-,-,-,-,-,-,-,-,-,-,-,-,-,-,-,-,-,-,-,-,-,-,-,-,-,-,-,-,-,-,-,-,-,-,-,-,-,-,-,-,-,47,0,0,0,0,0.00,0.00,0.00,,132.57,0,0
114,,04459/25-26,Demo-Demo-UP-HS-3498-0126,Knits - Kids,Style fashion,23/01/26,249.00,3600,3600,0,0,Yes,True,522000.00,,SAYANTANI NANDI,30/07/26,1,1,-18,Yes,Yes,-18,-18,,3600,0,0,0,-,-,-,-,-,-,-,,-,-,-,-,-,-,-,-,-,-,-,-,-,-,-,-,-,-,-,-,-,-,-,-,-,-,-,-,-,-,-,-,-,-,-,-,-,-,-,-,-,-,-,-,-,-,-,-,-,-,-,-,-,-,-,-,-,-,-,-,-,-,-,-,-,-,-,-,-,-,-,0,74,0,0,0,0.00,0.00,0.00,,57.98,0,0
114,,04456/25-26,Demo-JB-UP-FS-3402-0126,Knits - Kids,Style fashion,23/01/26,1.00,2400,2400,0,0,Yes,True,2400.00,,SAYANTANI NANDI,30/07/26,1,2,-7,Yes,Yes,-7,-7,,2400,0,0,0,,,,472.89,,,,,,,,210103.27,,,,2400.00,0.00,30/03/2026,-,-,NOBLE ENTRRPRISE,2400,9,-,-,-,-,-,-,0,0,-,-,-,-,-,-,0,0,-,-,-,-,-,-,0,0,-,-,-,-,-,-,0,0,-,-,-,-,-,-,0,0,-,-,-,-,-,-,0,0,-,-,-,-,-,-,0,0,66,0,0,9,-9,210103.27,0.00,210103.27,87.54,137.58,-210103.27,0
114,,04453/25-26,Demo-Demo-UP-FS-3399-0126,Knits - Kids,Style fashion,23/01/26,1.00,2400,2400,0,0,Yes,True,2400.00,,SAYANTANI NANDI,30/07/26,1,2,-7,Yes,Yes,-7,-7,,2400,0,0,0,,,,788.48,,,,,,,,378470.4,,,,2400.00,0.00,30/03/2026,-,-,GOTEX  APPARDemoS  PVT.  LTD.,2400,9,-,-,-,-,-,-,0,0,-,-,-,-,-,-,0,0,-,-,-,-,-,-,0,0,-,-,-,-,-,-,0,0,-,-,-,-,-,-,0,0,-,-,-,-,-,-,0,0,-,-,-,-,-,-,0,0,66,74,0,9,-9,378470.40,0.00,378470.40,157.70,196.73,-378470.40,0
-20,,04464/25-26,Demo-MU-KN-CA-TS-SL-SF-0100-0126,Knits - Men,Style fashion,23/01/26,299.00,2400,2400,0,0,Yes,True,408000.00,,Saikat Kr Das,18/03/26,1,1,1,Yes,Yes,1,1,,2400,0,0,0,,,,693.79,,,,0.288,,,,277516,,,,2400.00,2412.00,12/03/2026,16/03/2026,2412.00,"KNITS CUTTING (BLOCK- 4, 1ST FLOOR)",0,4,-,-,-,-,-,-,0,0,2412.00,0.00,02/04/2026,-,-,SHAHBAZ ALAM,2412,6,-,-,-,-,-,-,0,0,-,-,-,-,-,-,0,0,-,-,-,-,-,-,0,0,-,-,-,-,-,-,0,0,-,-,-,-,-,-,0,0,35,35,4,10,-6,277516.00,2412.00,279928.00,116.06,0.00,-279928.00,0
53,,04473/25-26,Demo-Demo-WO-CA-SH-HS-RF-01115-0126,Woven,Raju mega amrt,23/01/26,219.00,11400,0,0,0,Yes,True,1470600.00,,MD SAMIM SK,30/05/26,0,1,52,Yes,Yes,52,52,,11400,0,0,0,-,-,-,-,-,-,-,,-,-,-,-,-,-,-,-,-,-,-,-,-,-,-,-,-,-,-,-,-,-,-,-,-,-,-,-,-,-,-,-,-,-,-,-,-,-,-,-,-,-,-,-,-,-,-,-,-,-,-,-,-,-,-,-,-,-,-,-,-,-,-,-,-,-,-,-,-,-,-,67,0,0,0,0,0.00,0.00,0.00,,0.00,0,0
53,,04476/25-26,Demo-Demo-WO-CA-SH-HS-RF-01118-0126,Woven,Raju mega amrt,23/01/26,319.00,7600,7600,0,0,Yes,True,1330000.00,,MD SAMIM SK,30/05/26,1,1,14,Yes,Yes,14,14,,7600,0,0,0,23450,,,,,,,0.79,20208,,,,,,503832.5,7600.00,6712.00,27/03/2026,06/04/2026,10068.00,TIPL- LINE NO-8,888,10,-,-,-,-,-,-,0,0,-,-,-,-,-,-,0,0,6712.00,0.00,30/03/2026,-,-,TIPL- LINE NO-8,6712,9,-,-,-,-,-,-,0,0,-,-,-,-,-,-,0,0,-,-,-,-,-,-,0,0,-,-,-,-,-,-,0,0,54,62,10,19,-9,524040.50,10068.00,534108.50,79.58,0.00,-534108.50,0
-56,,04415/25-26,FU-JB-WO-CA-SH-HS-RF-01106-0126,Woven,Bihar fashion,23/01/26,399.00,436,436,0,0,Yes,True,102460.00,,Ananya Ghosh,10/02/26,1,1,2,Yes,No,2,2,,436,0,0,0,,,,,454,,,0.557,,,,,958.5,,42525,436.00,436.00,02/02/2026,26/02/2026,654.00,TIPL- LINE NO-6,0,24,-,-,-,-,-,-,0,0,-,-,-,-,-,-,0,0,436.00,436.00,26/02/2026,13/03/2026,14606.00,TIPL- LINE NO-6,0,15,-,-,-,-,-,-,0,0,-,-,-,-,-,-,0,0,434.00,0.00,28/03/2026,-,-,PAPAI GARMENTS,434,11,-,-,-,-,-,-,0,0,7,0,39,50,-11,43483.50,15260.00,58743.50,134.73,0.00,-58743.50,0
114,,04418/25-26,Demo-JB-UP-HS-3364-0126,Knits - Kids,Style fashion,23/01/26,199.00,2400,2400,0,0,Yes,True,256800.00,,SAYANTANI NANDI,30/07/26,1,1,-18,Yes,Yes,-18,-18,,2400,0,0,0,,,,307.3,,,,,,,,140593.5,,,,2400.00,0.00,03/04/2026,-,-,KK TAILOR,2400,5,-,-,-,-,-,-,0,0,-,-,-,-,-,-,0,0,-,-,-,-,-,-,0,0,-,-,-,-,-,-,0,0,-,-,-,-,-,-,0,0,-,-,-,-,-,-,0,0,-,-,-,-,-,-,0,0,67,0,0,5,-5,140593.50,0.00,140593.50,58.58,96.58,-140593.50,0
114,,04429/25-26,Demo-Demo-UP-HS-3375-0126,Knits - Kids,Style fashion,23/01/26,249.00,2400,2400,0,0,Yes,True,336000.00,,SAYANTANI NANDI,30/07/26,1,1,-18,Yes,Yes,-18,-18,,2400,0,0,0,-,-,-,-,-,-,-,,-,-,-,-,-,-,-,-,-,-,-,-,-,-,-,-,-,-,-,-,-,-,-,-,-,-,-,-,-,-,-,-,-,-,-,-,-,-,-,-,-,-,-,-,-,-,-,-,-,-,-,-,-,-,-,-,-,-,-,-,-,-,-,-,-,-,-,-,-,-,-,0,0,0,0,0,0.00,0.00,0.00,,125.99,0,0
114,,04426/25-26,Demo-Demo-UP-HS-3372-0126,Knits - Kids,Style fashion,23/01/26,249.00,2400,2400,0,0,Yes,True,336000.00,,SAYANTANI NANDI,30/07/26,1,2,-18,Yes,Yes,-18,-18,,2400,0,0,0,-,-,-,-,-,-,-,,-,-,-,-,-,-,-,-,-,-,-,-,-,-,-,-,-,-,-,-,-,-,-,-,-,-,-,-,-,-,-,-,-,-,-,-,-,-,-,-,-,-,-,-,-,-,-,-,-,-,-,-,-,-,-,-,-,-,-,-,-,-,-,-,-,-,-,-,-,-,-,0,0,0,0,0,0.00,0.00,0.00,,125.99,0,0
114,,04432/25-26,Demo-BY-UP-HS-3378-0126,Knits - Kids,Style fashion,23/01/26,299.00,3600,0,0,0,Yes,True,626400.00,,SAYANTANI NANDI,30/07/26,0,2,8,Yes,No,8,8,,3600,0,0,0,-,-,-,-,-,-,-,,-,-,-,-,-,-,-,-,-,-,-,-,-,-,-,-,-,-,-,-,-,-,-,-,-,-,-,-,-,-,-,-,-,-,-,-,-,-,-,-,-,-,-,-,-,-,-,-,-,-,-,-,-,-,-,-,-,-,-,-,-,-,-,-,-,-,-,-,-,-,-,0,0,0,0,0,0.00,0.00,0.00,,138.53,0,0
114,,04443/25-26,Demo-Demo-UP-HS-3389-0126,Knits - Kids,Style fashion,23/01/26,249.00,2400,0,0,0,Yes,True,362400.00,,SAYANTANI NANDI,30/07/26,0,1,-7,Yes,Yes,-7,-7,,2400,0,0,0,-,-,-,-,-,-,-,,-,-,-,-,-,-,-,-,-,-,-,-,-,-,-,-,-,-,-,-,-,-,-,-,-,-,-,-,-,-,-,-,-,-,-,-,-,-,-,-,-,-,-,-,-,-,-,-,-,-,-,-,-,-,-,-,-,-,-,-,-,-,-,-,-,-,-,-,-,-,-,47,0,0,0,0,0.00,0.00,0.00,,132.57,0,0
114,,04440/25-26,Demo-Demo-UP-HS-3386-0126,Knits - Kids,Style fashion,23/01/26,199.00,2400,0,0,0,Yes,True,297600.00,,SAYANTANI NANDI,30/07/26,0,1,-7,Yes,No,-7,-7,,2400,0,0,0,-,-,-,-,-,-,-,,-,-,-,-,-,-,-,-,-,-,-,-,-,-,-,-,-,-,-,-,-,-,-,-,-,-,-,-,-,-,-,-,-,-,-,-,-,-,-,-,-,-,-,-,-,-,-,-,-,-,-,-,-,-,-,-,-,-,-,-,-,-,-,-,-,-,-,-,-,-,-,48,0,0,0,0,0.00,0.00,0.00,,63.44,0,0
114,,04446/25-26,Demo-Demo-UP-HS-3392-0126,Knits - Kids,Style fashion,23/01/26,157.00,2100,0,0,0,Yes,True,522900.00,,SAYANTANI NANDI,30/07/26,0,1,69,No,Yes,69,0,,2100,0,0,0,-,-,-,-,-,-,-,,-,-,-,-,-,-,-,-,-,-,-,-,-,-,-,-,-,-,-,-,-,-,-,-,-,-,-,-,-,-,-,-,-,-,-,-,-,-,-,-,-,-,-,-,-,-,-,-,-,-,-,-,-,-,-,-,-,-,-,-,-,-,-,-,-,-,-,-,-,-,-,0,0,0,0,0,0.00,0.00,0.00,,0.00,0,0
114,,04452/25-26,Demo-JB-UP-FS-3398-0126,Knits - Kids,Style fashion,23/01/26,1.00,2400,2400,0,0,Yes,True,2400.00,,SAYANTANI NANDI,30/07/26,1,2,-7,Yes,Yes,-7,-7,,2400,0,0,0,,,,498.42,,,,,,,,190813.9,,,,2400.00,0.00,30/03/2026,-,-,GOTEX  APPARDemoS  PVT.  LTD.,2400,9,-,-,-,-,-,-,0,0,-,-,-,-,-,-,0,0,-,-,-,-,-,-,0,0,-,-,-,-,-,-,0,0,-,-,-,-,-,-,0,0,-,-,-,-,-,-,0,0,-,-,-,-,-,-,0,0,66,74,0,9,-9,190813.90,0.00,190813.90,79.51,144.93,-190813.90,0
114,,04449/25-26,Demo-Demo-UP-FS-3395-0126,Knits - Kids,Style fashion,23/01/26,1.00,2400,0,0,0,Yes,True,2400.00,,SAYANTANI NANDI,30/07/26,0,2,-7,Yes,No,-7,-7,,2400,0,0,0,-,-,-,-,-,-,-,,-,-,-,-,-,-,-,-,-,-,-,-,-,-,-,-,-,-,-,-,-,-,-,-,-,-,-,-,-,-,-,-,-,-,-,-,-,-,-,-,-,-,-,-,-,-,-,-,-,-,-,-,-,-,-,-,-,-,-,-,-,-,-,-,-,-,-,-,-,-,-,0,0,0,0,0,0.00,0.00,0.00,,165.38,0,0
53,,04465/25-26,Demo-Demo-WO-CA-SH-HS-RF-01107-0126,Woven,Raju mega amrt,23/01/26,219.00,7600,7600,0,0,Yes,True,980400.00,,MD SAMIM SK,30/05/26,1,1,14,Yes,Yes,14,14,,7600,0,0,0,23026,,,,,,,0.753,21126,,,,,,418889.63,7600.00,6824.00,16/03/2026,04/04/2026,10236.00,TIPL- LINE NO-9,776,19,-,-,-,-,-,-,0,0,-,-,-,-,-,-,0,0,6824.00,0.00,18/03/2026,-,-,"TIPL- LINE NO-6, TIPL- LINE NO-9",6824,21,-,-,-,-,-,-,0,0,-,-,-,-,-,-,0,0,-,-,-,-,-,-,0,0,-,-,-,-,-,-,0,0,49,55,19,40,-21,440015.63,10236.00,450251.63,65.98,0.00,-450251.63,0
54,,04470/25-26,Demo-Demo-WO-CA-SH-HS-RF-01112-0126,Woven,Raju mega amrt,23/01/26,219.00,11400,11400,0,0,Yes,True,1470600.00,,MD SAMIM SK,31/05/26,1,1,67,No,Yes,67,0,,11400,0,0,0,20276,,,,3500,,,,28484,,,,6695,,,-,-,-,-,-,-,-,-,-,-,-,-,-,-,-,-,-,-,-,-,-,-,-,-,-,-,-,-,-,-,-,-,-,-,-,-,-,-,-,-,-,-,-,-,-,-,-,-,-,-,-,-,-,-,-,-,-,-,-,-,-,-,-,-,0,74,0,0,0,35179.00,0.00,35179.00,0.00,0.00,-35179.00,0
114,,04460/25-26,Demo-Demo-UP-HS-3499-0126,Knits - Kids,Style fashion,23/01/26,249.00,3600,3600,0,0,Yes,True,522000.00,,SAYANTANI NANDI,30/07/26,1,1,-18,Yes,Yes,-18,-18,,3600,0,0,0,-,-,-,-,-,-,-,,-,-,-,-,-,-,-,-,-,-,-,-,-,-,-,-,-,-,-,-,-,-,-,-,-,-,-,-,-,-,-,-,-,-,-,-,-,-,-,-,-,-,-,-,-,-,-,-,-,-,-,-,-,-,-,-,-,-,-,-,-,-,-,-,-,-,-,-,-,-,-,0,0,0,0,0,0.00,0.00,0.00,,57.98,0,0
114,,04417/25-26,Demo-JB-UP-HS-3363-0126,Knits - Kids,Style fashion,23/01/26,199.00,2400,2400,0,0,Yes,True,256800.00,,SAYANTANI NANDI,30/07/26,1,1,-18,Yes,Yes,-18,-18,,2400,0,0,0,,,,311.75,,,,,,,,139021.25,,,,2400.00,0.00,30/03/2026,-,-,KK TAILOR,2400,9,-,-,-,-,-,-,0,0,-,-,-,-,-,-,0,0,-,-,-,-,-,-,0,0,-,-,-,-,-,-,0,0,-,-,-,-,-,-,0,0,-,-,-,-,-,-,0,0,-,-,-,-,-,-,0,0,66,0,0,9,-9,139021.25,0.00,139021.25,57.93,96.68,-139021.25,0
114,,04420/25-26,Demo-JB-UP-HS-3366-0126,Knits - Kids,Style fashion,23/01/26,199.00,2400,2400,0,0,Yes,True,256800.00,,SAYANTANI NANDI,30/07/26,1,1,-18,Yes,Yes,-18,-18,,2400,0,0,0,-,-,-,-,-,-,-,,-,-,-,-,-,-,-,-,-,-,-,-,-,-,-,-,-,-,-,-,-,-,-,-,-,-,-,-,-,-,-,-,-,-,-,-,-,-,-,-,-,-,-,-,-,-,-,-,-,-,-,-,-,-,-,-,-,-,-,-,-,-,-,-,-,-,-,-,-,-,-,0,0,0,0,0,0.00,0.00,0.00,,96.58,0,0
114,,04423/25-26,Demo-Demo-UP-HS-3369-0126,Knits - Kids,Style fashion,23/01/26,249.00,2400,2400,0,0,Yes,True,336000.00,,SAYANTANI NANDI,30/07/26,1,2,-18,Yes,Yes,-18,-18,,2400,0,0,0,-,-,-,-,-,-,-,,-,-,-,-,-,-,-,-,-,-,-,-,-,-,-,-,-,-,-,-,-,-,-,-,-,-,-,-,-,-,-,-,-,-,-,-,-,-,-,-,-,-,-,-,-,-,-,-,-,-,-,-,-,-,-,-,-,-,-,-,-,-,-,-,-,-,-,-,-,-,-,0,0,0,0,0,0.00,0.00,0.00,,125.99,0,0
114,,04437/25-26,Demo-JB-UP-HS-3383-0126,Knits - Kids,Style fashion,23/01/26,199.00,3600,3600,0,0,Yes,True,432000.00,,SAYANTANI NANDI,30/07/26,1,1,-18,Yes,Yes,-18,-18,,3600,0,0,0,-,-,-,-,-,-,-,,-,-,-,-,-,-,-,-,-,-,-,-,-,-,-,-,-,-,-,-,-,-,-,-,-,-,-,-,-,-,-,-,-,-,-,-,-,-,-,-,-,-,-,-,-,-,-,-,-,-,-,-,-,-,-,-,-,-,-,-,-,-,-,-,-,-,-,-,-,-,-,0,74,0,0,0,0.00,0.00,0.00,,100.78,0,0
114,,04445/25-26,Demo-Demo-UP-HS-3391-0126,Knits - Kids,Style fashion,23/01/26,157.00,2100,0,0,0,Yes,True,522900.00,,SAYANTANI NANDI,30/07/26,0,1,69,No,Yes,69,0,,2100,0,0,0,-,-,-,-,-,-,-,,-,-,-,-,-,-,-,-,-,-,-,-,-,-,-,-,-,-,-,-,-,-,-,-,-,-,-,-,-,-,-,-,-,-,-,-,-,-,-,-,-,-,-,-,-,-,-,-,-,-,-,-,-,-,-,-,-,-,-,-,-,-,-,-,-,-,-,-,-,-,-,0,0,0,0,0,0.00,0.00,0.00,,0.00,0,0
114,,04448/25-26,Demo-JB-UP-FS-3394-0126,Knits - Kids,Style fashion,23/01/26,1.00,2400,0,0,0,Yes,True,2400.00,,SAYANTANI NANDI,30/07/26,0,2,-7,Yes,No,-7,-7,,2400,0,0,0,-,-,-,-,-,-,-,,-,-,-,-,-,-,-,-,-,-,-,-,-,-,-,-,-,-,-,-,-,-,-,-,-,-,-,-,-,-,-,-,-,-,-,-,-,-,-,-,-,-,-,-,-,-,-,-,-,-,-,-,-,-,-,-,-,-,-,-,-,-,-,-,-,-,-,-,-,-,-,0,0,0,0,0,0.00,0.00,0.00,,120.48,0,0
114,,04454/25-26,Demo-Demo-UP-FS-3400-0126,Knits - Kids,Style fashion,23/01/26,1.00,2400,2400,0,0,Yes,True,2400.00,,SAYANTANI NANDI,30/07/26,1,2,-7,Yes,No,-7,-7,,2400,0,0,0,,,,804.73,,,,,,,,351787.98,,,,2400.00,0.00,30/03/2026,-,-,GOTEX  APPARDemoS  PVT.  LTD.,2400,9,-,-,-,-,-,-,0,0,-,-,-,-,-,-,0,0,-,-,-,-,-,-,0,0,-,-,-,-,-,-,0,0,-,-,-,-,-,-,0,0,-,-,-,-,-,-,0,0,-,-,-,-,-,-,0,0,66,0,0,9,-9,351787.98,0.00,351787.98,146.58,196.73,-351787.98,0
114,,04451/25-26,Demo-JB-UP-FS-3397-0126,Knits - Kids,Style fashion,23/01/26,1.00,2400,2400,0,0,Yes,True,2400.00,,SAYANTANI NANDI,30/07/26,1,2,-7,Yes,Yes,-7,-7,,2400,0,0,0,,,,496.68,,,,,,,,208342,,,,2400.00,0.00,30/03/2026,-,-,GOTEX  APPARDemoS  PVT.  LTD.,2400,9,-,-,-,-,-,-,0,0,-,-,-,-,-,-,0,0,-,-,-,-,-,-,0,0,-,-,-,-,-,-,0,0,-,-,-,-,-,-,0,0,-,-,-,-,-,-,0,0,-,-,-,-,-,-,0,0,66,74,0,9,-9,208342.00,0.00,208342.00,86.81,144.93,-208342.00,0
-20,,04462/25-26,Demo-MU-KN-CA-TS-SL-SF-0098-0126,Knits - Men,Style fashion,23/01/26,299.00,2400,2400,0,0,Yes,True,408000.00,,Saikat Kr Das,18/03/26,1,1,1,Yes,Yes,1,1,,2400,0,0,0,,,,718.58,,,,0.304,,,,204795.3,,,,2400.00,2364.00,12/03/2026,16/03/2026,2364.00,"KNITS CUTTING (BLOCK- 4, 1ST FLOOR)",36,4,-,-,-,-,-,-,0,0,2364.00,2364.00,23/03/2026,06/04/2026,35460.00,SHAHBAZ ALAM,0,14,-,-,-,-,-,-,0,0,-,-,-,-,-,-,0,0,-,-,-,-,-,-,0,0,-,-,-,-,-,-,0,0,-,-,-,-,-,-,0,0,35,35,25,18,7,204795.30,37824.00,242619.30,102.63,0.00,-242619.30,0
-20,,04463/25-26,Demo-MU-KN-CA-TS-SL-SF-0099-0126,Knits - Men,Style fashion,23/01/26,299.00,2400,2400,0,0,Yes,True,408000.00,,Saikat Kr Das,18/03/26,1,1,1,Yes,Yes,1,1,,2400,0,0,0,,,,711.57,,,,0.299,,,,291402.15,,,,2400.00,2376.00,14/03/2026,16/03/2026,2376.00,"KNITS CUTTING (BLOCK- 4, 1ST FLOOR)",24,2,-,-,-,-,-,-,0,0,-,-,-,-,-,-,0,0,-,-,-,-,-,-,0,0,-,-,-,-,-,-,0,0,-,-,-,-,-,-,0,0,-,-,-,-,-,-,0,0,-,-,-,-,-,-,0,0,35,35,2,2,0,291402.15,2376.00,293778.15,123.64,0.00,-293778.15,0
114,,04457/25-26,Demo-Demo-UP-FS-3403-0126,Knits - Kids,Style fashion,23/01/26,1.00,2400,2400,0,0,Yes,True,2400.00,,SAYANTANI NANDI,30/07/26,1,2,-7,Yes,No,-7,-7,,2400,0,0,0,,,,851.67,,,,,,,,324937.86,,,,2400.00,0.00,30/03/2026,-,-,NOBLE ENTRRPRISE,2400,9,-,-,-,-,-,-,0,0,-,-,-,-,-,-,0,0,-,-,-,-,-,-,0,0,-,-,-,-,-,-,0,0,-,-,-,-,-,-,0,0,-,-,-,-,-,-,0,0,-,-,-,-,-,-,0,0,66,0,0,9,-9,324937.86,0.00,324937.86,135.39,195.28,-324937.86,0
54,,04471/25-26,Demo-Demo-WO-CA-SH-HS-RF-01113-0126,Woven,Raju mega amrt,23/01/26,219.00,11400,0,0,0,Yes,True,1995000.00,,MD SAMIM SK,31/05/26,0,1,52,Yes,Yes,52,52,,11400,0,0,0,-,-,-,-,-,-,-,,-,-,-,-,-,-,-,-,-,-,-,-,-,-,-,-,-,-,-,-,-,-,-,-,-,-,-,-,-,-,-,-,-,-,-,-,-,-,-,-,-,-,-,-,-,-,-,-,-,-,-,-,-,-,-,-,-,-,-,-,-,-,-,-,-,-,-,-,-,-,-,67,0,0,0,0,0.00,0.00,0.00,,0.00,0,0
23,,04469/25-26,Demo-Demo-WO-CA-SH-HS-RF-01111-0126,Woven,Raju mega amrt,23/01/26,219.00,7600,0,0,0,Yes,True,980400.00,,MD SAMIM SK,30/04/26,0,1,14,Yes,Yes,14,14,,7600,0,0,0,-,-,-,-,-,-,-,,-,-,-,-,-,-,-,-,-,-,-,-,-,-,-,-,-,-,-,-,-,-,-,-,-,-,-,-,-,-,-,-,-,-,-,-,-,-,-,-,-,-,-,-,-,-,-,-,-,-,-,-,-,-,-,-,-,-,-,-,-,-,-,-,-,-,-,-,-,-,-,0,42,0,0,0,0.00,0.00,0.00,,0.00,0,0
53,,04474/25-26,Demo-Demo-WO-CA-SH-HS-RF-01116-0126,Woven,Raju mega amrt,23/01/26,219.00,11400,0,0,0,Yes,True,1470600.00,,MD SAMIM SK,30/05/26,0,1,43,Yes,Yes,43,52,,11400,0,0,0,-,-,-,-,-,-,-,,-,-,-,-,-,-,-,-,-,-,-,-,-,-,-,-,-,-,-,-,-,-,-,-,-,-,-,-,-,-,-,-,-,-,-,-,-,-,-,-,-,-,-,-,-,-,-,-,-,-,-,-,-,-,-,-,-,-,-,-,-,-,-,-,-,-,-,-,-,-,-,67,54,0,0,0,0.00,0.00,0.00,,0.00,0,0
-56,,04478/25-26,Demo-LG-Demo-WO-CA-SH-FS-RF-01119-0126,Woven,HOME2,24/01/26,399.00,1900,1900,0,0,Yes,True,437000.00,,Ananya Ghosh,10/02/26,1,1,14,Yes,No,14,14,,1900,0,0,0,,,,,,,1785.3,1.014,,,,,,,232089,1900.00,1760.00,07/02/2026,07/02/2026,2640.00,TIPL- LINE NO-8,140,1,-,-,-,-,-,-,0,0,-,-,-,-,-,-,0,0,1760.00,1760.00,07/02/2026,19/02/2026,69520.00,TIPL- LINE NO-8,0,12,-,-,-,-,-,-,0,0,1760.00,1760.00,19/02/2026,20/02/2026,10560.00,SUBHAJIT WASH,0,1,-,-,-,-,-,-,0,0,-,-,-,-,-,-,0,0,14,0,13,14,-1,232089.00,82720.00,314809.00,178.87,0.00,-314809.00,0
23,,04477/25-26,EB-IN-WO-CA-SH-HS-RF-01051-1225,Woven,intrn lmtd,24/01/26,299.00,1040,0,0,0,Yes,True,156000.00,,Samim Hossain,30/04/26,0,1,,No,No,,0,,1040,0,0,0,-,-,-,-,-,-,-,,-,-,-,-,-,-,-,-,-,-,-,-,-,-,-,-,-,-,-,-,-,-,-,-,-,-,-,-,-,-,-,-,-,-,-,-,-,-,-,-,-,-,-,-,-,-,-,-,-,-,-,-,-,-,-,-,-,-,-,-,-,-,-,-,-,-,-,-,-,-,-,0,0,0,0,0,0.00,0.00,0.00,,0.00,0,0
150,,04483/25-26,Demo-MU-KN-CA-TS-FS-RF-0117-0126,Knits - Men,Style fashion,27/01/26,399.00,3600,0,0,0,Yes,True,871200.00,,Saikat Kr Das,04/09/26,0,1,2,Yes,No,2,2,,3600,0,0,0,-,-,-,-,-,-,-,,-,-,-,-,-,-,-,-,-,-,-,-,-,-,-,-,-,-,-,-,-,-,-,-,-,-,-,-,-,-,-,-,-,-,-,-,-,-,-,-,-,-,-,-,-,-,-,-,-,-,-,-,-,-,-,-,-,-,-,-,-,-,-,-,-,-,-,-,-,-,-,0,0,0,0,0,0.00,0.00,0.00,,0.00,0,0
150,,04486/25-26,Demo-MU-KN-CA-TS-FS-RF-0120-0126,Knits - Men,Style fashion,27/01/26,399.00,3600,0,0,0,Yes,True,871200.00,,Saikat Kr Das,04/09/26,0,1,2,Yes,No,2,2,,3600,0,0,0,-,-,-,-,-,-,-,,-,-,-,-,-,-,-,-,-,-,-,-,-,-,-,-,-,-,-,-,-,-,-,-,-,-,-,-,-,-,-,-,-,-,-,-,-,-,-,-,-,-,-,-,-,-,-,-,-,-,-,-,-,-,-,-,-,-,-,-,-,-,-,-,-,-,-,-,-,-,-,0,0,0,0,0,0.00,0.00,0.00,,0.00,0,0
150,,04485/25-26,Demo-MU-KN-CA-TS-FS-RF-0119-0126,Knits - Men,Style fashion,27/01/26,399.00,3600,0,0,0,Yes,True,871200.00,,Saikat Kr Das,04/09/26,0,1,2,Yes,No,2,2,,3600,0,0,0,-,-,-,-,-,-,-,,-,-,-,-,-,-,-,-,-,-,-,-,-,-,-,-,-,-,-,-,-,-,-,-,-,-,-,-,-,-,-,-,-,-,-,-,-,-,-,-,-,-,-,-,-,-,-,-,-,-,-,-,-,-,-,-,-,-,-,-,-,-,-,-,-,-,-,-,-,-,-,0,0,0,0,0,0.00,0.00,0.00,,0.00,0,0
150,,04482/25-26,Demo-MU-KN-CA-TS-FS-RF-0116-0126,Knits - Men,Style fashion,27/01/26,399.00,3600,0,0,0,Yes,True,871200.00,,Saikat Kr Das,04/09/26,0,1,2,Yes,No,2,2,,3600,0,0,0,-,-,-,-,-,-,-,,-,-,-,-,-,-,-,-,-,-,-,-,-,-,-,-,-,-,-,-,-,-,-,-,-,-,-,-,-,-,-,-,-,-,-,-,-,-,-,-,-,-,-,-,-,-,-,-,-,-,-,-,-,-,-,-,-,-,-,-,-,-,-,-,-,-,-,-,-,-,-,0,0,0,0,0,0.00,0.00,0.00,,0.00,0,0
161,,04487/25-26,Demo-MU-KN-CA-TS-FS-RF-0121-0126,Knits - Men,Style fashion,27/01/26,299.00,4000,0,0,0,Yes,True,580000.00,,Saikat Kr Das,15/09/26,0,1,4,Yes,No,4,4,,4000,0,0,0,-,-,-,-,-,-,-,,-,-,-,-,-,-,-,-,-,-,-,-,-,-,-,-,-,-,-,-,-,-,-,-,-,-,-,-,-,-,-,-,-,-,-,-,-,-,-,-,-,-,-,-,-,-,-,-,-,-,-,-,-,-,-,-,-,-,-,-,-,-,-,-,-,-,-,-,-,-,-,0,0,0,0,0,0.00,0.00,0.00,,0.00,0,0
150,,04484/25-26,Demo-MU-KN-CA-TS-FS-RF-0118-0126,Knits - Men,Style fashion,27/01/26,399.00,3600,0,0,0,Yes,True,871200.00,,Saikat Kr Das,04/09/26,0,1,2,Yes,No,2,2,,3600,0,0,0,-,-,-,-,-,-,-,,-,-,-,-,-,-,-,-,-,-,-,-,-,-,-,-,-,-,-,-,-,-,-,-,-,-,-,-,-,-,-,-,-,-,-,-,-,-,-,-,-,-,-,-,-,-,-,-,-,-,-,-,-,-,-,-,-,-,-,-,-,-,-,-,-,-,-,-,-,-,-,0,0,0,0,0,0.00,0.00,0.00,,0.00,0,0
150,,04481/25-26,Demo-MU-KN-CA-TS-HS-RF-0115-0126,Knits - Men,Style fashion,27/01/26,399.00,3600,0,0,0,Yes,True,871200.00,,Saikat Kr Das,04/09/26,0,1,2,Yes,No,2,2,,3600,0,0,0,-,-,-,-,-,-,-,,-,-,-,-,-,-,-,-,-,-,-,-,-,-,-,-,-,-,-,-,-,-,-,-,-,-,-,-,-,-,-,-,-,-,-,-,-,-,-,-,-,-,-,-,-,-,-,-,-,-,-,-,-,-,-,-,-,-,-,-,-,-,-,-,-,-,-,-,-,-,-,0,0,0,0,0,0.00,0.00,0.00,,0.00,0,0
13,,04494/25-26,Demo-MU-KN-CA-TS-HS-SF-0137-0126,Knits - Men,Style fashion,28/01/26,199.00,5000,6000,0,0,Yes,True,625000.00,,Saikat Kr Das,20/04/26,1,1,1,Yes,No,1,1,,5000,0,0,0,-,-,-,-,-,-,-,,-,-,-,-,-,-,-,-,-,-,-,-,-,-,-,-,-,-,-,-,-,-,-,-,-,-,-,-,-,-,-,-,-,-,-,-,-,-,-,-,-,-,-,-,-,-,-,-,-,-,-,-,-,-,-,-,-,-,-,-,-,-,-,-,-,-,-,-,-,-,-,62,0,0,0,0,0.00,0.00,0.00,,0.00,0,0
140,,04506/25-26,Demo-MU-KN-CA-TS-FS-SF-0149-0126,Knits - Men,Style fashion,28/01/26,199.00,3000,0,0,0,Yes,True,375000.00,,Saikat Kr Das,25/08/26,0,1,1,Yes,No,1,1,,3000,0,0,0,-,-,-,-,-,-,-,,-,-,-,-,-,-,-,-,-,-,-,-,-,-,-,-,-,-,-,-,-,-,-,-,-,-,-,-,-,-,-,-,-,-,-,-,-,-,-,-,-,-,-,-,-,-,-,-,-,-,-,-,-,-,-,-,-,-,-,-,-,-,-,-,-,-,-,-,-,-,-,59,0,0,0,0,0.00,0.00,0.00,,0.00,0,0
140,,04500/25-26,Demo-MU-KN-CA-TS-FS-SF-0143-0126,Knits - Men,Style fashion,28/01/26,199.00,3000,0,0,0,Yes,True,375000.00,,Saikat Kr Das,25/08/26,0,1,1,Yes,No,1,1,,3000,0,0,0,-,-,-,-,-,-,-,,-,-,-,-,-,-,-,-,-,-,-,-,-,-,-,-,-,-,-,-,-,-,-,-,-,-,-,-,-,-,-,-,-,-,-,-,-,-,-,-,-,-,-,-,-,-,-,-,-,-,-,-,-,-,-,-,-,-,-,-,-,-,-,-,-,-,-,-,-,-,-,59,0,0,0,0,0.00,0.00,0.00,,0.00,0,0
140,,04497/25-26,Demo-MU-KN-CA-TS-FS-SF-0140-0126,Knits - Men,Style fashion,28/01/26,199.00,3000,0,0,0,Yes,True,375000.00,,Saikat Kr Das,25/08/26,0,1,1,Yes,No,1,1,,3000,0,0,0,-,-,-,-,-,-,-,,-,-,-,-,-,-,-,-,-,-,-,-,-,-,-,-,-,-,-,-,-,-,-,-,-,-,-,-,-,-,-,-,-,-,-,-,-,-,-,-,-,-,-,-,-,-,-,-,-,-,-,-,-,-,-,-,-,-,-,-,-,-,-,-,-,-,-,-,-,-,-,0,0,0,0,0,0.00,0.00,0.00,,0.00,0,0
140,,04503/25-26,Demo-MU-KN-CA-TS-FS-SF-0146-0126,Knits - Men,Style fashion,28/01/26,199.00,3000,0,0,0,Yes,True,375000.00,,Saikat Kr Das,25/08/26,0,1,1,Yes,No,1,1,,3000,0,0,0,-,-,-,-,-,-,-,,-,-,-,-,-,-,-,-,-,-,-,-,-,-,-,-,-,-,-,-,-,-,-,-,-,-,-,-,-,-,-,-,-,-,-,-,-,-,-,-,-,-,-,-,-,-,-,-,-,-,-,-,-,-,-,-,-,-,-,-,-,-,-,-,-,-,-,-,-,-,-,59,0,0,0,0,0.00,0.00,0.00,,0.00,0,0
13,,04492/25-26,Demo-MU-KN-CA-TS-HS-SF-0135-0126,Knits - Men,Style fashion,28/01/26,199.00,6000,6000,0,0,Yes,True,750000.00,,Saikat Kr Das,20/04/26,1,1,1,Yes,Yes,1,1,,6000,0,0,0,-,-,-,-,-,-,-,,-,-,-,-,-,-,-,-,-,-,-,-,-,-,-,-,-,-,-,-,-,-,-,-,-,-,-,-,-,-,-,-,-,-,-,-,-,-,-,-,-,-,-,-,-,-,-,-,-,-,-,-,-,-,-,-,-,-,-,-,-,-,-,-,-,-,-,-,-,-,-,59,58,0,0,0,0.00,0.00,0.00,,0.00,0,0
13,,04489/25-26,Demo-MU-KN-CA-TS-HS-SF-0132-0126,Knits - Men,Style fashion,28/01/26,199.00,5000,6000,0,0,Yes,True,625000.00,,Saikat Kr Das,20/04/26,1,1,1,Yes,Yes,1,1,,5000,0,0,0,-,-,-,-,-,-,-,,-,-,-,-,-,-,-,-,-,-,-,-,-,-,-,-,-,-,-,-,-,-,-,-,-,-,-,-,-,-,-,-,-,-,-,-,-,-,-,-,-,-,-,-,-,-,-,-,-,-,-,-,-,-,-,-,-,-,-,-,-,-,-,-,-,-,-,-,-,-,-,59,58,0,0,0,0.00,0.00,0.00,,0.00,0,0
-22,,04509/25-26,Demo-MU-KN-CA-TS-SL-SF-0152-0126,Knits - Men,Style fashion,28/01/26,149.00,10002,10002,0,0,Yes,True,850170.00,,Saikat Kr Das,16/03/26,1,1,,No,No,,0,,10002,0,0,0,-,-,-,-,-,-,-,,-,-,-,-,-,-,-,-,-,-,-,-,-,-,-,-,-,-,-,-,-,-,-,-,-,-,-,-,-,-,-,-,-,-,-,-,-,-,-,-,-,-,-,-,-,-,-,-,-,-,-,-,-,-,-,-,-,-,-,-,-,-,-,-,-,-,-,-,-,-,-,0,0,0,0,0,0.00,0.00,0.00,,0.00,0,0
13,,04495/25-26,Demo-MU-KN-CA-TS-HS-SF-0138-0126,Knits - Men,Style fashion,28/01/26,199.00,6000,6000,0,0,Yes,True,750000.00,,Saikat Kr Das,20/04/26,1,1,1,Yes,Yes,1,1,,6000,0,0,0,-,-,-,-,-,-,-,,-,-,-,-,-,-,-,-,-,-,-,-,-,-,-,-,-,-,-,-,-,-,-,-,-,-,-,-,-,-,-,-,-,-,-,-,-,-,-,-,-,-,-,-,-,-,-,-,-,-,-,-,-,-,-,-,-,-,-,-,-,-,-,-,-,-,-,-,-,-,-,62,58,0,0,0,0.00,0.00,0.00,,0.00,0,0
140,,04498/25-26,Demo-MU-KN-CA-TS-FS-SF-0141-0126,Knits - Men,Style fashion,28/01/26,199.00,3000,0,0,0,Yes,True,375000.00,,Saikat Kr Das,25/08/26,0,1,1,Yes,No,1,1,,3000,0,0,0,-,-,-,-,-,-,-,,-,-,-,-,-,-,-,-,-,-,-,-,-,-,-,-,-,-,-,-,-,-,-,-,-,-,-,-,-,-,-,-,-,-,-,-,-,-,-,-,-,-,-,-,-,-,-,-,-,-,-,-,-,-,-,-,-,-,-,-,-,-,-,-,-,-,-,-,-,-,-,0,0,0,0,0,0.00,0.00,0.00,,0.00,0,0
140,,04501/25-26,Demo-MU-KN-CA-TS-FS-SF-0144-0126,Knits - Men,Style fashion,28/01/26,199.00,3000,0,0,0,Yes,True,375000.00,,Saikat Kr Das,25/08/26,0,1,1,Yes,No,1,1,,3000,0,0,0,-,-,-,-,-,-,-,,-,-,-,-,-,-,-,-,-,-,-,-,-,-,-,-,-,-,-,-,-,-,-,-,-,-,-,-,-,-,-,-,-,-,-,-,-,-,-,-,-,-,-,-,-,-,-,-,-,-,-,-,-,-,-,-,-,-,-,-,-,-,-,-,-,-,-,-,-,-,-,59,0,0,0,0,0.00,0.00,0.00,,0.00,0,0
13,,04491/25-26,Demo-MU-KN-CA-TS-HS-SF-0134-0126,Knits - Men,Style fashion,28/01/26,199.00,6000,0,0,0,Yes,True,750000.00,,Saikat Kr Das,20/04/26,0,1,1,Yes,Yes,1,1,,6000,0,0,0,-,-,-,-,-,-,-,,-,-,-,-,-,-,-,-,-,-,-,-,-,-,-,-,-,-,-,-,-,-,-,-,-,-,-,-,-,-,-,-,-,-,-,-,-,-,-,-,-,-,-,-,-,-,-,-,-,-,-,-,-,-,-,-,-,-,-,-,-,-,-,-,-,-,-,-,-,-,-,62,58,0,0,0,0.00,0.00,0.00,,0.00,0,0
13,,04488/25-26,Demo-MU-KN-CA-TS-HS-SF-0131-0126,Knits - Men,Style fashion,28/01/26,199.00,6000,6000,0,0,Yes,True,750000.00,,Saikat Kr Das,20/04/26,1,1,1,Yes,Yes,1,1,,6000,0,0,0,-,-,-,-,-,-,-,,-,-,-,-,-,-,-,-,-,-,-,-,-,-,-,-,-,-,-,-,-,-,-,-,-,-,-,-,-,-,-,-,-,-,-,-,-,-,-,-,-,-,-,-,-,-,-,-,-,-,-,-,-,-,-,-,-,-,-,-,-,-,-,-,-,-,-,-,-,-,-,59,58,0,0,0,0.00,0.00,0.00,,0.00,0,0
140,,04505/25-26,Demo-MU-KN-CA-TS-FS-SF-0148-0126,Knits - Men,Style fashion,28/01/26,199.00,3000,0,0,0,Yes,True,375000.00,,Saikat Kr Das,25/08/26,0,1,1,Yes,No,1,1,,3000,0,0,0,-,-,-,-,-,-,-,,-,-,-,-,-,-,-,-,-,-,-,-,-,-,-,-,-,-,-,-,-,-,-,-,-,-,-,-,-,-,-,-,-,-,-,-,-,-,-,-,-,-,-,-,-,-,-,-,-,-,-,-,-,-,-,-,-,-,-,-,-,-,-,-,-,-,-,-,-,-,-,59,0,0,0,0,0.00,0.00,0.00,,0.00,0,0
-39,,04508/25-26,Demo-MU-KN-CA-TS-SL-SF-0151-0126,Knits - Men,Style fashion,28/01/26,149.00,10002,10002,0,0,Yes,True,850170.00,,Saikat Kr Das,27/02/26,1,1,,No,No,,0,,10002,0,0,0,-,-,-,-,-,-,-,,-,-,-,-,-,-,-,-,-,-,-,-,-,-,-,-,-,-,-,-,-,-,-,-,-,-,-,-,-,-,-,-,-,-,-,-,-,-,-,-,-,-,-,-,-,-,-,-,-,-,-,-,-,-,-,-,-,-,-,-,-,-,-,-,-,-,-,-,-,-,-,0,0,0,0,0,0.00,0.00,0.00,,0.00,0,0
140,,04499/25-26,Demo-MU-KN-CA-TS-FS-SF-0142-0126,Knits - Men,Style fashion,28/01/26,199.00,3000,0,0,0,Yes,True,375000.00,,Saikat Kr Das,25/08/26,0,1,1,Yes,No,1,1,,3000,0,0,0,-,-,-,-,-,-,-,,-,-,-,-,-,-,-,-,-,-,-,-,-,-,-,-,-,-,-,-,-,-,-,-,-,-,-,-,-,-,-,-,-,-,-,-,-,-,-,-,-,-,-,-,-,-,-,-,-,-,-,-,-,-,-,-,-,-,-,-,-,-,-,-,-,-,-,-,-,-,-,0,0,0,0,0,0.00,0.00,0.00,,0.00,0,0
140,,04502/25-26,Demo-MU-KN-CA-TS-FS-SF-0145-0126,Knits - Men,Style fashion,28/01/26,199.00,3000,0,0,0,Yes,True,375000.00,,Saikat Kr Das,25/08/26,0,1,1,Yes,No,1,1,,3000,0,0,0,-,-,-,-,-,-,-,,-,-,-,-,-,-,-,-,-,-,-,-,-,-,-,-,-,-,-,-,-,-,-,-,-,-,-,-,-,-,-,-,-,-,-,-,-,-,-,-,-,-,-,-,-,-,-,-,-,-,-,-,-,-,-,-,-,-,-,-,-,-,-,-,-,-,-,-,-,-,-,59,0,0,0,0,0.00,0.00,0.00,,0.00,0,0
13,,04493/25-26,Demo-MU-KN-CA-TS-HS-SF-0136-0126,Knits - Men,Style fashion,28/01/26,199.00,5000,6000,0,0,Yes,True,625000.00,,Saikat Kr Das,20/04/26,1,1,1,Yes,Yes,1,1,,5000,0,0,0,-,-,-,-,-,-,-,,-,-,-,-,-,-,-,-,-,-,-,-,-,-,-,-,-,-,-,-,-,-,-,-,-,-,-,-,-,-,-,-,-,-,-,-,-,-,-,-,-,-,-,-,-,-,-,-,-,-,-,-,-,-,-,-,-,-,-,-,-,-,-,-,-,-,-,-,-,-,-,59,58,0,0,0,0.00,0.00,0.00,,0.00,0,0
13,,04490/25-26,Demo-MU-KN-CA-TS-HS-SF-0133-0126,Knits - Men,Style fashion,28/01/26,199.00,5000,6000,0,0,Yes,True,625000.00,,Saikat Kr Das,20/04/26,1,1,1,Yes,Yes,1,1,,5000,0,0,0,-,-,-,-,-,-,-,,-,-,-,-,-,-,-,-,-,-,-,-,-,-,-,-,-,-,-,-,-,-,-,-,-,-,-,-,-,-,-,-,-,-,-,-,-,-,-,-,-,-,-,-,-,-,-,-,-,-,-,-,-,-,-,-,-,-,-,-,-,-,-,-,-,-,-,-,-,-,-,62,58,0,0,0,0.00,0.00,0.00,,0.00,0,0
140,,04504/25-26,Demo-MU-KN-CA-TS-FS-SF-0147-0126,Knits - Men,Style fashion,28/01/26,199.00,3000,0,0,0,Yes,True,375000.00,,Saikat Kr Das,25/08/26,0,1,1,Yes,No,1,1,,3000,0,0,0,-,-,-,-,-,-,-,,-,-,-,-,-,-,-,-,-,-,-,-,-,-,-,-,-,-,-,-,-,-,-,-,-,-,-,-,-,-,-,-,-,-,-,-,-,-,-,-,-,-,-,-,-,-,-,-,-,-,-,-,-,-,-,-,-,-,-,-,-,-,-,-,-,-,-,-,-,-,-,59,0,0,0,0,0.00,0.00,0.00,,0.00,0,0
140,,04496/25-26,Demo-MU-KN-CA-TS-FS-SF-0139-0126,Knits - Men,Style fashion,28/01/26,199.00,3000,0,0,0,Yes,True,375000.00,,Saikat Kr Das,25/08/26,0,1,1,Yes,No,1,1,,3000,0,0,0,-,-,-,-,-,-,-,,-,-,-,-,-,-,-,-,-,-,-,-,-,-,-,-,-,-,-,-,-,-,-,-,-,-,-,-,-,-,-,-,-,-,-,-,-,-,-,-,-,-,-,-,-,-,-,-,-,-,-,-,-,-,-,-,-,-,-,-,-,-,-,-,-,-,-,-,-,-,-,0,0,0,0,0,0.00,0.00,0.00,,0.00,0,0
140,,04507/25-26,Demo-MU-KN-CA-TS-FS-SF-0150-0126,Knits - Men,Style fashion,28/01/26,199.00,3000,0,0,0,Yes,True,375000.00,,Saikat Kr Das,25/08/26,0,1,1,Yes,No,1,1,,3000,0,0,0,-,-,-,-,-,-,-,,-,-,-,-,-,-,-,-,-,-,-,-,-,-,-,-,-,-,-,-,-,-,-,-,-,-,-,-,-,-,-,-,-,-,-,-,-,-,-,-,-,-,-,-,-,-,-,-,-,-,-,-,-,-,-,-,-,-,-,-,-,-,-,-,-,-,-,-,-,-,-,59,0,0,0,0,0.00,0.00,0.00,,0.00,0,0
23,,04515/25-26,Demo-MU-KN-PO-FS-RF-0108-0126,Knits - Men,HOME2,29/01/26,399.00,301,0,0,0,Yes,True,75250.00,,Priya Das Chowdhury,30/04/26,0,1,1,Yes,No,1,1,,301,0,0,0,-,-,-,-,-,-,-,,-,-,-,-,-,-,-,-,-,-,-,-,-,-,-,-,-,-,-,-,-,-,-,-,-,-,-,-,-,-,-,-,-,-,-,-,-,-,-,-,-,-,-,-,-,-,-,-,-,-,-,-,-,-,-,-,-,-,-,-,-,-,-,-,-,-,-,-,-,-,-,0,0,0,0,0,0.00,0.00,0.00,,0.00,0,0
23,,04521/25-26,Demo-MU-KN-PO-FS-RF-0114-0126,Knits - Men,HOME2,29/01/26,399.00,301,0,0,0,Yes,True,75250.00,,Priya Das Chowdhury,30/04/26,0,1,1,Yes,No,1,1,,301,0,0,0,-,-,-,-,-,-,-,,-,-,-,-,-,-,-,-,-,-,-,-,-,-,-,-,-,-,-,-,-,-,-,-,-,-,-,-,-,-,-,-,-,-,-,-,-,-,-,-,-,-,-,-,-,-,-,-,-,-,-,-,-,-,-,-,-,-,-,-,-,-,-,-,-,-,-,-,-,-,-,0,0,0,0,0,0.00,0.00,0.00,,0.00,0,0
115,,04518/25-26,Demo-MU-KN-PO-FS-RF-0111-0126,Knits - Men,HOME2,29/01/26,399.00,301,0,0,0,Yes,True,75250.00,,Priya Das Chowdhury,31/07/26,0,1,1,Yes,No,1,1,,301,0,0,0,-,-,-,-,-,-,-,,-,-,-,-,-,-,-,-,-,-,-,-,-,-,-,-,-,-,-,-,-,-,-,-,-,-,-,-,-,-,-,-,-,-,-,-,-,-,-,-,-,-,-,-,-,-,-,-,-,-,-,-,-,-,-,-,-,-,-,-,-,-,-,-,-,-,-,-,-,-,-,0,0,0,0,0,0.00,0.00,0.00,,0.00,0,0
23,,04522/25-26,Demo-Demo-UP-HS-3501-0126,Knits - Kids,Opee,29/01/26,350.00,2400,2400,0,0,Yes,True,360000.00,,MALOTI RIKIASON,30/04/26,1,1,-13,Yes,Yes,-13,-13,,2400,0,0,0,2,,,,,,,0.158,15216,,,174493.05,,,,2400.00,2408.00,06/02/2026,19/02/2026,2408.00,"KNITS CUTTING (BLOCK- 4, 1ST FLOOR)",0,13,2408.00,1804.00,21/02/2026,14/03/2026,14432.00,BASUKI PRINT,604,21,-,-,-,-,-,-,0,0,2408.00,0.00,16/02/2026,-,-,TAPARIA BLOCK 24 (L SUBRATA),2408,51,-,-,-,-,-,-,0,0,-,-,-,-,-,-,0,0,-,-,-,-,-,-,0,0,-,-,-,-,-,-,0,0,8,18,36,85,-49,189709.05,16840.00,206549.05,77.93,125.90,-206549.05,0
115,,04519/25-26,Demo-MU-KN-PO-FS-RF-0112-0126,Knits - Men,HOME2,29/01/26,399.00,301,0,0,0,Yes,True,75250.00,,Priya Das Chowdhury,31/07/26,0,1,1,Yes,No,1,1,,301,0,0,0,-,-,-,-,-,-,-,,-,-,-,-,-,-,-,-,-,-,-,-,-,-,-,-,-,-,-,-,-,-,-,-,-,-,-,-,-,-,-,-,-,-,-,-,-,-,-,-,-,-,-,-,-,-,-,-,-,-,-,-,-,-,-,-,-,-,-,-,-,-,-,-,-,-,-,-,-,-,-,0,0,0,0,0,0.00,0.00,0.00,,0.00,0,0
53,,04513/25-26,Demo-MU-KN-PO-FS-RF-0106-0126,Knits - Men,HOME2,29/01/26,399.00,301,0,0,0,Yes,True,75250.00,,Priya Das Chowdhury,30/05/26,0,1,1,Yes,No,1,1,,301,0,0,0,-,-,-,-,-,-,-,,-,-,-,-,-,-,-,-,-,-,-,-,-,-,-,-,-,-,-,-,-,-,-,-,-,-,-,-,-,-,-,-,-,-,-,-,-,-,-,-,-,-,-,-,-,-,-,-,-,-,-,-,-,-,-,-,-,-,-,-,-,-,-,-,-,-,-,-,-,-,-,0,0,0,0,0,0.00,0.00,0.00,,0.00,0,0
23,,04516/25-26,Demo-MU-KN-PO-FS-RF-0109-0126,Knits - Men,HOME2,29/01/26,399.00,301,0,0,0,Yes,True,75250.00,,Priya Das Chowdhury,30/04/26,0,1,1,Yes,No,1,1,,301,0,0,0,-,-,-,-,-,-,-,,-,-,-,-,-,-,-,-,-,-,-,-,-,-,-,-,-,-,-,-,-,-,-,-,-,-,-,-,-,-,-,-,-,-,-,-,-,-,-,-,-,-,-,-,-,-,-,-,-,-,-,-,-,-,-,-,-,-,-,-,-,-,-,-,-,-,-,-,-,-,-,0,0,0,0,0,0.00,0.00,0.00,,0.00,0,0
23,,04512/25-26,Demo-MU-KN-PO-FS-RF-0105-0126,Knits - Men,HOME2,29/01/26,399.00,301,0,0,0,Yes,True,75250.00,,Priya Das Chowdhury,30/04/26,0,1,1,Yes,No,1,1,,301,0,0,0,-,-,-,-,-,-,-,,-,-,-,-,-,-,-,-,-,-,-,-,-,-,-,-,-,-,-,-,-,-,-,-,-,-,-,-,-,-,-,-,-,-,-,-,-,-,-,-,-,-,-,-,-,-,-,-,-,-,-,-,-,-,-,-,-,-,-,-,-,-,-,-,-,-,-,-,-,-,-,0,0,0,0,0,0.00,0.00,0.00,,0.00,0,0
23,,04510/25-26,Demo-MU-KN-PO-FS-RF-0103-0126,Knits - Men,HOME2,29/01/26,399.00,301,0,0,0,Yes,True,75250.00,,Priya Das Chowdhury,30/04/26,0,1,1,Yes,No,1,1,,301,0,0,0,-,-,-,-,-,-,-,,-,-,-,-,-,-,-,-,-,-,-,-,-,-,-,-,-,-,-,-,-,-,-,-,-,-,-,-,-,-,-,-,-,-,-,-,-,-,-,-,-,-,-,-,-,-,-,-,-,-,-,-,-,-,-,-,-,-,-,-,-,-,-,-,-,-,-,-,-,-,-,0,0,0,0,0,0.00,0.00,0.00,,0.00,0,0
23,,04520/25-26,Demo-MU-KN-PO-FS-RF-0113-0126,Knits - Men,HOME2,29/01/26,399.00,301,0,0,0,Yes,True,75250.00,,Priya Das Chowdhury,30/04/26,0,1,1,Yes,No,1,1,,301,0,0,0,-,-,-,-,-,-,-,,-,-,-,-,-,-,-,-,-,-,-,-,-,-,-,-,-,-,-,-,-,-,-,-,-,-,-,-,-,-,-,-,-,-,-,-,-,-,-,-,-,-,-,-,-,-,-,-,-,-,-,-,-,-,-,-,-,-,-,-,-,-,-,-,-,-,-,-,-,-,-,0,0,0,0,0,0.00,0.00,0.00,,0.00,0,0
23,,04511/25-26,Demo-MU-KN-PO-FS-RF-0104-0126,Knits - Men,HOME2,29/01/26,399.00,301,0,0,0,Yes,True,75250.00,,Priya Das Chowdhury,30/04/26,0,1,1,Yes,No,1,1,,301,0,0,0,-,-,-,-,-,-,-,,-,-,-,-,-,-,-,-,-,-,-,-,-,-,-,-,-,-,-,-,-,-,-,-,-,-,-,-,-,-,-,-,-,-,-,-,-,-,-,-,-,-,-,-,-,-,-,-,-,-,-,-,-,-,-,-,-,-,-,-,-,-,-,-,-,-,-,-,-,-,-,0,0,0,0,0,0.00,0.00,0.00,,0.00,0,0
23,,04517/25-26,Demo-MU-KN-PO-FS-RF-0110-0126,Knits - Men,HOME2,29/01/26,399.00,301,0,0,0,Yes,True,75250.00,,Priya Das Chowdhury,30/04/26,0,1,1,Yes,No,1,1,,301,0,0,0,-,-,-,-,-,-,-,,-,-,-,-,-,-,-,-,-,-,-,-,-,-,-,-,-,-,-,-,-,-,-,-,-,-,-,-,-,-,-,-,-,-,-,-,-,-,-,-,-,-,-,-,-,-,-,-,-,-,-,-,-,-,-,-,-,-,-,-,-,-,-,-,-,-,-,-,-,-,-,0,0,0,0,0,0.00,0.00,0.00,,0.00,0,0
23,,04514/25-26,Demo-MU-KN-PO-FS-RF-0107-0126,Knits - Men,HOME2,29/01/26,399.00,301,0,0,0,Yes,True,75250.00,,Priya Das Chowdhury,30/04/26,0,1,1,Yes,No,1,1,,301,0,0,0,-,-,-,-,-,-,-,,-,-,-,-,-,-,-,-,-,-,-,-,-,-,-,-,-,-,-,-,-,-,-,-,-,-,-,-,-,-,-,-,-,-,-,-,-,-,-,-,-,-,-,-,-,-,-,-,-,-,-,-,-,-,-,-,-,-,-,-,-,-,-,-,-,-,-,-,-,-,-,0,0,0,0,0,0.00,0.00,0.00,,0.00,0,0
161,,04528/25-26,Demo-MU-KN-CA-TS-FS-RF-0126-0126,Knits - Men,Style fashion,30/01/26,299.00,4000,0,0,0,Yes,True,700000.00,,Saikat Kr Das,15/09/26,0,1,1,Yes,No,1,1,,4000,0,0,0,-,-,-,-,-,-,-,,-,-,-,-,-,-,-,-,-,-,-,-,-,-,-,-,-,-,-,-,-,-,-,-,-,-,-,-,-,-,-,-,-,-,-,-,-,-,-,-,-,-,-,-,-,-,-,-,-,-,-,-,-,-,-,-,-,-,-,-,-,-,-,-,-,-,-,-,-,-,-,0,0,0,0,0,0.00,0.00,0.00,,0.00,0,0
13,,04523/25-26,Demo-JB-LP-HP-3356-0126,Knits - Kids,market lmtd,30/01/26,179.00,2500,2500,0,0,Yes,True,270000.00,,Ananya Sen,20/04/26,1,1,4,Yes,Yes,4,4,,2500,0,0,0,43,,,,,,,0.091,11838,,,108480,,,,2500.00,2520.00,27/03/2026,31/03/2026,2520.00,"KNITS CUTTING (BLOCK- 4, 1ST FLOOR)",0,4,-,-,-,-,-,-,0,0,-,-,-,-,-,-,0,0,2520.00,0.00,06/04/2026,-,-,"STORE, TAPARIA BLOCK 24 (L SUBRATA)",2520,2,-,-,-,-,-,-,0,0,-,-,-,-,-,-,0,0,-,-,-,-,-,-,0,0,-,-,-,-,-,-,0,0,47,38,4,6,-2,120318.00,2520.00,122838.00,40.64,72.21,-122838.00,0
161,,04525/25-26,Demo-MU-KN-CA-TS-FS-RF-0123-0126,Knits - Men,Style fashion,30/01/26,299.00,4000,0,0,0,Yes,True,700000.00,,Saikat Kr Das,15/09/26,0,1,1,Yes,No,1,1,,4000,0,0,0,-,-,-,-,-,-,-,,-,-,-,-,-,-,-,-,-,-,-,-,-,-,-,-,-,-,-,-,-,-,-,-,-,-,-,-,-,-,-,-,-,-,-,-,-,-,-,-,-,-,-,-,-,-,-,-,-,-,-,-,-,-,-,-,-,-,-,-,-,-,-,-,-,-,-,-,-,-,-,0,0,0,0,0,0.00,0.00,0.00,,0.00,0,0
161,,04531/25-26,Demo-MU-KN-CA-TS-FS-RF-0129-0126,Knits - Men,Style fashion,30/01/26,299.00,4000,0,0,0,Yes,True,700000.00,,Saikat Kr Das,15/09/26,0,1,1,Yes,No,1,1,,4000,0,0,0,-,-,-,-,-,-,-,,-,-,-,-,-,-,-,-,-,-,-,-,-,-,-,-,-,-,-,-,-,-,-,-,-,-,-,-,-,-,-,-,-,-,-,-,-,-,-,-,-,-,-,-,-,-,-,-,-,-,-,-,-,-,-,-,-,-,-,-,-,-,-,-,-,-,-,-,-,-,-,0,0,0,0,0,0.00,0.00,0.00,,0.00,0,0
161,,04524/25-26,Demo-MU-KN-CA-TS-FS-RF-0122-0126,Knits - Men,Style fashion,30/01/26,299.00,4000,0,0,0,Yes,True,700000.00,,Saikat Kr Das,15/09/26,0,1,1,Yes,No,1,1,,4000,0,0,0,-,-,-,-,-,-,-,,-,-,-,-,-,-,-,-,-,-,-,-,-,-,-,-,-,-,-,-,-,-,-,-,-,-,-,-,-,-,-,-,-,-,-,-,-,-,-,-,-,-,-,-,-,-,-,-,-,-,-,-,-,-,-,-,-,-,-,-,-,-,-,-,-,-,-,-,-,-,-,0,0,0,0,0,0.00,0.00,0.00,,0.00,0,0
161,,04527/25-26,Demo-MU-KN-CA-TS-FS-RF-0125-0126,Knits - Men,Style fashion,30/01/26,299.00,4000,0,0,0,Yes,True,700000.00,,Saikat Kr Das,15/09/26,0,1,1,Yes,No,1,1,,4000,0,0,0,-,-,-,-,-,-,-,,-,-,-,-,-,-,-,-,-,-,-,-,-,-,-,-,-,-,-,-,-,-,-,-,-,-,-,-,-,-,-,-,-,-,-,-,-,-,-,-,-,-,-,-,-,-,-,-,-,-,-,-,-,-,-,-,-,-,-,-,-,-,-,-,-,-,-,-,-,-,-,0,0,0,0,0,0.00,0.00,0.00,,0.00,0,0
-8,,04533/25-26,DemoM-MU-KN-PLO-TS-HS-0153-0126,Knits - Men,Raju mega amrt,30/01/26,299.00,22002,0,0,0,Yes,True,4004364.00,,Saikat Kr Das,30/03/26,0,1,,No,No,,0,,22002,0,0,0,-,-,-,-,-,-,-,,-,-,-,-,-,-,-,-,-,-,-,-,-,-,-,-,-,-,-,-,-,-,-,-,-,-,-,-,-,-,-,-,-,-,-,-,-,-,-,-,-,-,-,-,-,-,-,-,-,-,-,-,-,-,-,-,-,-,-,-,-,-,-,-,-,-,-,-,-,-,-,0,0,0,0,0,0.00,0.00,0.00,,0.00,0,0
161,,04530/25-26,Demo-MU-KN-CA-TS-FS-RF-0128-0126,Knits - Men,Style fashion,30/01/26,299.00,4000,0,0,0,Yes,True,7032000.00,,Saikat Kr Das,15/09/26,0,1,1,Yes,No,1,1,,4000,0,0,0,-,-,-,-,-,-,-,,-,-,-,-,-,-,-,-,-,-,-,-,-,-,-,-,-,-,-,-,-,-,-,-,-,-,-,-,-,-,-,-,-,-,-,-,-,-,-,-,-,-,-,-,-,-,-,-,-,-,-,-,-,-,-,-,-,-,-,-,-,-,-,-,-,-,-,-,-,-,-,0,0,0,0,0,0.00,0.00,0.00,,0.00,0,0
161,,04526/25-26,Demo-MU-KN-CA-TS-FS-RF-0124-0126,Knits - Men,Style fashion,30/01/26,299.00,4000,0,0,0,Yes,True,700000.00,,Saikat Kr Das,15/09/26,0,1,1,Yes,No,1,1,,4000,0,0,0,-,-,-,-,-,-,-,,-,-,-,-,-,-,-,-,-,-,-,-,-,-,-,-,-,-,-,-,-,-,-,-,-,-,-,-,-,-,-,-,-,-,-,-,-,-,-,-,-,-,-,-,-,-,-,-,-,-,-,-,-,-,-,-,-,-,-,-,-,-,-,-,-,-,-,-,-,-,-,0,0,0,0,0,0.00,0.00,0.00,,0.00,0,0
161,,04529/25-26,Demo-MU-KN-CA-TS-FS-RF-0127-0126,Knits - Men,Style fashion,30/01/26,299.00,4000,0,0,0,Yes,True,700000.00,,Saikat Kr Das,15/09/26,0,1,1,Yes,No,1,1,,4000,0,0,0,-,-,-,-,-,-,-,,-,-,-,-,-,-,-,-,-,-,-,-,-,-,-,-,-,-,-,-,-,-,-,-,-,-,-,-,-,-,-,-,-,-,-,-,-,-,-,-,-,-,-,-,-,-,-,-,-,-,-,-,-,-,-,-,-,-,-,-,-,-,-,-,-,-,-,-,-,-,-,0,0,0,0,0,0.00,0.00,0.00,,0.00,0,0
161,,04532/25-26,Demo-MU-KN-CA-TS-FS-RF-0130-0126,Knits - Men,Style fashion,30/01/26,299.00,4000,0,0,0,Yes,True,700000.00,,Saikat Kr Das,15/09/26,0,1,1,Yes,No,1,1,,4000,0,0,0,-,-,-,-,-,-,-,,-,-,-,-,-,-,-,-,-,-,-,-,-,-,-,-,-,-,-,-,-,-,-,-,-,-,-,-,-,-,-,-,-,-,-,-,-,-,-,-,-,-,-,-,-,-,-,-,-,-,-,-,-,-,-,-,-,-,-,-,-,-,-,-,-,-,-,-,-,-,-,0,0,0,0,0,0.00,0.00,0.00,,0.00,0,0
-56,,04544/25-26,FU-JB-WO-CA-SH-HS-RF-01122-0126,Woven,Bihar fashion,31/01/26,399.00,396,396,0,0,Yes,True,89100.00,,Ananya Ghosh,10/02/26,1,1,-6,Yes,No,-6,-6,,396,0,0,0,4000,,,,404,,,0.553,4926,,,,876,,38325,396.00,396.00,02/02/2026,26/02/2026,594.00,TIPL- LINE NO-6,0,24,-,-,-,-,-,-,0,0,-,-,-,-,-,-,0,0,396.00,396.00,20/02/2026,13/03/2026,13266.00,TIPL- LINE NO-6,0,21,-,-,-,-,-,-,0,0,-,-,-,-,-,-,0,0,394.00,0.00,28/03/2026,-,-,PAPAI GARMENTS,394,11,-,-,-,-,-,-,0,0,0,0,39,56,-17,44127.00,13860.00,57987.00,146.43,0.00,-57987.00,0
100,,04539/25-26,Demo-MU-KN-CA-TS-FS-SF-0159-0126,Knits - Men,Style fashion,31/01/26,299.00,3600,0,0,0,Yes,True,630000.00,,Saikat Kr Das,16/07/26,0,1,7,Yes,No,7,7,,3600,0,0,0,-,-,-,-,-,-,-,,-,-,-,-,-,-,-,-,-,-,-,-,-,-,-,-,-,-,-,-,-,-,-,-,-,-,-,-,-,-,-,-,-,-,-,-,-,-,-,-,-,-,-,-,-,-,-,-,-,-,-,-,-,-,-,-,-,-,-,-,-,-,-,-,-,-,-,-,-,-,-,0,0,0,0,0,0.00,0.00,0.00,,0.00,0,0
100,,04536/25-26,Demo-MU-KN-CA-TS-FS-SF-0156-0126,Knits - Men,Style fashion,31/01/26,299.00,3600,0,0,0,Yes,True,630000.00,,Saikat Kr Das,16/07/26,0,1,7,Yes,No,7,7,,3600,0,0,0,-,-,-,-,-,-,-,,-,-,-,-,-,-,-,-,-,-,-,-,-,-,-,-,-,-,-,-,-,-,-,-,-,-,-,-,-,-,-,-,-,-,-,-,-,-,-,-,-,-,-,-,-,-,-,-,-,-,-,-,-,-,-,-,-,-,-,-,-,-,-,-,-,-,-,-,-,-,-,0,0,0,0,0,0.00,0.00,0.00,,0.00,0,0
100,,04548/25-26,Demo-MU-KN-CA-TS-FS-SF-0165-0126,Knits - Men,Style fashion,31/01/26,299.00,3600,0,0,0,Yes,True,630000.00,,Saikat Kr Das,16/07/26,0,1,7,Yes,No,7,7,,3600,0,0,0,-,-,-,-,-,-,-,,-,-,-,-,-,-,-,-,-,-,-,-,-,-,-,-,-,-,-,-,-,-,-,-,-,-,-,-,-,-,-,-,-,-,-,-,-,-,-,-,-,-,-,-,-,-,-,-,-,-,-,-,-,-,-,-,-,-,-,-,-,-,-,-,-,-,-,-,-,-,-,0,0,0,0,0,0.00,0.00,0.00,,0.00,0,0
100,,04545/25-26,Demo-MU-KN-CA-TS-FS-SF-0162-0126,Knits - Men,Style fashion,31/01/26,299.00,3600,0,0,0,Yes,True,630000.00,,Saikat Kr Das,16/07/26,0,1,7,Yes,No,7,7,,3600,0,0,0,-,-,-,-,-,-,-,,-,-,-,-,-,-,-,-,-,-,-,-,-,-,-,-,-,-,-,-,-,-,-,-,-,-,-,-,-,-,-,-,-,-,-,-,-,-,-,-,-,-,-,-,-,-,-,-,-,-,-,-,-,-,-,-,-,-,-,-,-,-,-,-,-,-,-,-,-,-,-,0,0,0,0,0,0.00,0.00,0.00,,0.00,0,0
100,,04537/25-26,Demo-MU-KN-CA-TS-FS-SF-0157-0126,Knits - Men,Style fashion,31/01/26,299.00,3600,0,0,0,Yes,True,630000.00,,Saikat Kr Das,16/07/26,0,1,7,Yes,No,7,7,,3600,0,0,0,-,-,-,-,-,-,-,,-,-,-,-,-,-,-,-,-,-,-,-,-,-,-,-,-,-,-,-,-,-,-,-,-,-,-,-,-,-,-,-,-,-,-,-,-,-,-,-,-,-,-,-,-,-,-,-,-,-,-,-,-,-,-,-,-,-,-,-,-,-,-,-,-,-,-,-,-,-,-,0,0,0,0,0,0.00,0.00,0.00,,0.00,0,0
100,,04534/25-26,Demo-MU-KN-CA-TS-FS-RF-0154-0126,Knits - Men,Style fashion,31/01/26,299.00,3600,0,0,0,Yes,True,630000.00,,Saikat Kr Das,16/07/26,0,1,7,Yes,No,7,7,,3600,0,0,0,-,-,-,-,-,-,-,,-,-,-,-,-,-,-,-,-,-,-,-,-,-,-,-,-,-,-,-,-,-,-,-,-,-,-,-,-,-,-,-,-,-,-,-,-,-,-,-,-,-,-,-,-,-,-,-,-,-,-,-,-,-,-,-,-,-,-,-,-,-,-,-,-,-,-,-,-,-,-,0,0,0,0,0,0.00,0.00,0.00,,0.00,0,0
100,,04540/25-26,Demo-MU-KN-CA-TS-FS-SF-0160-0126,Knits - Men,Style fashion,31/01/26,299.00,3600,0,0,0,Yes,True,630000.00,,Saikat Kr Das,16/07/26,0,1,7,Yes,No,7,7,,3600,0,0,0,-,-,-,-,-,-,-,,-,-,-,-,-,-,-,-,-,-,-,-,-,-,-,-,-,-,-,-,-,-,-,-,-,-,-,-,-,-,-,-,-,-,-,-,-,-,-,-,-,-,-,-,-,-,-,-,-,-,-,-,-,-,-,-,-,-,-,-,-,-,-,-,-,-,-,-,-,-,-,0,0,0,0,0,0.00,0.00,0.00,,0.00,0,0
100,,04551/25-26,Demo-MU-KN-CA-TS-FS-SF-0168-0126,Knits - Men,Style fashion,31/01/26,299.00,3600,0,0,0,Yes,True,630000.00,,Saikat Kr Das,16/07/26,0,1,9,Yes,No,9,9,,3600,0,0,0,-,-,-,-,-,-,-,,-,-,-,-,-,-,-,-,-,-,-,-,-,-,-,-,-,-,-,-,-,-,-,-,-,-,-,-,-,-,-,-,-,-,-,-,-,-,-,-,-,-,-,-,-,-,-,-,-,-,-,-,-,-,-,-,-,-,-,-,-,-,-,-,-,-,-,-,-,-,-,0,0,0,0,0,0.00,0.00,0.00,,0.00,0,0
100,,04541/25-26,Demo-MU-KN-CA-TS-FS-SF-0161-0126,Knits - Men,Style fashion,31/01/26,299.00,3600,0,0,0,Yes,True,630000.00,,Saikat Kr Das,16/07/26,0,1,7,Yes,No,7,7,,3600,0,0,0,-,-,-,-,-,-,-,,-,-,-,-,-,-,-,-,-,-,-,-,-,-,-,-,-,-,-,-,-,-,-,-,-,-,-,-,-,-,-,-,-,-,-,-,-,-,-,-,-,-,-,-,-,-,-,-,-,-,-,-,-,-,-,-,-,-,-,-,-,-,-,-,-,-,-,-,-,-,-,0,0,0,0,0,0.00,0.00,0.00,,0.00,0,0
100,,04547/25-26,Demo-MU-KN-CA-TS-FS-SF-0164-0126,Knits - Men,Style fashion,31/01/26,299.00,3600,0,0,0,Yes,True,630000.00,,Saikat Kr Das,16/07/26,0,1,7,Yes,No,7,7,,3600,0,0,0,-,-,-,-,-,-,-,,-,-,-,-,-,-,-,-,-,-,-,-,-,-,-,-,-,-,-,-,-,-,-,-,-,-,-,-,-,-,-,-,-,-,-,-,-,-,-,-,-,-,-,-,-,-,-,-,-,-,-,-,-,-,-,-,-,-,-,-,-,-,-,-,-,-,-,-,-,-,-,0,0,0,0,0,0.00,0.00,0.00,,0.00,0,0
-56,,04543/25-26,FU-JB-WO-CA-SH-HS-RF-01121-0126,Woven,Bihar fashion,31/01/26,499.00,632,632,0,0,Yes,True,182648.00,,Ananya Ghosh,10/02/26,1,1,-6,Yes,No,-6,-6,,632,0,0,0,,,,,614,,,0.552,,,,,1222.5,,61075,632.00,632.00,02/02/2026,26/02/2026,948.00,TIPL- LINE NO-6,0,24,-,-,-,-,-,-,0,0,-,-,-,-,-,-,0,0,632.00,632.00,26/02/2026,13/03/2026,21172.00,TIPL- LINE NO-6,0,15,-,-,-,-,-,-,0,0,-,-,-,-,-,-,0,0,610.00,0.00,28/03/2026,-,-,PAPAI GARMENTS,610,11,-,-,-,-,-,-,0,0,-1,0,39,50,-11,62297.50,22120.00,84417.50,133.57,0.00,-84417.50,0
100,,04550/25-26,Demo-MU-KN-CA-TS-FS-SF-0167-0126,Knits - Men,Style fashion,31/01/26,299.00,3600,0,0,0,Yes,True,630000.00,,Saikat Kr Das,16/07/26,0,1,7,Yes,No,7,7,,3600,0,0,0,-,-,-,-,-,-,-,,-,-,-,-,-,-,-,-,-,-,-,-,-,-,-,-,-,-,-,-,-,-,-,-,-,-,-,-,-,-,-,-,-,-,-,-,-,-,-,-,-,-,-,-,-,-,-,-,-,-,-,-,-,-,-,-,-,-,-,-,-,-,-,-,-,-,-,-,-,-,-,0,0,0,0,0,0.00,0.00,0.00,,0.00,0,0
100,,04538/25-26,Demo-MU-KN-CA-TS-FS-SF-0158-0126,Knits - Men,Style fashion,31/01/26,299.00,3600,0,0,0,Yes,True,630000.00,,Saikat Kr Das,16/07/26,0,1,7,Yes,No,7,7,,3600,0,0,0,-,-,-,-,-,-,-,,-,-,-,-,-,-,-,-,-,-,-,-,-,-,-,-,-,-,-,-,-,-,-,-,-,-,-,-,-,-,-,-,-,-,-,-,-,-,-,-,-,-,-,-,-,-,-,-,-,-,-,-,-,-,-,-,-,-,-,-,-,-,-,-,-,-,-,-,-,-,-,0,0,0,0,0,0.00,0.00,0.00,,0.00,0,0
100,,04535/25-26,Demo-MU-KN-CA-TS-FS-RF-0155-0126,Knits - Men,Style fashion,31/01/26,299.00,3600,0,0,0,Yes,True,630000.00,,Saikat Kr Das,16/07/26,0,1,7,Yes,No,7,7,,3600,0,0,0,-,-,-,-,-,-,-,,-,-,-,-,-,-,-,-,-,-,-,-,-,-,-,-,-,-,-,-,-,-,-,-,-,-,-,-,-,-,-,-,-,-,-,-,-,-,-,-,-,-,-,-,-,-,-,-,-,-,-,-,-,-,-,-,-,-,-,-,-,-,-,-,-,-,-,-,-,-,-,0,0,0,0,0,0.00,0.00,0.00,,0.00,0,0
100,,04546/25-26,Demo-MU-KN-CA-TS-FS-SF-0163-0126,Knits - Men,Style fashion,31/01/26,299.00,3600,0,0,0,Yes,True,630000.00,,Saikat Kr Das,16/07/26,0,1,7,Yes,No,7,7,,3600,0,0,0,-,-,-,-,-,-,-,,-,-,-,-,-,-,-,-,-,-,-,-,-,-,-,-,-,-,-,-,-,-,-,-,-,-,-,-,-,-,-,-,-,-,-,-,-,-,-,-,-,-,-,-,-,-,-,-,-,-,-,-,-,-,-,-,-,-,-,-,-,-,-,-,-,-,-,-,-,-,-,0,0,0,0,0,0.00,0.00,0.00,,0.00,0,0
100,,04549/25-26,Demo-MU-KN-CA-TS-FS-SF-0166-0126,Knits - Men,Style fashion,31/01/26,299.00,3600,0,0,0,Yes,True,630000.00,,Saikat Kr Das,16/07/26,0,1,7,Yes,No,7,7,,3600,0,0,0,-,-,-,-,-,-,-,,-,-,-,-,-,-,-,-,-,-,-,-,-,-,-,-,-,-,-,-,-,-,-,-,-,-,-,-,-,-,-,-,-,-,-,-,-,-,-,-,-,-,-,-,-,-,-,-,-,-,-,-,-,-,-,-,-,-,-,-,-,-,-,-,-,-,-,-,-,-,-,0,0,0,0,0,0.00,0.00,0.00,,0.00,0,0
100,,04552/25-26,Demo-MU-KN-CA-TS-FS-SF-0169-0126,Knits - Men,Style fashion,31/01/26,299.00,3600,0,0,0,Yes,True,630000.00,,Saikat Kr Das,16/07/26,0,1,9,Yes,No,9,9,,3600,0,0,0,-,-,-,-,-,-,-,,-,-,-,-,-,-,-,-,-,-,-,-,-,-,-,-,-,-,-,-,-,-,-,-,-,-,-,-,-,-,-,-,-,-,-,-,-,-,-,-,-,-,-,-,-,-,-,-,-,-,-,-,-,-,-,-,-,-,-,-,-,-,-,-,-,-,-,-,-,-,-,0,0,0,0,0,0.00,0.00,0.00,,0.00,0,0
80,,04557/25-26,Demo-MU-KN-CA-SH-HS-SF-0075-0226,Knits - Men,Style fashion,03/02/26,349.00,1380,0,0,0,Yes,True,289800.00,,Saikat Kr Das,26/06/26,0,1,2,Yes,No,2,2,,1380,0,0,0,-,-,-,-,-,-,-,,-,-,-,-,-,-,-,-,-,-,-,-,-,-,-,-,-,-,-,-,-,-,-,-,-,-,-,-,-,-,-,-,-,-,-,-,-,-,-,-,-,-,-,-,-,-,-,-,-,-,-,-,-,-,-,-,-,-,-,-,-,-,-,-,-,-,-,-,-,-,-,0,0,0,0,0,0.00,0.00,0.00,,0.00,0,0
80,,04554/25-26,Demo-MU-KN-CA-SH-HS-SF-0072-0226,Knits - Men,Style fashion,03/02/26,349.00,1380,0,0,0,Yes,True,289800.00,,Saikat Kr Das,26/06/26,0,1,2,Yes,No,2,2,,1380,0,0,0,-,-,-,-,-,-,-,,-,-,-,-,-,-,-,-,-,-,-,-,-,-,-,-,-,-,-,-,-,-,-,-,-,-,-,-,-,-,-,-,-,-,-,-,-,-,-,-,-,-,-,-,-,-,-,-,-,-,-,-,-,-,-,-,-,-,-,-,-,-,-,-,-,-,-,-,-,-,-,0,0,0,0,0,0.00,0.00,0.00,,0.00,0,0
135,,04560/25-26,Demo-MU-KN-CA-TS-FS-RF-0078-0226,Knits - Men,Style fashion,03/02/26,399.00,4002,0,0,0,Yes,True,1100550.00,,Saikat Kr Das,20/08/26,0,1,1,Yes,No,1,1,,4002,0,0,0,-,-,-,-,-,-,-,,-,-,-,-,-,-,-,-,-,-,-,-,-,-,-,-,-,-,-,-,-,-,-,-,-,-,-,-,-,-,-,-,-,-,-,-,-,-,-,-,-,-,-,-,-,-,-,-,-,-,-,-,-,-,-,-,-,-,-,-,-,-,-,-,-,-,-,-,-,-,-,0,0,0,0,0,0.00,0.00,0.00,,0.00,0,0
-37,,04563/25-26,CS-JB-UP-HS-3503-0226,Knits - Kids,Express,03/02/26,0.00,1500,1500,0,0,Yes,True,108000.00,,Titly Paul,01/03/26,1,1,,No,No,,0,,1500,0,0,0,,,,,1,,,0.097,1647.5,,,93337.5,3300.7,,,1910.00,1910.00,17/02/2026,25/02/2026,1910.00,"KNITS CUTTING (BLOCK- 4, 1ST FLOOR)",0,8,1910.00,1910.00,25/02/2026,07/03/2026,11460.00,MAHALAXMI GARMENTS,0,10,-,-,-,-,-,-,0,0,1910.00,1906.00,26/02/2026,25/03/2026,17154.00,DINESH BARUI,4,27,-,-,-,-,-,-,0,0,-,-,-,-,-,-,0,0,1906.00,0.00,03/04/2026,-,-,JAMINUL MONDAL,1906,5,-,-,-,-,-,-,0,0,0,0,36,50,-14,98285.70,30524.00,128809.70,42.88,54.13,-128809.70,0
-8,,04568/25-26,Demo-MU-KN-CA-TS-HS-RF-0082-0226,Knits - Men,market lmtd,03/02/26,249.00,3500,3500,0,0,Yes,True,493500.00,,Saikat Kr Das,30/03/26,1,1,3,Yes,Yes,3,3,,3500,0,0,0,6470,26,,,,,,0.214,9560.5,3224,,323707.35,,,,3500.00,3275.00,23/03/2026,23/03/2026,3275.00,"KNITS CUTTING (BLOCK- 4, 1ST FLOOR)",225,1,3275.00,3275.00,23/03/2026,30/03/2026,26200.00,LAXMI MACHINE MANORANJAN,0,7,-,-,-,-,-,-,0,0,1.00,0.00,01/04/2026,-,-,"BLOCK 4 STICHING BAPI GAZI, GOPALKA GARMENTS ( ADITYA SIR )",1,7,3275.00,0.00,03/04/2026,-,-,GOPALKA GARMENTS ( ADITYA SIR ),3275,5,-,-,-,-,-,-,0,0,-,-,-,-,-,-,0,0,-,-,-,-,-,-,0,0,36,22,7,20,-13,336491.85,29475.00,365966.85,111.75,0.00,-365966.85,0
80,,04555/25-26,Demo-MU-KN-CA-SH-HS-SF-0073-0226,Knits - Men,Style fashion,03/02/26,349.00,1380,0,0,0,Yes,True,289800.00,,Saikat Kr Das,26/06/26,0,1,2,Yes,No,2,2,,1380,0,0,0,-,-,-,-,-,-,-,,-,-,-,-,-,-,-,-,-,-,-,-,-,-,-,-,-,-,-,-,-,-,-,-,-,-,-,-,-,-,-,-,-,-,-,-,-,-,-,-,-,-,-,-,-,-,-,-,-,-,-,-,-,-,-,-,-,-,-,-,-,-,-,-,-,-,-,-,-,-,-,0,0,0,0,0,0.00,0.00,0.00,,0.00,0,0
107,,04558/25-26,Demo-MU-KN-CA-TS-FS-RF-0076-0226,Knits - Men,Style fashion,03/02/26,399.00,6000,0,0,0,Yes,True,1650000.00,,Saikat Kr Das,23/07/26,0,1,1,Yes,No,1,1,,6000,0,0,0,-,-,-,-,-,-,-,,-,-,-,-,-,-,-,-,-,-,-,-,-,-,-,-,-,-,-,-,-,-,-,-,-,-,-,-,-,-,-,-,-,-,-,-,-,-,-,-,-,-,-,-,-,-,-,-,-,-,-,-,-,-,-,-,-,-,-,-,-,-,-,-,-,-,-,-,-,-,-,0,0,0,0,0,0.00,0.00,0.00,,0.00,0,0
-8,,04567/25-26,Demo-MU-KN-CA-TS-HS-RF-0071-0226,Knits - Men,market lmtd,03/02/26,249.00,3500,3500,0,0,Yes,True,493500.00,,Saikat Kr Das,30/03/26,1,1,3,Yes,Yes,3,3,,3500,0,0,0,6670,,,,,,,0.211,9240.5,,,309724.36,,,,3500.00,3288.00,23/03/2026,25/03/2026,3288.00,"KNITS CUTTING (BLOCK- 4, 1ST FLOOR)",212,2,3288.00,3288.00,25/03/2026,01/04/2026,26304.00,LAXMI MACHINE MANORANJAN,0,7,-,-,-,-,-,-,0,0,-,-,-,-,-,-,0,0,3288.00,0.00,02/04/2026,-,-,SUPRA  INDUSTRIES,3288,6,-,-,-,-,-,-,0,0,-,-,-,-,-,-,0,0,-,-,-,-,-,-,0,0,36,22,9,15,-6,318964.86,29592.00,348556.86,104.94,0.00,-348556.86,0
-8,,04569/25-26,Demo-MU-KN-CA-TS-HS-RF-0083-0226,Knits - Men,market lmtd,03/02/26,249.00,3500,3500,0,0,Yes,True,493500.00,,Saikat Kr Das,30/03/26,1,1,3,Yes,Yes,3,3,,3500,0,0,0,6565,40,,,,,,0.219,9118.25,4960,,319378.47,,,,3500.00,3234.00,20/03/2026,25/03/2026,3234.00,"KNITS CUTTING (BLOCK- 4, 1ST FLOOR)",266,5,3234.00,3234.00,25/03/2026,06/04/2026,25872.00,LAXMI TABLE ADITI,0,12,-,-,-,-,-,-,0,0,3234.00,0.00,06/04/2026,-,-,BLOCK 4 STICHING BAPI GAZI,3234,2,-,-,-,-,-,-,0,0,-,-,-,-,-,-,0,0,-,-,-,-,-,-,0,0,-,-,-,-,-,-,0,0,36,22,17,19,-2,333456.72,29106.00,362562.72,112.11,0.00,-362562.72,0
135,,04561/25-26,Demo-MU-KN-CA-TS-FS-RF-0079-0226,Knits - Men,Style fashion,03/02/26,399.00,4002,0,0,0,Yes,True,1100550.00,,Saikat Kr Das,20/08/26,0,1,1,Yes,No,1,1,,4002,0,0,0,-,-,-,-,-,-,-,,-,-,-,-,-,-,-,-,-,-,-,-,-,-,-,-,-,-,-,-,-,-,-,-,-,-,-,-,-,-,-,-,-,-,-,-,-,-,-,-,-,-,-,-,-,-,-,-,-,-,-,-,-,-,-,-,-,-,-,-,-,-,-,-,-,-,-,-,-,-,-,0,0,0,0,0,0.00,0.00,0.00,,0.00,0,0
135,,04559/25-26,Demo-MU-KN-CA-TS-FS-RF-0077-0226,Knits - Men,Style fashion,03/02/26,399.00,6000,0,0,0,Yes,True,1650000.00,,Saikat Kr Das,20/08/26,0,1,1,Yes,No,1,1,,6000,0,0,0,-,-,-,-,-,-,-,,-,-,-,-,-,-,-,-,-,-,-,-,-,-,-,-,-,-,-,-,-,-,-,-,-,-,-,-,-,-,-,-,-,-,-,-,-,-,-,-,-,-,-,-,-,-,-,-,-,-,-,-,-,-,-,-,-,-,-,-,-,-,-,-,-,-,-,-,-,-,-,0,0,0,0,0,0.00,0.00,0.00,,0.00,0,0
-8,,04562/25-26,Demo-MU-KN-CA-TS-HS-RF-0070-0226,Knits - Men,market lmtd,03/02/26,249.00,3500,3500,0,0,Yes,True,493500.00,,Saikat Kr Das,30/03/26,1,1,3,Yes,Yes,3,3,,3500,0,0,0,6575,,,,,,,0.214,25424.75,,,306711.25,,,,3500.00,3239.00,18/03/2026,23/03/2026,3239.00,"KNITS CUTTING (BLOCK- 4, 1ST FLOOR)",261,5,3239.00,3239.00,23/03/2026,31/03/2026,25912.00,LAXMI MACHINE MANORANJAN,0,8,-,-,-,-,-,-,0,0,-1.00,0.00,03/04/2026,-,-,GOPALKA GARMENTS ( ADITYA SIR ),0,5,3239.00,0.00,03/04/2026,-,-,GOPALKA GARMENTS ( ADITYA SIR ),3239,5,-,-,-,-,-,-,0,0,-,-,-,-,-,-,0,0,-,-,-,-,-,-,0,0,36,22,13,23,-10,332136.00,29151.00,361287.00,111.54,0.00,-361287.00,0
135,,04565/25-26,Demo-MU-KN-CA-TS-FS-RF-0080-0226,Knits - Men,Style fashion,03/02/26,399.00,4002,0,0,0,Yes,True,1100550.00,,Saikat Kr Das,20/08/26,0,1,1,Yes,No,1,1,,4002,0,0,0,-,-,-,-,-,-,-,,-,-,-,-,-,-,-,-,-,-,-,-,-,-,-,-,-,-,-,-,-,-,-,-,-,-,-,-,-,-,-,-,-,-,-,-,-,-,-,-,-,-,-,-,-,-,-,-,-,-,-,-,-,-,-,-,-,-,-,-,-,-,-,-,-,-,-,-,-,-,-,0,0,0,0,0,0.00,0.00,0.00,,0.00,0,0
135,,04566/25-26,Demo-MU-KN-CA-TS-FS-RF-0081-0226,Knits - Men,Style fashion,03/02/26,399.00,4002,0,0,0,Yes,True,1100550.00,,Saikat Kr Das,20/08/26,0,1,1,Yes,No,1,1,,4002,0,0,0,-,-,-,-,-,-,-,,-,-,-,-,-,-,-,-,-,-,-,-,-,-,-,-,-,-,-,-,-,-,-,-,-,-,-,-,-,-,-,-,-,-,-,-,-,-,-,-,-,-,-,-,-,-,-,-,-,-,-,-,-,-,-,-,-,-,-,-,-,-,-,-,-,-,-,-,-,-,-,0,0,0,0,0,0.00,0.00,0.00,,0.00,0,0
-8,,04570/25-26,Demo-MU-KN-CA-TS-HS-RF-0084-0226,Knits - Men,market lmtd,03/02/26,249.00,3500,3500,0,0,Yes,True,493500.00,,Saikat Kr Das,30/03/26,1,1,3,Yes,Yes,3,3,,3500,0,0,0,13745,,,,,,,0.209,9573.5,,,305470.32,,,,3500.00,3342.00,20/03/2026,25/03/2026,3342.00,"KNITS CUTTING (BLOCK- 4, 1ST FLOOR)",158,5,3342.00,3342.00,25/03/2026,01/04/2026,26736.00,LAXMI MACHINE MANORANJAN,0,7,-,-,-,-,-,-,0,0,-,-,-,-,-,-,0,0,3342.00,0.00,02/04/2026,-,-,SUPRA  INDUSTRIES,3342,6,-,-,-,-,-,-,0,0,-,-,-,-,-,-,0,0,-,-,-,-,-,-,0,0,36,22,12,18,-6,315043.82,30078.00,345121.82,103.27,0.00,-345121.82,0
80,,04556/25-26,Demo-MU-KN-CA-SH-HS-SF-0074-0226,Knits - Men,Style fashion,03/02/26,349.00,1380,0,0,0,Yes,True,289800.00,,Saikat Kr Das,26/06/26,0,1,2,Yes,No,2,2,,1380,0,0,0,-,-,-,-,-,-,-,,-,-,-,-,-,-,-,-,-,-,-,-,-,-,-,-,-,-,-,-,-,-,-,-,-,-,-,-,-,-,-,-,-,-,-,-,-,-,-,-,-,-,-,-,-,-,-,-,-,-,-,-,-,-,-,-,-,-,-,-,-,-,-,-,-,-,-,-,-,-,-,0,0,0,0,0,0.00,0.00,0.00,,0.00,0,0
-37,,04564/25-26,CS-JB-UP-HS-3504-0226,Knits - Kids,Express,03/02/26,0.00,1500,1500,0,0,Yes,True,108000.00,,Titly Paul,01/03/26,1,1,,No,No,,0,,1500,0,0,0,1,,,,1,,,0.091,1333,,,65000,2630.7,,,1500.00,1480.00,17/02/2026,25/02/2026,1480.00,"KNITS CUTTING (BLOCK- 4, 1ST FLOOR)",20,8,1480.00,1480.00,26/02/2026,05/03/2026,10360.00,LAXMI TABLE ADITI,0,7,-,-,-,-,-,-,0,0,1477.00,1438.00,06/03/2026,19/03/2026,14380.00,HOSSAIN FASHION ( AJIBAR HOSSAIN ),39,13,-,-,-,-,-,-,0,0,-,-,-,-,-,-,0,0,1438.00,0.00,03/04/2026,-,-,JAMINUL MONDAL,1438,5,-,-,-,-,-,-,0,0,0,0,30,33,-3,68963.70,26220.00,95183.70,48.71,53.88,-95183.70,0
13,,04571/25-26,Demo-IB-LO-HP-3505-0226.,Knits - Kids,bangur client,04/02/26,39.00,5500,5500,5544,100.8,Yes,True,159500.00,160776.00,RASSDemo MOHAMMAD,20/04/26,1,1,22,No,Yes,22,0,04/04/26,-44,5544,0,0,88,,,,,,,0.046,15702.8,,,89600,,,,5500.00,5544.00,13/02/2026,16/02/2026,5544.00,"KNITS CUTTING (BLOCK- 4, 1ST FLOOR)",0,3,-,-,-,-,-,-,0,0,-,-,-,-,-,-,0,0,5544.00,5493.00,17/02/2026,18/03/2026,41197.50,"DINESH BARUI, GOTEX  APPARDemoS  PVT.  LTD. , RIDHI SIDHI APPARDemoS",51,29,-,-,-,-,-,-,0,0,-,-,-,-,-,-,0,0,-,-,-,-,-,-,0,0,5493.00,5493.00,18/03/2026,18/03/2026,1373.25,RAJ SARKAR (GARMENTS FINISHING CONTRACTOR),0,1,0,33,33,33,0,105302.80,48114.75,153417.55,27.67,25.89,7358.45,100
43,,04579/25-26,Demo-IB-LO-HP-3513-0226.,Knits - Kids,bangur client,04/02/26,39.00,3500,3500,0,0,Yes,True,101500.00,,RASSDemo MOHAMMAD,20/05/26,1,1,23,No,Yes,23,0,,3500,0,0,0,-,-,-,-,-,-,-,,-,-,-,-,-,-,-,-,-,-,-,-,-,-,-,-,-,-,-,-,-,-,-,-,-,-,-,-,-,-,-,-,-,-,-,-,-,-,-,-,-,-,-,-,-,-,-,-,-,-,-,-,-,-,-,-,-,-,-,-,-,-,-,-,-,-,-,-,-,-,-,0,33,0,0,0,0.00,0.00,0.00,,25.89,0,0
43,,04582/25-26,Demo-IB-LO-HP-3516-0226.,Knits - Kids,bangur client,04/02/26,39.00,3500,3500,0,0,Yes,True,101500.00,,RASSDemo MOHAMMAD,20/05/26,1,1,23,No,Yes,23,0,,3500,0,0,0,140,,,,,,,,11088.8,,,,,,,-,-,-,-,-,-,-,-,-,-,-,-,-,-,-,-,-,-,-,-,-,-,-,-,-,-,-,-,-,-,-,-,-,-,-,-,-,-,-,-,-,-,-,-,-,-,-,-,-,-,-,-,-,-,-,-,-,-,-,-,-,-,-,-,0,33,0,0,0,11088.80,0.00,11088.80,0.00,25.89,-11088.80,0
13,,04574/25-26,Demo-IB-LO-HP-3508-0226.,Knits - Kids,bangur client,04/02/26,39.00,5500,5500,1750,31.8,Yes,True,159500.00,50750.00,RASSDemo MOHAMMAD,20/04/26,1,1,22,No,Yes,22,0,06/04/26,3750,1750,0,0,80,,,,,,,0.043,6713,,,403278.43,6270,,,5500.00,5526.00,16/02/2026,23/02/2026,5526.00,"KNITS CUTTING (BLOCK- 4, 1ST FLOOR)",0,7,-,-,-,-,-,-,0,0,-,-,-,-,-,-,0,0,5526.00,5501.00,26/02/2026,01/04/2026,41257.50,"SHIB ENTERPRISE (SHIB SHANKAR GAIN), SHIV SHAKTI TEXTILE ( BAGJALER )",25,34,-,-,-,-,-,-,0,0,-,-,-,-,-,-,0,0,5501.00,5501.00,01/04/2026,02/04/2026,3300.60,4TH FLOOR IRONING,0,1,5501.00,5501.00,01/04/2026,06/04/2026,2200.40,RAJ SARKAR (GARMENTS FINISHING CONTRACTOR),0,5,0,33,49,47,2,416261.43,52424.30,468685.73,41.11,25.89,-417935.73,31.7
43,,04577/25-26,Demo-IB-LO-HP-3511-0226.,Knits - Kids,bangur client,04/02/26,39.00,3500,3500,0,0,Yes,True,101500.00,,RASSDemo MOHAMMAD,20/05/26,1,1,23,No,Yes,23,0,,3500,0,0,0,,,,150,,,,0.043,,,,52500,,,,3500.00,3528.00,23/03/2026,23/03/2026,3528.00,"KNITS CUTTING (BLOCK- 4, 1ST FLOOR)",0,1,-,-,-,-,-,-,0,0,-,-,-,-,-,-,0,0,-,-,-,-,-,-,0,0,-,-,-,-,-,-,0,0,-,-,-,-,-,-,0,0,-,-,-,-,-,-,0,0,-,-,-,-,-,-,0,0,0,33,0,1,-1,52500.00,3528.00,56028.00,15.88,25.89,-56028.00,0
43,,04580/25-26,Demo-IB-LO-HP-3514-0226.,Knits - Kids,bangur client,04/02/26,39.00,3500,3500,0,0,Yes,True,101500.00,,RASSDemo MOHAMMAD,20/05/26,1,1,23,No,Yes,23,0,,3500,0,0,0,-,-,-,-,-,-,-,,-,-,-,-,-,-,-,-,-,-,-,-,-,-,-,-,-,-,-,-,-,-,-,-,-,-,-,-,-,-,-,-,-,-,-,-,-,-,-,-,-,-,-,-,-,-,-,-,-,-,-,-,-,-,-,-,-,-,-,-,-,-,-,-,-,-,-,-,-,-,-,0,33,0,0,0,0.00,0.00,0.00,,25.89,0,0
13,,04576/25-26,Demo-IB-LO-HP-3510-0226.,Knits - Kids,bangur client,04/02/26,39.00,5500,5500,5520,100.4,Yes,True,159500.00,160080.00,RASSDemo MOHAMMAD,20/04/26,1,1,22,No,Yes,22,0,04/04/26,-20,5520,0,0,50,,,,5,,,0.045,5153,,,100457,6575,,,5500.00,5520.00,11/02/2026,16/02/2026,5520.00,"KNITS CUTTING (BLOCK- 4, 1ST FLOOR)",0,5,-,-,-,-,-,-,0,0,-,-,-,-,-,-,0,0,5520.00,5463.00,17/02/2026,07/03/2026,40972.50,HOSSAIN FASHION ( AJIBAR HOSSAIN ),57,18,-,-,-,-,-,-,0,0,-,-,-,-,-,-,0,0,5463.00,5463.00,17/03/2026,18/03/2026,2185.20,Bipula das (Asgar),0,1,5463.00,5460.00,18/03/2026,18/03/2026,1365.00,RAJ SARKAR (GARMENTS FINISHING CONTRACTOR),3,1,0,33,35,25,10,112185.00,50042.70,162227.70,29.39,25.89,-2147.70,100
13,,04573/25-26,Demo-IB-LO-HP-3507-0226.,Knits - Kids,bangur client,04/02/26,39.00,5500,5500,2446,44.5,Yes,True,159500.00,70934.00,RASSDemo MOHAMMAD,20/04/26,1,1,22,No,Yes,22,0,04/04/26,3054,2446,0,0,72,,,,,,,0.043,6297,,,112084.7,5280,,,5500.00,5544.00,13/02/2026,23/02/2026,5544.00,"KNITS CUTTING (BLOCK- 4, 1ST FLOOR)",0,10,-,-,-,-,-,-,0,0,-,-,-,-,-,-,0,0,5544.00,1800.00,26/02/2026,02/04/2026,13500.00,LOKENATH READYMADE FACTORY ( SENTU BISWAS ),3744,35,-,-,-,-,-,-,0,0,-,-,-,-,-,-,0,0,1800.00,1800.00,02/04/2026,06/04/2026,1440.00,4TH FLOOR IRONING,0,4,1800.00,3600.00,02/04/2026,06/04/2026,1080.00,RAJ SARKAR (GARMENTS FINISHING CONTRACTOR),0,4,0,33,52,53,-1,123661.70,21564.00,145225.70,22.15,25.89,-74291.70,44.1
13,,04575/25-26,Demo-IB-LO-HP-3509-0226.,Knits - Kids,bangur client,04/02/26,39.00,5500,5500,1750,31.8,Yes,True,159500.00,50750.00,RASSDemo MOHAMMAD,20/04/26,1,1,22,No,Yes,22,0,04/04/26,3750,1750,0,0,85,,,,,,,0.044,7921,,,91248,762,,,5500.00,5544.00,11/02/2026,12/02/2026,5544.00,"KNITS CUTTING (BLOCK- 4, 1ST FLOOR)",0,1,-,-,-,-,-,-,0,0,-,-,-,-,-,-,0,0,5544.00,5471.00,13/02/2026,18/03/2026,41032.50,"FARHAN GARMENTS, SHIB ENTERPRISE (SHIB SHANKAR GAIN), STORE",73,33,-,-,-,-,-,-,0,0,-,-,-,-,-,-,0,0,5471.00,5471.00,25/03/2026,06/04/2026,2188.40,4TH FLOOR IRONING,0,12,5471.00,5471.00,25/03/2026,06/04/2026,1367.75,RAJ SARKAR (GARMENTS FINISHING CONTRACTOR),0,12,0,33,54,58,-4,99931.00,50132.65,150063.65,27.07,25.89,-99313.65,31.6
43,,04578/25-26,Demo-IB-LO-HP-3512-0226.,Knits - Kids,bangur client,04/02/26,39.00,3500,3500,0,0,Yes,True,101500.00,,RASSDemo MOHAMMAD,20/05/26,1,1,23,No,Yes,23,0,,3500,0,0,0,-,-,-,-,-,-,-,,-,-,-,-,-,-,-,-,-,-,-,-,-,-,-,-,-,-,-,-,-,-,-,-,-,-,-,-,-,-,-,-,-,-,-,-,-,-,-,-,-,-,-,-,-,-,-,-,-,-,-,-,-,-,-,-,-,-,-,-,-,-,-,-,-,-,-,-,-,-,-,0,33,0,0,0,0.00,0.00,0.00,,25.89,0,0
13,,04572/25-26,Demo-IB-LO-HP-3506-0226.,Knits - Kids,bangur client,04/02/26,39.00,5500,5500,0,0,Yes,True,159500.00,,RASSDemo MOHAMMAD,20/04/26,1,1,22,No,Yes,22,0,,5500,0,0,0,80,,,,,,,0.04,6713,,,84856.05,,,,5500.00,5544.00,13/02/2026,16/02/2026,5544.00,"KNITS CUTTING (BLOCK- 4, 1ST FLOOR)",0,3,-,-,-,-,-,-,0,0,-,-,-,-,-,-,0,0,5544.00,0.00,17/02/2026,-,-,"DINESH BARUI, PRADIP SARKAR ( MOUSUMI GARMENTS )",5544,50,-,-,-,-,-,-,0,0,-,-,-,-,-,-,0,0,-,-,-,-,-,-,0,0,-,-,-,-,-,-,0,0,0,33,3,53,-50,91569.05,5544.00,97113.05,16.76,25.89,-97113.05,0
43,,04581/25-26,Demo-IB-LO-HP-3515-0226.,Knits - Kids,bangur client,04/02/26,39.00,3500,3500,0,0,Yes,True,101500.00,,RASSDemo MOHAMMAD,20/05/26,1,1,23,No,Yes,23,0,,3500,0,0,0,64,,,,,,,0.047,5273.8,,,68950,,,,4176.00,4176.00,23/03/2026,23/03/2026,4176.00,"KNITS CUTTING (BLOCK- 4, 1ST FLOOR)",0,1,-,-,-,-,-,-,0,0,-,-,-,-,-,-,0,0,4176.00,0.00,26/03/2026,-,-,"FARHAN GARMENTS, STORE",4176,13,-,-,-,-,-,-,0,0,-,-,-,-,-,-,0,0,-,-,-,-,-,-,0,0,-,-,-,-,-,-,0,0,0,33,0,14,-14,74223.80,4176.00,78399.80,18.77,25.89,-78399.80,0
-37,,04602/25-26,CS-Demo-UP-HS-3517-0226,Knits - Kids,Express,05/02/26,0.00,1200,1200,0,0,Yes,True,86400.00,,Titly Paul,01/03/26,1,1,,No,No,,0,,1200,0,0,0,,,,,1,,,0.158,865.8,,,58700,1940.7,,,1200.00,920.00,17/02/2026,28/02/2026,920.00,"KNITS CUTTING (BLOCK- 4, 1ST FLOOR)",280,11,920.00,920.00,02/03/2026,19/03/2026,7360.00,RB ENTERPRISE,0,17,-,-,-,-,-,-,0,0,920.00,887.00,19/03/2026,27/03/2026,9313.50,BHAI BHAI HOSIERY (LAXMAN BISWAS),33,8,-,-,-,-,-,-,0,0,-,-,-,-,-,-,0,0,887.00,0.00,03/04/2026,-,-,JAMINUL MONDAL,887,5,-,-,-,-,-,-,0,0,0,0,38,41,-3,61506.50,17593.50,79100.00,71.90,60.46,-79100.00,0
175,,04588/25-26,Demo-MU-KN-CA-TS-FS-RF-0090-0226,Knits - Men,Style fashion,05/02/26,599.00,3000,0,0,0,Yes,True,987000.00,,Saikat Kr Das,29/09/26,0,1,8,Yes,No,8,8,,3000,0,0,0,-,-,-,-,-,-,-,,-,-,-,-,-,-,-,-,-,-,-,-,-,-,-,-,-,-,-,-,-,-,-,-,-,-,-,-,-,-,-,-,-,-,-,-,-,-,-,-,-,-,-,-,-,-,-,-,-,-,-,-,-,-,-,-,-,-,-,-,-,-,-,-,-,-,-,-,-,-,-,0,0,0,0,0,0.00,0.00,0.00,,0.00,0,0
175,,04585/25-26,Demo-MU-KN-CA-TS-FS-RF-0087-0226,Knits - Men,Style fashion,05/02/26,599.00,2400,0,0,0,Yes,True,789600.00,,Saikat Kr Das,29/09/26,0,1,8,Yes,No,8,8,,2400,0,0,0,-,-,-,-,-,-,-,,-,-,-,-,-,-,-,-,-,-,-,-,-,-,-,-,-,-,-,-,-,-,-,-,-,-,-,-,-,-,-,-,-,-,-,-,-,-,-,-,-,-,-,-,-,-,-,-,-,-,-,-,-,-,-,-,-,-,-,-,-,-,-,-,-,-,-,-,-,-,-,0,0,0,0,0,0.00,0.00,0.00,,0.00,0,0
23,,04599/25-26,Demo-MU-KN-CA-TS-HS-SF-0101-0226,Knits - Men,market lmtd,05/02/26,299.00,3801,3801,0,0,Yes,True,668976.00,,Saikat Kr Das,30/04/26,1,1,0,Yes,Yes,0,0,,3801,0,0,0,,,,1036.42,,,,,,,,493395.84,,,,3801.00,0.00,28/03/2026,-,-,BUMBLE BEE GARMENTS PVT. LTD.,3801,11,-,-,-,-,-,-,0,0,-,-,-,-,-,-,0,0,-,-,-,-,-,-,0,0,-,-,-,-,-,-,0,0,-,-,-,-,-,-,0,0,-,-,-,-,-,-,0,0,-,-,-,-,-,-,0,0,51,49,0,11,-11,493395.84,0.00,493395.84,129.81,0.00,-493395.84,0
23,,04591/25-26,Demo-MU-KN-CA-TS-HS-SF-0093-0226,Knits - Men,market lmtd,05/02/26,299.00,3801,3801,0,0,Yes,True,668976.00,,Saikat Kr Das,30/04/26,1,1,0,Yes,Yes,0,0,,3801,0,0,0,-,-,-,-,-,-,-,,-,-,-,-,-,-,-,-,-,-,-,-,-,-,-,-,-,-,-,-,-,-,-,-,-,-,-,-,-,-,-,-,-,-,-,-,-,-,-,-,-,-,-,-,-,-,-,-,-,-,-,-,-,-,-,-,-,-,-,-,-,-,-,-,-,-,-,-,-,-,-,0,49,0,0,0,0.00,0.00,0.00,,0.00,0,0
175,,04583/25-26,Demo-MU-KN-CA-TS-FS-RF-0085-0226,Knits - Men,Style fashion,05/02/26,599.00,3000,0,0,0,Yes,True,1077000.00,,Saikat Kr Das,29/09/26,0,1,8,Yes,No,8,8,,3000,0,0,0,-,-,-,-,-,-,-,,-,-,-,-,-,-,-,-,-,-,-,-,-,-,-,-,-,-,-,-,-,-,-,-,-,-,-,-,-,-,-,-,-,-,-,-,-,-,-,-,-,-,-,-,-,-,-,-,-,-,-,-,-,-,-,-,-,-,-,-,-,-,-,-,-,-,-,-,-,-,-,0,0,0,0,0,0.00,0.00,0.00,,0.00,0,0
23,,04597/25-26,Demo-MU-KN-CA-TS-HS-SF-0099-0226,Knits - Men,market lmtd,05/02/26,299.00,3801,3801,0,0,Yes,True,668976.00,,Saikat Kr Das,30/04/26,1,1,0,Yes,Yes,0,0,,3801,0,0,0,,,,1019.84,,,,,,,,399595.04,,,,3801.00,0.00,28/03/2026,-,-,BUMBLE BEE GARMENTS PVT. LTD.,3801,11,-,-,-,-,-,-,0,0,-,-,-,-,-,-,0,0,-,-,-,-,-,-,0,0,-,-,-,-,-,-,0,0,-,-,-,-,-,-,0,0,-,-,-,-,-,-,0,0,-,-,-,-,-,-,0,0,51,49,0,11,-11,399595.04,0.00,399595.04,105.13,0.00,-399595.04,0
23,,04594/25-26,Demo-MU-KN-CA-TS-HS-SF-0096-0226,Knits - Men,market lmtd,05/02/26,299.00,3801,3801,0,0,Yes,True,668976.00,,Saikat Kr Das,30/04/26,1,1,0,Yes,Yes,0,0,,3801,0,0,0,-,-,-,-,-,-,-,,-,-,-,-,-,-,-,-,-,-,-,-,-,-,-,-,-,-,-,-,-,-,-,-,-,-,-,-,-,-,-,-,-,-,-,-,-,-,-,-,-,-,-,-,-,-,-,-,-,-,-,-,-,-,-,-,-,-,-,-,-,-,-,-,-,-,-,-,-,-,-,0,49,0,0,0,0.00,0.00,0.00,,0.00,0,0
175,,04586/25-26,Demo-MU-KN-CA-TS-FS-RF-0088-0226,Knits - Men,Style fashion,05/02/26,599.00,2400,0,0,0,Yes,True,818000.00,,Saikat Kr Das,29/09/26,0,1,8,Yes,No,8,8,,2400,0,0,0,-,-,-,-,-,-,-,,-,-,-,-,-,-,-,-,-,-,-,-,-,-,-,-,-,-,-,-,-,-,-,-,-,-,-,-,-,-,-,-,-,-,-,-,-,-,-,-,-,-,-,-,-,-,-,-,-,-,-,-,-,-,-,-,-,-,-,-,-,-,-,-,-,-,-,-,-,-,-,0,0,0,0,0,0.00,0.00,0.00,,0.00,0,0
23,,04600/25-26,Demo-MU-KN-CA-TS-HS-SF-0102-0226,Knits - Men,market lmtd,05/02/26,299.00,3801,3801,0,0,Yes,True,668976.00,,Saikat Kr Das,30/04/26,1,1,0,Yes,Yes,0,0,,3801,0,0,0,,,,1018.42,,,,,,,,365089.82,,,,3800.00,0.00,28/03/2026,-,-,BUMBLE BEE GARMENTS PVT. LTD.,3800,11,-,-,-,-,-,-,0,0,-,-,-,-,-,-,0,0,-,-,-,-,-,-,0,0,-,-,-,-,-,-,0,0,-,-,-,-,-,-,0,0,-,-,-,-,-,-,0,0,-,-,-,-,-,-,0,0,51,49,0,11,-11,365089.82,0.00,365089.82,96.08,0.00,-365089.82,0
-37,,04603/25-26,CS-Demo-UP-HS-3518-0226,Knits - Kids,Express,05/02/26,0.00,1200,1200,0,0,Yes,True,86400.00,,Titly Paul,01/03/26,1,1,,No,No,,0,,1200,0,0,0,1240,,,,,,,0.151,334.8,,,58365,,,,1200.00,768.00,17/02/2026,28/02/2026,768.00,"KNITS CUTTING (BLOCK- 4, 1ST FLOOR)",432,11,768.00,768.00,05/03/2026,20/03/2026,6144.00,LOKNATH PRINTING,0,15,-,-,-,-,-,-,0,0,768.00,768.00,10/03/2026,04/04/2026,8448.00,FARHAN GARMENTS,0,25,-,-,-,-,-,-,0,0,-,-,-,-,-,-,0,0,-,-,-,-,-,-,0,0,-,-,-,-,-,-,0,0,0,0,46,51,-5,58699.80,15360.00,74059.80,65.44,59.83,-74059.80,0
23,,04593/25-26,Demo-MU-KN-CA-TS-HS-SF-0095-0226,Knits - Men,market lmtd,05/02/26,299.00,3801,3801,0,0,Yes,True,668976.00,,Saikat Kr Das,30/04/26,1,1,0,Yes,Yes,0,0,,3801,0,0,0,-,-,-,-,-,-,-,,-,-,-,-,-,-,-,-,-,-,-,-,-,-,-,-,-,-,-,-,-,-,-,-,-,-,-,-,-,-,-,-,-,-,-,-,-,-,-,-,-,-,-,-,-,-,-,-,-,-,-,-,-,-,-,-,-,-,-,-,-,-,-,-,-,-,-,-,-,-,-,0,49,0,0,0,0.00,0.00,0.00,,0.00,0,0
175,,04584/25-26,Demo-MU-KN-CA-TS-FS-RF-0086-0226,Knits - Men,Style fashion,05/02/26,599.00,2400,0,0,0,Yes,True,789600.00,,Saikat Kr Das,29/09/26,0,1,8,Yes,No,8,8,,2400,0,0,0,-,-,-,-,-,-,-,,-,-,-,-,-,-,-,-,-,-,-,-,-,-,-,-,-,-,-,-,-,-,-,-,-,-,-,-,-,-,-,-,-,-,-,-,-,-,-,-,-,-,-,-,-,-,-,-,-,-,-,-,-,-,-,-,-,-,-,-,-,-,-,-,-,-,-,-,-,-,-,0,0,0,0,0,0.00,0.00,0.00,,0.00,0,0
175,,04587/25-26,Demo-MU-KN-CA-TS-FS-RF-0089-0226,Knits - Men,Style fashion,05/02/26,599.00,3000,0,0,0,Yes,True,987000.00,,Saikat Kr Das,29/09/26,0,1,8,Yes,No,8,8,,3000,0,0,0,-,-,-,-,-,-,-,,-,-,-,-,-,-,-,-,-,-,-,-,-,-,-,-,-,-,-,-,-,-,-,-,-,-,-,-,-,-,-,-,-,-,-,-,-,-,-,-,-,-,-,-,-,-,-,-,-,-,-,-,-,-,-,-,-,-,-,-,-,-,-,-,-,-,-,-,-,-,-,0,0,0,0,0,0.00,0.00,0.00,,0.00,0,0
23,,04596/25-26,Demo-MU-KN-CA-TS-HS-SF-0098-0226,Knits - Men,market lmtd,05/02/26,299.00,3801,3801,0,0,Yes,True,668976.00,,Saikat Kr Das,30/04/26,1,1,0,Yes,Yes,0,0,,3801,0,0,0,-,-,-,-,-,-,-,,-,-,-,-,-,-,-,-,-,-,-,-,-,-,-,-,-,-,-,-,-,-,-,-,-,-,-,-,-,-,-,-,-,-,-,-,-,-,-,-,-,-,-,-,-,-,-,-,-,-,-,-,-,-,-,-,-,-,-,-,-,-,-,-,-,-,-,-,-,-,-,51,49,0,0,0,0.00,0.00,0.00,,0.00,0,0
23,,04590/25-26,Demo-MU-KN-CA-TS-HS-SF-0092-0226,Knits - Men,market lmtd,05/02/26,299.00,3801,3801,0,0,Yes,True,668976.00,,Saikat Kr Das,30/04/26,1,1,0,Yes,Yes,0,0,,3801,0,0,0,-,-,-,-,-,-,-,,-,-,-,-,-,-,-,-,-,-,-,-,-,-,-,-,-,-,-,-,-,-,-,-,-,-,-,-,-,-,-,-,-,-,-,-,-,-,-,-,-,-,-,-,-,-,-,-,-,-,-,-,-,-,-,-,-,-,-,-,-,-,-,-,-,-,-,-,-,-,-,0,49,0,0,0,0.00,0.00,0.00,,0.00,0,0
23,,04595/25-26,Demo-MU-KN-CA-TS-HS-SF-0097-0226,Knits - Men,market lmtd,05/02/26,299.00,3801,3801,0,0,Yes,True,668976.00,,Saikat Kr Das,30/04/26,1,1,0,Yes,Yes,0,0,,3801,0,0,0,-,-,-,-,-,-,-,,-,-,-,-,-,-,-,-,-,-,-,-,-,-,-,-,-,-,-,-,-,-,-,-,-,-,-,-,-,-,-,-,-,-,-,-,-,-,-,-,-,-,-,-,-,-,-,-,-,-,-,-,-,-,-,-,-,-,-,-,-,-,-,-,-,-,-,-,-,-,-,0,49,0,0,0,0.00,0.00,0.00,,0.00,0,0
23,,04592/25-26,Demo-MU-KN-CA-TS-HS-SF-0094-0226,Knits - Men,market lmtd,05/02/26,299.00,3801,3801,0,0,Yes,True,668976.00,,Saikat Kr Das,30/04/26,1,1,0,Yes,Yes,0,0,,3801,0,0,0,-,-,-,-,-,-,-,,-,-,-,-,-,-,-,-,-,-,-,-,-,-,-,-,-,-,-,-,-,-,-,-,-,-,-,-,-,-,-,-,-,-,-,-,-,-,-,-,-,-,-,-,-,-,-,-,-,-,-,-,-,-,-,-,-,-,-,-,-,-,-,-,-,-,-,-,-,-,-,0,49,0,0,0,0.00,0.00,0.00,,0.00,0,0
175,,04589/25-26,Demo-MU-KN-CA-TS-FS-RF-0091-0226,Knits - Men,Style fashion,05/02/26,599.00,3000,0,0,0,Yes,True,987000.00,,Saikat Kr Das,29/09/26,0,1,8,Yes,No,8,8,,3000,0,0,0,-,-,-,-,-,-,-,,-,-,-,-,-,-,-,-,-,-,-,-,-,-,-,-,-,-,-,-,-,-,-,-,-,-,-,-,-,-,-,-,-,-,-,-,-,-,-,-,-,-,-,-,-,-,-,-,-,-,-,-,-,-,-,-,-,-,-,-,-,-,-,-,-,-,-,-,-,-,-,0,0,0,0,0,0.00,0.00,0.00,,0.00,0,0
23,,04598/25-26,Demo-MU-KN-CA-TS-HS-SF-0100-0226,Knits - Men,market lmtd,05/02/26,299.00,3801,3801,0,0,Yes,True,668976.00,,Saikat Kr Das,30/04/26,1,1,0,Yes,Yes,0,0,,3801,0,0,0,,,,985.3,,,,,,,,443868.8,,,,3801.00,0.00,28/03/2026,-,-,BUMBLE BEE GARMENTS PVT. LTD.,3801,11,-,-,-,-,-,-,0,0,-,-,-,-,-,-,0,0,-,-,-,-,-,-,0,0,-,-,-,-,-,-,0,0,-,-,-,-,-,-,0,0,-,-,-,-,-,-,0,0,-,-,-,-,-,-,0,0,51,49,0,11,-11,443868.80,0.00,443868.80,116.78,0.00,-443868.80,0
23,,04601/25-26,Demo-MU-KN-CA-TS-HS-SF-0103-0226,Knits - Men,market lmtd,05/02/26,299.00,3801,3801,0,0,Yes,True,668976.00,,Saikat Kr Das,30/04/26,1,1,0,Yes,Yes,0,0,,3801,0,0,0,-,-,-,-,-,-,-,,-,-,-,-,-,-,-,-,-,-,-,-,-,-,-,-,-,-,-,-,-,-,-,-,-,-,-,-,-,-,-,-,-,-,-,-,-,-,-,-,-,-,-,-,-,-,-,-,-,-,-,-,-,-,-,-,-,-,-,-,-,-,-,-,-,-,-,-,-,-,-,51,49,0,0,0,0.00,0.00,0.00,,0.00,0,0
15,,04605/25-26,TT-JB-WO-CA-SH-HS-RF-01125-0126,Woven,kolkata 2,06/02/26,299.00,20188,20188,0,0,Yes,True,3169516.00,,Md Shahzada,22/04/26,1,1,0,Yes,Yes,0,0,,20188,0,0,0,2,,,,,,,1.462,4250,14000,,,,,874836,20188.00,6300.00,02/04/2026,03/04/2026,9450.00,DILIP,13888,1,-,-,-,-,-,-,0,0,-,-,-,-,-,-,0,0,16032.00,0.00,03/04/2026,-,-,"TIPL- LINE NO- 11 , TIPL- LINE NO-1, TIPL- LINE NO-2",16032,5,-,-,-,-,-,-,0,0,-,-,-,-,-,-,0,0,-,-,-,-,-,-,0,0,-,-,-,-,-,-,0,0,48,34,1,6,-5,893086.00,9450.00,902536.00,143.26,0.00,-902536.00,0
1,,04608/25-26,TT-JB-WO-CA-SH-HS-RF-01126-0126,Woven,kolkata 2,06/02/26,299.00,20188,20188,0,0,Yes,True,3230080.00,,Md Shahzada,08/04/26,1,1,0,Yes,Yes,0,0,,20188,0,0,0,58,,,,,,,0.463,44198.5,14640,,,,,1085140,20188.00,20381.00,27/03/2026,27/03/2026,25476.25,DILIP,0,1,-,-,-,-,-,-,0,0,20373.00,15799.00,28/03/2026,01/04/2026,47397.00,"K.K EMBROIDERY(Mosammat Omila Khatun), kamal embroidery ( 5th floor )",4574,4,20373.00,0.00,31/03/2026,-,-,"TIPL- LINE NO- 10, TIPL- LINE NO-1, TIPL- LINE NO-4",20373,8,-,-,-,-,-,-,0,0,2500.00,0.00,06/04/2026,-,-,"RAZA WASHING PROCESS, S.M.D WASH",2500,2,-,-,-,-,-,-,0,0,-,-,-,-,-,-,0,0,38,39,5,15,-10,1143978.50,72873.25,1216851.75,59.71,0.00,-1216851.75,0
18,,04610/25-26,TT-JB-WO-CA-SH-HS-RF-01128-0126,Woven,kolkata 2,06/02/26,399.00,13287,13287,0,0,Yes,True,2630826.00,,Md Shahzada,25/04/26,1,1,0,Yes,Yes,0,0,,13287,0,0,0,-,-,-,-,-,-,-,,-,-,-,-,-,-,-,-,-,-,-,-,-,-,-,-,-,-,-,-,-,-,-,-,-,-,-,-,-,-,-,-,-,-,-,-,-,-,-,-,-,-,-,-,-,-,-,-,-,-,-,-,-,-,-,-,-,-,-,-,-,-,-,-,-,-,-,-,-,-,-,53,39,0,0,0,0.00,0.00,0.00,,0.00,0,0
74,,04619/25-26,Demo-MU-KN-CA-TS-HS-SF-0112-0226,Knits - Men,market lmtd,06/02/26,249.00,3000,0,0,0,Yes,True,435000.00,,Saikat Kr Das,20/06/26,0,1,4,Yes,Yes,4,4,,3000,0,0,0,-,-,-,-,-,-,-,,-,-,-,-,-,-,-,-,-,-,-,-,-,-,-,-,-,-,-,-,-,-,-,-,-,-,-,-,-,-,-,-,-,-,-,-,-,-,-,-,-,-,-,-,-,-,-,-,-,-,-,-,-,-,-,-,-,-,-,-,-,-,-,-,-,-,-,-,-,-,-,0,34,0,0,0,0.00,0.00,0.00,,0.00,0,0
135,,04606/25-26,Demo-MU-KN-CA-TS-FS-RF-0104-0226,Knits - Men,Style fashion,06/02/26,499.00,1800,0,0,0,Yes,True,603000.00,,Saikat Kr Das,20/08/26,0,1,7,Yes,No,7,7,,1800,0,0,0,-,-,-,-,-,-,-,,-,-,-,-,-,-,-,-,-,-,-,-,-,-,-,-,-,-,-,-,-,-,-,-,-,-,-,-,-,-,-,-,-,-,-,-,-,-,-,-,-,-,-,-,-,-,-,-,-,-,-,-,-,-,-,-,-,-,-,-,-,-,-,-,-,-,-,-,-,-,-,0,0,0,0,0,0.00,0.00,0.00,,0.00,0,0
115,,04616/25-26,Demo-MU-KN-CA-TS-FS-RF-0109-0226,Knits - Men,Style fashion,06/02/26,399.00,2400,0,0,0,Yes,True,564000.00,,Saikat Kr Das,31/07/26,0,1,6,Yes,No,6,6,,2400,0,0,0,-,-,-,-,-,-,-,,-,-,-,-,-,-,-,-,-,-,-,-,-,-,-,-,-,-,-,-,-,-,-,-,-,-,-,-,-,-,-,-,-,-,-,-,-,-,-,-,-,-,-,-,-,-,-,-,-,-,-,-,-,-,-,-,-,-,-,-,-,-,-,-,-,-,-,-,-,-,-,0,0,0,0,0,0.00,0.00,0.00,,0.00,0,0
114,,04617/25-26,Demo-MU-KN-CA-TS-FS-RF-0110-0226,Knits - Men,Style fashion,06/02/26,399.00,3000,0,0,0,Yes,True,705000.00,,Saikat Kr Das,30/07/26,0,1,6,Yes,No,6,6,,3000,0,0,0,-,-,-,-,-,-,-,,-,-,-,-,-,-,-,-,-,-,-,-,-,-,-,-,-,-,-,-,-,-,-,-,-,-,-,-,-,-,-,-,-,-,-,-,-,-,-,-,-,-,-,-,-,-,-,-,-,-,-,-,-,-,-,-,-,-,-,-,-,-,-,-,-,-,-,-,-,-,-,0,0,0,0,0,0.00,0.00,0.00,,0.00,0,0
114,,04613/25-26,Demo-MU-KN-CA-TS-FS-RF-0108-0226,Knits - Men,Style fashion,06/02/26,399.00,2400,0,0,0,Yes,True,564000.00,,Saikat Kr Das,30/07/26,0,1,6,Yes,No,6,6,,2400,0,0,0,-,-,-,-,-,-,-,,-,-,-,-,-,-,-,-,-,-,-,-,-,-,-,-,-,-,-,-,-,-,-,-,-,-,-,-,-,-,-,-,-,-,-,-,-,-,-,-,-,-,-,-,-,-,-,-,-,-,-,-,-,-,-,-,-,-,-,-,-,-,-,-,-,-,-,-,-,-,-,0,0,0,0,0,0.00,0.00,0.00,,0.00,0,0
15,,04604/25-26,TT-JB-WO-CA-SH-HS-RF-01124-0126,Woven,kolkata 2,06/02/26,299.00,20188,20188,0,0,Yes,True,3169516.00,,Md Shahzada,22/04/26,1,1,0,Yes,Yes,0,0,,20188,0,0,0,,,,,,,9639.2,,,,,,,,915724,20188.00,0.00,02/04/2026,-,-,DILIP,20188,6,-,-,-,-,-,-,0,0,-,-,-,-,-,-,0,0,-,-,-,-,-,-,0,0,-,-,-,-,-,-,0,0,-,-,-,-,-,-,0,0,-,-,-,-,-,-,0,0,-,-,-,-,-,-,0,0,48,39,0,6,-6,915724.00,0.00,915724.00,45.36,0.00,-915724.00,0
115,,04611/25-26,Demo-MU-KN-CA-TS-FS-RF-0106-0226,Knits - Men,Style fashion,06/02/26,399.00,3000,0,0,0,Yes,True,705000.00,,Saikat Kr Das,31/07/26,0,1,6,Yes,No,6,6,,3000,0,0,0,-,-,-,-,-,-,-,,-,-,-,-,-,-,-,-,-,-,-,-,-,-,-,-,-,-,-,-,-,-,-,-,-,-,-,-,-,-,-,-,-,-,-,-,-,-,-,-,-,-,-,-,-,-,-,-,-,-,-,-,-,-,-,-,-,-,-,-,-,-,-,-,-,-,-,-,-,-,-,0,0,0,0,0,0.00,0.00,0.00,,0.00,0,0
18,,04615/25-26,TT-JB-WO-CA-SH-HS-RF-01130-0126,Woven,kolkata 2,06/02/26,299.00,17716,17716,0,0,Yes,True,3064868.00,,Md Shahzada,25/04/26,1,1,0,Yes,Yes,0,0,,17716,0,0,0,50,,,,,,,,10365,12180,,,,,,-,-,-,-,-,-,0,0,-,-,-,-,-,-,0,0,-,-,-,-,-,-,0,0,17716.00,0.00,06/04/2026,-,-,TIPL- LINE NO-4,17716,2,-,-,-,-,-,-,0,0,-,-,-,-,-,-,0,0,-,-,-,-,-,-,0,0,-,-,-,-,-,-,0,0,53,39,0,2,-2,22545.00,0.00,22545.00,0.00,0.00,-22545.00,0
135,,04607/25-26,Demo-MU-KN-CA-TS-FS-RF-0105-0226,Knits - Men,Style fashion,06/02/26,499.00,1800,0,0,0,Yes,True,603000.00,,Saikat Kr Das,20/08/26,0,1,7,Yes,No,7,7,,1800,0,0,0,-,-,-,-,-,-,-,,-,-,-,-,-,-,-,-,-,-,-,-,-,-,-,-,-,-,-,-,-,-,-,-,-,-,-,-,-,-,-,-,-,-,-,-,-,-,-,-,-,-,-,-,-,-,-,-,-,-,-,-,-,-,-,-,-,-,-,-,-,-,-,-,-,-,-,-,-,-,-,0,0,0,0,0,0.00,0.00,0.00,,0.00,0,0
1,,04609/25-26,TT-JB-WO-CA-SH-HS-RF-01127-0126,Woven,kolkata 2,06/02/26,299.00,20188,20188,0,0,Yes,True,3230080.00,,Md Shahzada,08/04/26,1,1,0,Yes,Yes,0,0,,20188,0,0,0,51,,,,,,,0.454,45920,18410,,,,,1060990,20188.00,20331.00,25/03/2026,25/03/2026,25413.75,DILIP,0,1,-,-,-,-,-,-,0,0,20331.00,13518.00,25/03/2026,06/04/2026,54072.00,"AHANAMIN ENTERPRISE, kamal embroidery ( 5th floor )",6813,12,20331.00,0.00,28/03/2026,-,-,"TIPL- LINE NO- 11 , TIPL- LINE NO-2, TIPL- LINE NO-3",20331,11,-,-,-,-,-,-,0,0,-,-,-,-,-,-,0,0,-,-,-,-,-,-,0,0,-,-,-,-,-,-,0,0,40,24,12,24,-12,1125320.00,79485.75,1204805.75,59.25,0.00,-1204805.75,0
-30,,04612/25-26,Demo-MU-KN-CA-TS-FS-RF-0107-0226,Knits - Men,Style fashion,06/02/26,399.00,3000,0,0,0,Yes,True,705000.00,,Saikat Kr Das,08/03/26,0,1,6,Yes,No,6,6,,3000,0,0,0,-,-,-,-,-,-,-,,-,-,-,-,-,-,-,-,-,-,-,-,-,-,-,-,-,-,-,-,-,-,-,-,-,-,-,-,-,-,-,-,-,-,-,-,-,-,-,-,-,-,-,-,-,-,-,-,-,-,-,-,-,-,-,-,-,-,-,-,-,-,-,-,-,-,-,-,-,-,-,0,0,0,0,0,0.00,0.00,0.00,,0.00,0,0
18,,04614/25-26,TT-JB-WO-CA-SH-HS-RF-01129-0126,Woven,kolkata 2,06/02/26,299.00,17716,17716,0,0,Yes,True,3064868.00,,Md Shahzada,25/04/26,1,1,0,Yes,Yes,0,0,,17716,0,0,0,68,,,,,,,0.513,8920.75,16695,,,,,1095360,17716.00,17804.00,28/03/2026,01/04/2026,26706.00,DILIP,0,4,-,-,-,-,-,-,0,0,-,-,-,-,-,-,0,0,14364.00,0.00,04/04/2026,-,-,"TIPL- LINE NO- 10, TIPL- LINE NO-3, TIPL- LINE NO-7",14364,4,-,-,-,-,-,-,0,0,-,-,-,-,-,-,0,0,-,-,-,-,-,-,0,0,-,-,-,-,-,-,0,0,45,24,4,8,-4,1120975.75,26706.00,1147681.75,64.46,0.00,-1147681.75,0
74,,04618/25-26,Demo-MU-KN-CA-TS-HS-SF-0111-0226,Knits - Men,market lmtd,06/02/26,249.00,3000,0,0,0,Yes,True,435000.00,,Saikat Kr Das,20/06/26,0,1,4,Yes,Yes,4,4,,3000,0,0,0,-,-,-,-,-,-,-,,-,-,-,-,-,-,-,-,-,-,-,-,-,-,-,-,-,-,-,-,-,-,-,-,-,-,-,-,-,-,-,-,-,-,-,-,-,-,-,-,-,-,-,-,-,-,-,-,-,-,-,-,-,-,-,-,-,-,-,-,-,-,-,-,-,-,-,-,-,-,-,0,34,0,0,0,0.00,0.00,0.00,,0.00,0,0
74,,04622/25-26,Demo-MU-KN-CA-TS-HS-SF-0115-0226,Knits - Men,market lmtd,07/02/26,249.00,3000,0,0,0,Yes,True,435000.00,,Saikat Kr Das,20/06/26,0,1,3,Yes,Yes,3,3,,3000,0,0,0,-,-,-,-,-,-,-,,-,-,-,-,-,-,-,-,-,-,-,-,-,-,-,-,-,-,-,-,-,-,-,-,-,-,-,-,-,-,-,-,-,-,-,-,-,-,-,-,-,-,-,-,-,-,-,-,-,-,-,-,-,-,-,-,-,-,-,-,-,-,-,-,-,-,-,-,-,-,-,0,33,0,0,0,0.00,0.00,0.00,,0.00,0,0
74,,04625/25-26,Demo-MU-KN-CA-TS-HS-SF-0118-0226,Knits - Men,market lmtd,07/02/26,249.00,3000,0,0,0,Yes,True,435000.00,,Saikat Kr Das,20/06/26,0,1,3,Yes,Yes,3,3,,3000,0,0,0,-,-,-,-,-,-,-,,-,-,-,-,-,-,-,-,-,-,-,-,-,-,-,-,-,-,-,-,-,-,-,-,-,-,-,-,-,-,-,-,-,-,-,-,-,-,-,-,-,-,-,-,-,-,-,-,-,-,-,-,-,-,-,-,-,-,-,-,-,-,-,-,-,-,-,-,-,-,-,0,33,0,0,0,0.00,0.00,0.00,,0.00,0,0
74,,04621/25-26,Demo-MU-KN-CA-TS-HS-SF-0114-0226,Knits - Men,market lmtd,07/02/26,249.00,3000,0,0,0,Yes,True,435000.00,,Saikat Kr Das,20/06/26,0,1,3,Yes,Yes,3,3,,3000,0,0,0,-,-,-,-,-,-,-,,-,-,-,-,-,-,-,-,-,-,-,-,-,-,-,-,-,-,-,-,-,-,-,-,-,-,-,-,-,-,-,-,-,-,-,-,-,-,-,-,-,-,-,-,-,-,-,-,-,-,-,-,-,-,-,-,-,-,-,-,-,-,-,-,-,-,-,-,-,-,-,0,33,0,0,0,0.00,0.00,0.00,,0.00,0,0
74,,04624/25-26,Demo-MU-KN-CA-TS-HS-SF-0117-0226,Knits - Men,market lmtd,07/02/26,249.00,3000,0,0,0,Yes,True,435000.00,,Saikat Kr Das,20/06/26,0,1,3,Yes,Yes,3,3,,3000,0,0,0,-,-,-,-,-,-,-,,-,-,-,-,-,-,-,-,-,-,-,-,-,-,-,-,-,-,-,-,-,-,-,-,-,-,-,-,-,-,-,-,-,-,-,-,-,-,-,-,-,-,-,-,-,-,-,-,-,-,-,-,-,-,-,-,-,-,-,-,-,-,-,-,-,-,-,-,-,-,-,0,33,0,0,0,0.00,0.00,0.00,,0.00,0,0
74,,04620/25-26,Demo-MU-KN-CA-TS-HS-SF-0113-0226,Knits - Men,market lmtd,07/02/26,249.00,3000,0,0,0,Yes,True,435000.00,,Saikat Kr Das,20/06/26,0,1,3,Yes,Yes,3,3,,3000,0,0,0,-,-,-,-,-,-,-,,-,-,-,-,-,-,-,-,-,-,-,-,-,-,-,-,-,-,-,-,-,-,-,-,-,-,-,-,-,-,-,-,-,-,-,-,-,-,-,-,-,-,-,-,-,-,-,-,-,-,-,-,-,-,-,-,-,-,-,-,-,-,-,-,-,-,-,-,-,-,-,0,33,0,0,0,0.00,0.00,0.00,,0.00,0,0
74,,04623/25-26,Demo-MU-KN-CA-TS-HS-SF-0116-0226,Knits - Men,market lmtd,07/02/26,249.00,3000,0,0,0,Yes,True,435000.00,,Saikat Kr Das,20/06/26,0,1,3,Yes,Yes,3,3,,3000,0,0,0,-,-,-,-,-,-,-,,-,-,-,-,-,-,-,-,-,-,-,-,-,-,-,-,-,-,-,-,-,-,-,-,-,-,-,-,-,-,-,-,-,-,-,-,-,-,-,-,-,-,-,-,-,-,-,-,-,-,-,-,-,-,-,-,-,-,-,-,-,-,-,-,-,-,-,-,-,-,-,0,33,0,0,0,0.00,0.00,0.00,,0.00,0,0
23,,04626/25-26,Demo-UP-HS-3519-0226,Knits - Kids,Raju mega amrt,09/02/26,65.00,12000,12000,0,0,Yes,True,534000.00,,SUBHAJIT PATRA,30/04/26,1,1,1,Yes,Yes,1,1,,12000,0,0,0,-,-,-,-,-,-,-,,-,-,-,-,-,-,-,-,-,-,-,-,-,-,-,-,-,-,-,-,-,-,-,-,-,-,-,-,-,-,-,-,-,-,-,-,-,-,-,-,-,-,-,-,-,-,-,-,-,-,-,-,-,-,-,-,-,-,-,-,-,-,-,-,-,-,-,-,-,-,-,0,29,0,0,0,0.00,0.00,0.00,,43.78,0,0
13,,04639/25-26,Demo-JB-SET-HS-3526-0226,Knits - Kids,Raju mega amrt,10/02/26,189.00,8000,0,0,0,Yes,True,1512000.00,,SUBHAJIT PATRA,20/04/26,0,2,,No,No,,0,,8000,0,0,0,-,-,-,-,-,-,-,,-,-,-,-,-,-,-,-,-,-,-,-,-,-,-,-,-,-,-,-,-,-,-,-,-,-,-,-,-,-,-,-,-,-,-,-,-,-,-,-,-,-,-,-,-,-,-,-,-,-,-,-,-,-,-,-,-,-,-,-,-,-,-,-,-,-,-,-,-,-,-,0,0,0,0,0,0.00,0.00,0.00,,109.24,0,0
13,,04630/25-26,MI-IB-JB-UP-SL-3539-0226,Knits - Kids,saturn inf,10/02/26,1.00,2502,2502,0,0,Yes,True,2502.00,,Suman Debnath,20/04/26,1,1,3,Yes,No,3,3,,2502,0,0,0,2,,,,,,,0.067,1157,,,82935.6,,,,2502.00,2520.00,19/03/2026,23/03/2026,2520.00,"KNITS CUTTING (BLOCK- 4, 1ST FLOOR)",0,4,2520.00,2520.00,23/03/2026,02/04/2026,12600.00,MAHALAXMI GARMENTS,0,10,-,-,-,-,-,-,0,0,2520.00,0.00,02/04/2026,-,-,"STORE, TAPARIA BLOCK 24 (L SUBRATA)",2520,6,-,-,-,-,-,-,0,0,-,-,-,-,-,-,0,0,-,-,-,-,-,-,0,0,-,-,-,-,-,-,0,0,30,0,14,20,-6,84092.60,15120.00,99212.60,36.95,0.00,-99212.60,0
23,,04636/25-26,Demo-JB-SET-HS-3523-0226,Knits - Kids,Raju mega amrt,10/02/26,189.00,8000,8000,0,0,Yes,True,1512000.00,,SUBHAJIT PATRA,30/04/26,1,2,13,Yes,Yes,13,13,,8000,0,0,0,102,,,,,,,,6324,,,,,,,-,-,-,-,-,-,-,-,-,-,-,-,-,-,-,-,-,-,-,-,-,-,-,-,-,-,-,-,-,-,-,-,-,-,-,-,-,-,-,-,-,-,-,-,-,-,-,-,-,-,-,-,-,-,-,-,-,-,-,-,-,-,-,-,0,49,0,0,0,6324.00,0.00,6324.00,0.00,110.34,-6324.00,0
13,,04642/25-26,Demo-JB-SET-HS-3529-0226,Knits - Kids,Raju mega amrt,10/02/26,189.00,8000,8000,0,0,Yes,True,1512000.00,,SUBHAJIT PATRA,20/04/26,1,2,17,Yes,Yes,17,17,,8000,0,0,0,,,,1373.75,,,,0.082,,,,598155.35,,,,16000.00,16048.00,19/03/2026,25/03/2026,16048.00,"KNITS CUTTING (BLOCK- 4, 1ST FLOOR)",0,6,16048.00,0.00,25/03/2026,-,-,LAXMI MACHINE MANORANJAN,16048,14,-,-,-,-,-,-,0,0,-,-,-,-,-,-,0,0,-,-,-,-,-,-,0,0,-,-,-,-,-,-,0,0,-,-,-,-,-,-,0,0,-,-,-,-,-,-,0,0,31,32,6,20,-14,598155.35,16048.00,614203.35,74.36,112.46,-614203.35,0
23,,04633/25-26,Demo-JB-SET-HS-3520-0226,Knits - Kids,Raju mega amrt,10/02/26,259.00,8000,8000,0,0,Yes,True,1208000.00,,SUBHAJIT PATRA,30/04/26,1,2,13,Yes,Yes,13,13,,8000,0,0,0,-,-,-,-,-,-,-,,-,-,-,-,-,-,-,-,-,-,-,-,-,-,-,-,-,-,-,-,-,-,-,-,-,-,-,-,-,-,-,-,-,-,-,-,-,-,-,-,-,-,-,-,-,-,-,-,-,-,-,-,-,-,-,-,-,-,-,-,-,-,-,-,-,-,-,-,-,-,-,0,49,0,0,0,0.00,0.00,0.00,,139.91,0,0
23,,04645/25-26,Demo-JB-SET-HS-3532-0226,Knits - Kids,Raju mega amrt,10/02/26,259.00,8000,8000,0,0,Yes,True,1208000.00,,SUBHAJIT PATRA,30/04/26,1,2,13,Yes,Yes,13,13,,8000,0,0,0,-,-,-,-,-,-,-,,-,-,-,-,-,-,-,-,-,-,-,-,-,-,-,-,-,-,-,-,-,-,-,-,-,-,-,-,-,-,-,-,-,-,-,-,-,-,-,-,-,-,-,-,-,-,-,-,-,-,-,-,-,-,-,-,-,-,-,-,-,-,-,-,-,-,-,-,-,-,-,0,53,0,0,0,0.00,0.00,0.00,,136.22,0,0
13,,04631/25-26,MI-IB-JB-UP-SL-3540-0226,Knits - Kids,saturn inf,10/02/26,1.00,2502,2502,0,0,Yes,True,2502.00,,Suman Debnath,20/04/26,1,1,3,Yes,No,3,3,,2502,0,0,0,,,,192.8,,,,0.066,,,,86293.8,,,,2502.00,2520.00,19/03/2026,27/03/2026,2520.00,"KNITS CUTTING (BLOCK- 4, 1ST FLOOR)",0,8,2520.00,2520.00,27/03/2026,06/04/2026,17640.00,LAXMI MACHINE MANORANJAN,0,10,-,-,-,-,-,-,0,0,2520.00,0.00,07/04/2026,-,-,BHAI BHAI HOSIERY (LAXMAN BISWAS),2520,1,-,-,-,-,-,-,0,0,-,-,-,-,-,-,0,0,-,-,-,-,-,-,0,0,-,-,-,-,-,-,0,0,30,0,18,19,-1,86293.80,20160.00,106453.80,38.49,0.00,-106453.80,0
13,,04628/25-26,MI-JG-SG-UP-HS-3537-0226,Knits - Kids,saturn inf,10/02/26,1.00,2400,2400,0,0,Yes,True,2400.00,,Suman Debnath,20/04/26,1,1,13,Yes,No,13,13,,2400,0,0,0,-,-,-,-,-,-,-,,-,-,-,-,-,-,-,-,-,-,-,-,-,-,-,-,-,-,-,-,-,-,-,-,-,-,-,-,-,-,-,-,-,-,-,-,-,-,-,-,-,-,-,-,-,-,-,-,-,-,-,-,-,-,-,-,-,-,-,-,-,-,-,-,-,-,-,-,-,-,-,44,0,0,0,0,0.00,0.00,0.00,,0.00,0,0
23,,04634/25-26,Demo-JB-SET-HS-3521-0226,Knits - Kids,Raju mega amrt,10/02/26,259.00,8000,8000,0,0,Yes,True,1208000.00,,SUBHAJIT PATRA,30/04/26,1,2,13,Yes,Yes,13,13,,8000,0,0,0,-,-,-,-,-,-,-,,-,-,-,-,-,-,-,-,-,-,-,-,-,-,-,-,-,-,-,-,-,-,-,-,-,-,-,-,-,-,-,-,-,-,-,-,-,-,-,-,-,-,-,-,-,-,-,-,-,-,-,-,-,-,-,-,-,-,-,-,-,-,-,-,-,-,-,-,-,-,-,0,53,0,0,0,0.00,0.00,0.00,,133.88,0,0
23,,04640/25-26,Demo-JB-SET-HS-3527-0226,Knits - Kids,Raju mega amrt,10/02/26,189.00,8000,8000,0,0,Yes,True,1512000.00,,SUBHAJIT PATRA,30/04/26,1,2,13,Yes,Yes,13,13,,8000,0,0,0,-,-,-,-,-,-,-,,-,-,-,-,-,-,-,-,-,-,-,-,-,-,-,-,-,-,-,-,-,-,-,-,-,-,-,-,-,-,-,-,-,-,-,-,-,-,-,-,-,-,-,-,-,-,-,-,-,-,-,-,-,-,-,-,-,-,-,-,-,-,-,-,-,-,-,-,-,-,-,0,53,0,0,0,0.00,0.00,0.00,,111.89,0,0
13,,04637/25-26,Demo-JB-SET-HS-3524-0226,Knits - Kids,Raju mega amrt,10/02/26,259.00,8000,0,0,0,Yes,True,1512000.00,,SUBHAJIT PATRA,20/04/26,0,2,,No,No,,0,,8000,0,0,0,-,-,-,-,-,-,-,,-,-,-,-,-,-,-,-,-,-,-,-,-,-,-,-,-,-,-,-,-,-,-,-,-,-,-,-,-,-,-,-,-,-,-,-,-,-,-,-,-,-,-,-,-,-,-,-,-,-,-,-,-,-,-,-,-,-,-,-,-,-,-,-,-,-,-,-,-,-,-,0,0,0,0,0,0.00,0.00,0.00,,133.42,0,0
13,,04648/25-26,Demo-JB-SET-HS-3535-0226,Knits - Kids,Raju mega amrt,10/02/26,189.00,8000,8000,0,0,Yes,True,984320.00,,SUBHAJIT PATRA,20/04/26,1,2,17,Yes,Yes,17,17,,8000,0,0,0,112,,,,,,,0.081,6944,,,572921.2,,,,16000.00,16000.00,18/03/2026,23/03/2026,16000.00,"KNITS CUTTING (BLOCK- 4, 1ST FLOOR)",0,5,16000.00,16000.00,20/03/2026,31/03/2026,112000.00,LAXMI MACHINE MANORANJAN,0,11,-,-,-,-,-,-,0,0,16000.00,0.00,01/04/2026,-,-,"RAJDEEP GARMENTS , TAPARIA BLOCK 24 (L SUBRATA)",16000,7,-,-,-,-,-,-,0,0,-,-,-,-,-,-,0,0,-,-,-,-,-,-,0,0,-,-,-,-,-,-,0,0,36,32,13,23,-10,579865.20,128000.00,707865.20,86.44,110.85,-707865.20,0
13,,04627/25-26,MI-JG-SG-UP-HS-3536-0226,Knits - Kids,saturn inf,10/02/26,1.00,2400,2400,0,0,Yes,True,2400.00,,Suman Debnath,20/04/26,1,1,10,Yes,No,10,10,,2400,0,0,0,-,-,-,-,-,-,-,,-,-,-,-,-,-,-,-,-,-,-,-,-,-,-,-,-,-,-,-,-,-,-,-,-,-,-,-,-,-,-,-,-,-,-,-,-,-,-,-,-,-,-,-,-,-,-,-,-,-,-,-,-,-,-,-,-,-,-,-,-,-,-,-,-,-,-,-,-,-,-,27,0,0,0,0,0.00,0.00,0.00,,0.00,0,0
23,,04638/25-26,Demo-JB-SET-HS-3525-0226,Knits - Kids,Raju mega amrt,10/02/26,189.00,8000,8000,0,0,Yes,True,1512000.00,,SUBHAJIT PATRA,30/04/26,1,2,13,Yes,Yes,13,13,,8000,0,0,0,,,,1327.05,,,,,,,,592744.5,,,,16000.00,0.00,03/04/2026,-,-,"KNITS CUTTING (BLOCK- 4, 1ST FLOOR)",16000,5,-,-,-,-,-,-,0,0,-,-,-,-,-,-,0,0,-,-,-,-,-,-,0,0,-,-,-,-,-,-,0,0,-,-,-,-,-,-,0,0,-,-,-,-,-,-,0,0,-,-,-,-,-,-,0,0,49,49,0,5,-5,592744.50,0.00,592744.50,74.09,111.89,-592744.50,0
23,,04641/25-26,Demo-JB-SET-HS-3528-0226,Knits - Kids,Raju mega amrt,10/02/26,189.00,8000,8000,0,0,Yes,True,1512000.00,,SUBHAJIT PATRA,30/04/26,1,2,13,Yes,Yes,13,13,,8000,0,0,0,-,-,-,-,-,-,-,,-,-,-,-,-,-,-,-,-,-,-,-,-,-,-,-,-,-,-,-,-,-,-,-,-,-,-,-,-,-,-,-,-,-,-,-,-,-,-,-,-,-,-,-,-,-,-,-,-,-,-,-,-,-,-,-,-,-,-,-,-,-,-,-,-,-,-,-,-,-,-,0,53,0,0,0,0.00,0.00,0.00,,111.89,0,0
84,,04650/25-26,HO-Demo-JG-FP-3543-0226,Knits - Kids,HOME2,10/02/26,399.00,2500,2500,0,0,Yes,True,450000.00,,BIKASH Mishra,30/06/26,1,1,1,No,Yes,1,0,,2500,0,0,0,4879,,,,,,,0.258,13433.15,,,443168.71,,,,2500.00,2696.00,14/02/2026,24/02/2026,2696.00,"KNITS CUTTING (BLOCK- 4, 1ST FLOOR)",0,10,2696.00,2696.00,24/02/2026,27/02/2026,13480.00,LAXMI TABLE ADITI,0,3,-,-,-,-,-,-,0,0,-,-,-,-,-,-,0,0,-,-,-,-,-,-,0,0,-,-,-,-,-,-,0,0,-,-,-,-,-,-,0,0,-,-,-,-,-,-,0,0,0,4,13,13,0,456601.86,16176.00,472777.86,175.36,154.45,-472777.86,0
13,,04647/25-26,Demo-JB-SET-HS-3534-0226,Knits - Kids,Raju mega amrt,10/02/26,189.00,8000,8000,0,0,Yes,True,984320.00,,SUBHAJIT PATRA,20/04/26,1,2,17,Yes,Yes,17,17,,8000,0,0,0,,,,1346.8,,,,0.08,,,,570375,,,,16000.00,16048.00,19/03/2026,26/03/2026,16048.00,"KNITS CUTTING (BLOCK- 4, 1ST FLOOR)",0,7,16048.00,0.00,27/03/2026,-,-,LAXMI MACHINE MANORANJAN,16048,12,-,-,-,-,-,-,0,0,-,-,-,-,-,-,0,0,-,-,-,-,-,-,0,0,-,-,-,-,-,-,0,0,-,-,-,-,-,-,0,0,-,-,-,-,-,-,0,0,36,31,7,19,-12,570375.00,16048.00,586423.00,70.55,109.24,-586423.00,0
23,,04644/25-26,Demo-JB-SET-HS-3531-0226,Knits - Kids,Raju mega amrt,10/02/26,189.00,8000,8000,0,0,Yes,True,1512000.00,,SUBHAJIT PATRA,30/04/26,1,2,13,Yes,Yes,13,13,,8000,0,0,0,-,-,-,-,-,-,-,,-,-,-,-,-,-,-,-,-,-,-,-,-,-,-,-,-,-,-,-,-,-,-,-,-,-,-,-,-,-,-,-,-,-,-,-,-,-,-,-,-,-,-,-,-,-,-,-,-,-,-,-,-,-,-,-,-,-,-,-,-,-,-,-,-,-,-,-,-,-,-,0,53,0,0,0,0.00,0.00,0.00,,111.89,0,0
23,,04643/25-26,Demo-JB-SET-HS-3530-0226,Knits - Kids,Raju mega amrt,10/02/26,189.00,8000,8000,0,0,Yes,True,1512000.00,,SUBHAJIT PATRA,30/04/26,1,2,13,Yes,Yes,13,13,,8000,0,0,0,,,,,10446,,,,,,,556634.2,16604,,,16000.00,0.00,31/03/2026,-,-,KK TAILOR,16000,8,-,-,-,-,-,-,0,0,-,-,-,-,-,-,0,0,-,-,-,-,-,-,0,0,-,-,-,-,-,-,0,0,-,-,-,-,-,-,0,0,-,-,-,-,-,-,0,0,-,-,-,-,-,-,0,0,49,48,0,8,-8,573238.20,0.00,573238.20,71.65,111.89,-573238.20,0
13,,04629/25-26,MI-JG-SG-UP-HS-3538-0226,Knits - Kids,saturn inf,10/02/26,1.00,2400,2400,0,0,Yes,True,2400.00,,Suman Debnath,20/04/26,1,1,10,Yes,No,10,10,,2400,0,0,0,-,-,-,-,-,-,-,,-,-,-,-,-,-,-,-,-,-,-,-,-,-,-,-,-,-,-,-,-,-,-,-,-,-,-,-,-,-,-,-,-,-,-,-,-,-,-,-,-,-,-,-,-,-,-,-,-,-,-,-,-,-,-,-,-,-,-,-,-,-,-,-,-,-,-,-,-,-,-,27,0,0,0,0,0.00,0.00,0.00,,0.00,0,0
13,,04632/25-26,MI-IB-JB-UP-SL-3541-0226,Knits - Kids,saturn inf,10/02/26,1.00,2502,2502,0,0,Yes,True,2502.00,,Suman Debnath,20/04/26,1,1,3,Yes,No,3,3,,2502,0,0,0,,,,192,,,,0.065,,,,69657.9,,,,2502.00,2520.00,19/03/2026,27/03/2026,2520.00,"KNITS CUTTING (BLOCK- 4, 1ST FLOOR)",0,8,2520.00,0.00,27/03/2026,-,-,LAXMI MACHINE MANORANJAN,2520,12,-,-,-,-,-,-,0,0,-,-,-,-,-,-,0,0,-,-,-,-,-,-,0,0,-,-,-,-,-,-,0,0,-,-,-,-,-,-,0,0,-,-,-,-,-,-,0,0,30,0,8,20,-12,69657.90,2520.00,72177.90,24.75,0.00,-72177.90,0
13,,04635/25-26,Demo-JB-SET-HS-3522-0226,Knits - Kids,Raju mega amrt,10/02/26,259.00,8000,0,0,0,Yes,True,1512000.00,,SUBHAJIT PATRA,20/04/26,0,2,,No,No,,0,,8000,0,0,0,-,-,-,-,-,-,-,,-,-,-,-,-,-,-,-,-,-,-,-,-,-,-,-,-,-,-,-,-,-,-,-,-,-,-,-,-,-,-,-,-,-,-,-,-,-,-,-,-,-,-,-,-,-,-,-,-,-,-,-,-,-,-,-,-,-,-,-,-,-,-,-,-,-,-,-,-,-,-,0,0,0,0,0,0.00,0.00,0.00,,133.42,0,0
13,,04646/25-26,Demo-JB-SET-HS-3533-0226,Knits - Kids,Raju mega amrt,10/02/26,189.00,8000,8000,0,0,Yes,True,1512000.00,,SUBHAJIT PATRA,20/04/26,1,2,17,Yes,Yes,17,17,,8000,0,0,0,105,,,,,,,0.079,6510,8680,,590984.97,,,,16000.00,16048.00,18/03/2026,23/03/2026,16048.00,"KNITS CUTTING (BLOCK- 4, 1ST FLOOR)",0,5,16048.00,16048.00,24/03/2026,01/04/2026,96288.00,LAXMI MACHINE MANORANJAN,0,8,-,-,-,-,-,-,0,0,16048.00,0.00,04/04/2026,-,-,"BLOCK 4 STICHING BAPI GAZI, LOKENATH READYMADE FACTORY ( SENTU BISWAS ), TAPARIA  BLOCK 4, 2ND FLOOR,( ANIL )",16048,4,-,-,-,-,-,-,0,0,-,-,-,-,-,-,0,0,-,-,-,-,-,-,0,0,-,-,-,-,-,-,0,0,31,31,14,17,-3,606174.97,112336.00,718510.97,86.10,110.85,-718510.97,0
84,,04649/25-26,HO-JB-JG-FP-3542-0226,Knits - Kids,HOME2,10/02/26,299.00,2500,2500,0,0,Yes,True,350000.00,,BIKASH Mishra,30/06/26,1,1,1,No,Yes,1,0,,2500,0,0,0,45,,,,,,,0.169,14138.2,,,454314.78,,,,2956.00,2968.00,14/02/2026,24/02/2026,2968.00,"KNITS CUTTING (BLOCK- 4, 1ST FLOOR)",0,10,2968.00,2968.00,24/02/2026,07/03/2026,14840.00,LAXMI TABLE ADITI,0,11,-,-,-,-,-,-,0,0,2968.00,0.00,09/03/2026,-,-,"RAJDEEP GARMENTS , STORE",2968,30,-,-,-,-,-,-,0,0,-,-,-,-,-,-,0,0,-,-,-,-,-,-,0,0,-,-,-,-,-,-,0,0,0,4,21,51,-30,468452.98,17808.00,486260.98,163.83,113.45,-486260.98,0
13,,04651/25-26,Demo-IB-UP-HS-3544-0226,Knits - Kids,Opee,11/02/26,170.00,4800,4800,0,0,Yes,True,336000.00,,Kausik Mitra,20/04/26,1,1,3,Yes,Yes,3,3,,4800,0,0,0,4,,,,,,,0.07,2968,,,232107.32,,,,4800.00,4800.00,28/03/2026,31/03/2026,4800.00,"KNITS CUTTING (BLOCK- 4, 1ST FLOOR)",0,3,4800.00,2400.00,31/03/2026,06/04/2026,19200.00,LAXMI TABLE ADITI,2400,6,-,-,-,-,-,-,0,0,4800.00,0.00,07/04/2026,-,-,"STORE, TAPARIA BLOCK 4 4TH FLOOR (L FIROZ)",4800,1,-,-,-,-,-,-,0,0,-,-,-,-,-,-,0,0,-,-,-,-,-,-,0,0,-,-,-,-,-,-,0,0,17,23,9,10,-1,235075.32,24000.00,259075.32,36.01,60.85,-259075.32,0
23,,04652/25-26,Demo-IB-UP-HS-3545-0226,Knits - Kids,Opee,11/02/26,170.00,5600,5600,0,0,Yes,True,392000.00,,Kausik Mitra,30/04/26,1,1,3,Yes,Yes,3,3,,5600,0,0,0,5,,,,,,,0.074,3515,,,179284.7,,,,5600.00,5670.00,26/03/2026,31/03/2026,5670.00,"KNITS CUTTING (BLOCK- 4, 1ST FLOOR)",0,5,5670.00,0.00,06/04/2026,-,-,RAINBOW ENTERPRISE,5670,2,-,-,-,-,-,-,0,0,-,-,-,-,-,-,0,0,-,-,-,-,-,-,0,0,-,-,-,-,-,-,0,0,-,-,-,-,-,-,0,0,-,-,-,-,-,-,0,0,17,23,5,7,-2,182799.70,5670.00,188469.70,33.24,60.85,-188469.70,0
35,,04657/25-26,Demo-Demo-UP-HS-3550-0226,Knits - Kids,Opee,12/02/26,280.00,4800,4800,0,0,Yes,True,552000.00,,Kausik Mitra,12/05/26,1,1,2,Yes,Yes,2,2,,4800,0,0,0,4,,,,,,,0.156,3040,,,290043.55,,,,4800.00,4800.00,28/03/2026,01/04/2026,4800.00,"KNITS CUTTING (BLOCK- 4, 1ST FLOOR)",0,4,4800.00,0.00,01/04/2026,-,-,LAXMI TABLE ADITI,4800,7,-,-,-,-,-,-,0,0,-,-,-,-,-,-,0,0,-,-,-,-,-,-,0,0,-,-,-,-,-,-,0,0,-,-,-,-,-,-,0,0,-,-,-,-,-,-,0,0,16,22,4,11,-7,293083.55,4800.00,297883.55,62.06,98.55,-297883.55,0
-23,,04663/25-26,Demo-MU-KN-CA-TS-RN-HS-RF-CS-0119-0226,Knits - Men,Dhannu life,12/02/26,0.00,7000,7000,0,0,Yes,True,665000.00,,Priya Das Chowdhury,15/03/26,1,1,21,No,Yes,21,0,,7000,0,0,0,3,,,,,,,0.194,1934,,,413289.9,,,,7000.00,3936.00,13/02/2026,19/02/2026,3936.00,"KNITS CUTTING (BLOCK- 4, 1ST FLOOR)",3064,6,-,-,-,-,-,-,0,0,-,-,-,-,-,-,0,0,3936.00,2612.00,19/02/2026,19/03/2026,39180.00,TAPARIA BLOCK 24 (L SUBRATA),1324,28,-,-,-,-,-,-,0,0,-,-,-,-,-,-,0,0,-,-,-,-,-,-,0,0,-,-,-,-,-,-,0,0,0,28,34,34,0,415223.90,43116.00,458339.90,96.89,0.00,-458339.90,0
13,,04660/25-26,Demo-JG-UP-HS-3553-0226,Knits - Kids,Opee,12/02/26,220.00,4800,4800,0,0,Yes,True,432000.00,,Kausik Mitra,20/04/26,1,1,2,Yes,Yes,2,2,,4800,0,0,0,5,,,,,,,0.099,3331,,,202747.3,,,,4800.00,4864.00,24/03/2026,30/03/2026,4864.00,"KNITS CUTTING (BLOCK- 4, 1ST FLOOR)",0,6,4864.00,0.00,30/03/2026,-,-,RAINBOW ENTERPRISE,4864,9,-,-,-,-,-,-,0,0,-,-,-,-,-,-,0,0,-,-,-,-,-,-,0,0,-,-,-,-,-,-,0,0,-,-,-,-,-,-,0,0,-,-,-,-,-,-,0,0,16,22,6,15,-9,206078.30,4864.00,210942.30,41.28,75.55,-210942.30,0
35,,04654/25-26,Demo-JB-UP-HS-3547-0226,Knits - Kids,Opee,12/02/26,220.00,4800,4800,0,0,Yes,True,432000.00,,Kausik Mitra,12/05/26,1,1,2,Yes,Yes,2,2,,4800,0,0,0,,,,621.27,,,,0.128,,,,261220.65,,,,4800.00,4848.00,31/03/2026,06/04/2026,4848.00,"KNITS CUTTING (BLOCK- 4, 1ST FLOOR)",0,6,4848.00,0.00,06/04/2026,-,-,LAXMI TABLE ADITI,4848,2,-,-,-,-,-,-,0,0,-,-,-,-,-,-,0,0,-,-,-,-,-,-,0,0,-,-,-,-,-,-,0,0,-,-,-,-,-,-,0,0,-,-,-,-,-,-,0,0,16,22,6,8,-2,261220.65,4848.00,266068.65,54.88,75.55,-266068.65,0
13,,04655/25-26,Demo-JB-UP-HS-3548-0226,Knits - Kids,Opee,12/02/26,220.00,4800,4800,0,0,Yes,True,432000.00,,Kausik Mitra,20/04/26,1,1,2,Yes,Yes,2,2,,4800,0,0,0,5,,,,,,,0.099,3397,,,213092.55,,,,4800.00,4864.00,24/03/2026,28/03/2026,4864.00,"KNITS CUTTING (BLOCK- 4, 1ST FLOOR)",0,4,4864.00,4864.00,28/03/2026,04/04/2026,38912.00,LAXMI TABLE ADITI,0,7,-,-,-,-,-,-,0,0,4864.00,0.00,31/03/2026,-,-,"STORE, TAPARIA BLOCK 4 4TH FLOOR (L FIROZ)",4864,8,-,-,-,-,-,-,0,0,-,-,-,-,-,-,0,0,-,-,-,-,-,-,0,0,-,-,-,-,-,-,0,0,16,22,11,19,-8,216489.55,43776.00,260265.55,51.71,75.55,-260265.55,0
84,,04665/25-26,HM-IN-LW-HP-3556-0226,Knits - Kids,HOME2,12/02/26,79.00,6000,6000,0,0,Yes,True,150000.00,,BIKASH Mishra,30/06/26,1,1,,No,No,,0,,6000,0,0,0,100,,,,,,,0.045,9231.45,,,153063.58,,,,6000.00,6102.00,14/02/2026,16/02/2026,6102.00,"KNITS CUTTING (BLOCK- 4, 1ST FLOOR)",0,2,-,-,-,-,-,-,0,0,-,-,-,-,-,-,0,0,6102.00,6159.00,17/02/2026,27/02/2026,43113.00,"SHIB ENTERPRISE (SHIB SHANKAR GAIN), SUMITRA TEXTILE",0,10,-,-,-,-,-,-,0,0,-,-,-,-,-,-,0,0,-,-,-,-,-,-,0,0,-,-,-,-,-,-,0,0,0,0,13,12,1,162295.03,49215.00,211510.03,30.33,19.60,-211510.03,0
13,,04658/25-26,Demo-IG-UP-HS-3551-0226,Knits - Kids,Opee,12/02/26,170.00,4800,4800,0,0,Yes,True,336000.00,,Kausik Mitra,20/04/26,1,1,2,Yes,Yes,2,2,,4800,0,0,0,4,,,,,,,0.065,2977,,,201669.55,,,,4800.00,4800.00,28/03/2026,31/03/2026,4800.00,"KNITS CUTTING (BLOCK- 4, 1ST FLOOR)",0,3,4800.00,0.00,31/03/2026,-,-,H.P PRINTING,4800,8,-,-,-,-,-,-,0,0,-,-,-,-,-,-,0,0,-,-,-,-,-,-,0,0,-,-,-,-,-,-,0,0,-,-,-,-,-,-,0,0,-,-,-,-,-,-,0,0,16,22,3,11,-8,204646.55,4800.00,209446.55,32.41,61.85,-209446.55,0
13,,04659/25-26,Demo-IG-UP-HS-3552-0226,Knits - Kids,Opee,12/02/26,170.00,4800,4800,0,0,Yes,True,336000.00,,Kausik Mitra,20/04/26,1,1,2,Yes,Yes,2,2,,4800,0,0,0,4,,,,,,,0.067,3136,,,229305.18,,,,4800.00,4800.00,28/03/2026,30/03/2026,4800.00,"KNITS CUTTING (BLOCK- 4, 1ST FLOOR)",0,2,4800.00,0.00,06/04/2026,-,-,RAINBOW ENTERPRISE,4800,2,-,-,-,-,-,-,0,0,-,-,-,-,-,-,0,0,-,-,-,-,-,-,0,0,-,-,-,-,-,-,0,0,-,-,-,-,-,-,0,0,-,-,-,-,-,-,0,0,16,22,2,4,-2,232441.18,4800.00,237241.18,34.84,61.85,-237241.18,0
35,,04656/25-26,Demo-Demo-UP-HS-3549-0226,Knits - Kids,Opee,12/02/26,280.00,4800,4800,0,0,Yes,True,552000.00,,Kausik Mitra,12/05/26,1,1,2,Yes,Yes,2,2,,4800,0,0,0,,,,787.65,,,,0.157,,,,351129.75,,,,4800.00,4864.00,30/03/2026,03/04/2026,4864.00,"KNITS CUTTING (BLOCK- 4, 1ST FLOOR)",0,4,4864.00,0.00,03/04/2026,-,-,RAINBOW ENTERPRISE,4864,5,-,-,-,-,-,-,0,0,-,-,-,-,-,-,0,0,-,-,-,-,-,-,0,0,-,-,-,-,-,-,0,0,-,-,-,-,-,-,0,0,-,-,-,-,-,-,0,0,16,22,4,9,-5,351129.75,4864.00,355993.75,71.32,98.55,-355993.75,0
13,,04662/25-26,Demo-SG-UP-HS-3555-0226,Knits - Kids,Opee,12/02/26,280.00,4800,4800,0,0,Yes,True,552000.00,,Kausik Mitra,20/04/26,1,1,2,Yes,Yes,2,2,,4800,0,0,0,4,,,,,,,0.147,3088,,,255919.5,,,,4800.00,4864.00,11/03/2026,17/03/2026,4864.00,"KNITS CUTTING (BLOCK- 4, 1ST FLOOR)",0,6,4864.00,4864.00,17/03/2026,27/03/2026,48640.00,LAXMI TABLE ADITI,0,10,-,-,-,-,-,-,0,0,4864.00,0.00,19/03/2026,-,-,"STORE, TAPARIA BLOCK 24 (L SUBRATA)",4864,20,-,-,-,-,-,-,0,0,-,-,-,-,-,-,0,0,-,-,-,-,-,-,0,0,-,-,-,-,-,-,0,0,16,22,16,36,-20,259007.50,53504.00,312511.50,64.25,98.55,-312511.50,0
13,,04653/25-26,Demo-JB-UP-HS-3546-0226,Knits - Kids,Opee,12/02/26,220.00,4800,4800,0,0,Yes,True,432000.00,,Kausik Mitra,20/04/26,1,1,2,Yes,Yes,2,2,,4800,0,0,0,5,,,,,,,0.108,3377,,,268808.14,,,,4800.00,4864.00,25/03/2026,28/03/2026,4864.00,"KNITS CUTTING (BLOCK- 4, 1ST FLOOR)",0,3,4864.00,0.00,28/03/2026,-,-,LAXMI TABLE ADITI,4864,11,-,-,-,-,-,-,0,0,-,-,-,-,-,-,0,0,-,-,-,-,-,-,0,0,-,-,-,-,-,-,0,0,-,-,-,-,-,-,0,0,-,-,-,-,-,-,0,0,16,22,3,14,-11,272185.14,4864.00,277049.14,48.47,75.55,-277049.14,0
-33,,04664/25-26,Demo-MU-KN-CA-TS-RN-HS-RF-CS-0120-0226,Knits - Men,Dhannu life,12/02/26,0.00,17000,17000,0,0,Yes,True,1615000.00,,Priya Das Chowdhury,05/03/26,1,1,21,No,Yes,21,0,,17000,0,0,0,5,,,,,,,0.204,6675,,,591500,,,,7944.00,6632.00,24/02/2026,24/02/2026,6632.00,"KNITS CUTTING (BLOCK- 4, 1ST FLOOR)",1312,1,-,-,-,-,-,-,0,0,-,-,-,-,-,-,0,0,9063.00,2949.00,24/02/2026,19/03/2026,30718.75,"AYSHA ENTERPRISE (SAFIKUL ISLAM), TAPARIA BLOCK 24 (L SUBRATA), TAPARIA BLOCK 4 4TH FLOOR (L FIROZ)",6114,23,-,-,-,-,-,-,0,0,-,-,-,-,-,-,0,0,-,-,-,-,-,-,0,0,-,-,-,-,-,-,0,0,0,28,23,24,-1,598175.00,17440.75,615615.75,75.15,0.00,-615615.75,0
13,,04661/25-26,Demo-JG-UP-HS-3554-0226,Knits - Kids,Opee,12/02/26,220.00,4800,4800,0,0,Yes,True,432000.00,,Kausik Mitra,20/04/26,1,1,2,Yes,Yes,2,2,,4800,0,0,0,5,,,,,,,0.105,3290,,,205398.72,,,,7200.00,4864.00,11/03/2026,17/03/2026,4864.00,"KNITS CUTTING (BLOCK- 4, 1ST FLOOR)",2336,6,4864.00,4864.00,17/03/2026,27/03/2026,36480.00,LAXMI TABLE ADITI,0,10,-,-,-,-,-,-,0,0,4864.00,0.00,26/03/2026,-,-,"STORE, TAPARIA BLOCK 24 (L SUBRATA)",4864,13,-,-,-,-,-,-,0,0,-,-,-,-,-,-,0,0,-,-,-,-,-,-,0,0,-,-,-,-,-,-,0,0,16,22,16,29,-13,208688.72,41344.00,250032.72,51.40,75.55,-250032.72,0
84,,04671/25-26,HM-IN-LW-FP-3569-0226,Knits - Kids,HOME2,13/02/26,0.00,5000,5000,0,0,Yes,True,260000.00,,MALOTI RIKIASON,30/06/26,1,2,,No,No,,0,,5000,0,0,0,113,,,,,,,0.121,6808,,,,,,,5000.00,5088.00,11/03/2026,11/03/2026,5088.00,"KNITS CUTTING (BLOCK- 4, 1ST FLOOR)",0,1,-,-,-,-,-,-,0,0,-,-,-,-,-,-,0,0,5112.00,0.00,11/03/2026,-,-,BHAI BHAI HOSIERY (LAXMAN BISWAS),5112,28,-,-,-,-,-,-,0,0,-,-,-,-,-,-,0,0,-,-,-,-,-,-,0,0,-,-,-,-,-,-,0,0,0,0,0,29,-29,6808.00,5088.00,11896.00,2.34,44.01,-11896.00,0
-23,,04669/25-26,SC-JS-WO-CA-SH-HS-RF-01134-0126,Woven,Express,13/02/26,199.00,148,148,0,0,Yes,True,17760.00,,Ananya Ghosh,15/03/26,1,1,,No,No,,0,,148,0,0,0,245,,,,,,,,470.15,,,,,,,-,-,-,-,-,-,0,0,-,-,-,-,-,-,0,0,-,-,-,-,-,-,0,0,156.00,156.00,20/02/2026,24/03/2026,5148.00,MD NUR FASHION,0,32,-,-,-,-,-,-,0,0,-,-,-,-,-,-,0,0,-,-,-,-,-,-,0,0,-,-,-,-,-,-,0,0,0,0,32,32,0,470.15,5148.00,5618.15,0.00,0.00,-5618.15,0
-23,,04667/25-26,SC-SS-WO-CA-SH-FS-RF-01132-0126,Woven,Express,13/02/26,249.00,248,248,0,0,Yes,True,47120.00,,Ananya Ghosh,15/03/26,1,1,,No,No,,0,,248,0,0,0,281,,,,,,,0.806,324.15,,,,,,20000,248.00,248.00,23/03/2026,23/03/2026,310.00,DILIP,0,1,-,-,-,-,-,-,0,0,-,-,-,-,-,-,0,0,248.00,248.00,20/02/2026,23/03/2026,9672.00,MD NUR FASHION,0,31,-,-,-,-,-,-,0,0,248.00,248.00,23/03/2026,26/03/2026,1488.00,SUBHAJIT WASH,0,3,-,-,-,-,-,-,0,0,-,-,-,-,-,-,0,0,0,0,34,35,-1,20324.15,11470.00,31794.15,128.20,0.00,-31794.15,0
84,,04672/25-26,HM-JB-UP-HS-3570-0226,Knits - Kids,HOME2,13/02/26,0.00,5000,5000,0,0,Yes,True,375000.00,,MALOTI RIKIASON,30/06/26,1,1,,No,No,,0,,5000,0,0,0,,,,692,,,,0.135,,,,242200,,,,5000.00,5116.00,25/03/2026,25/03/2026,5116.00,"KNITS CUTTING (BLOCK- 4, 1ST FLOOR)",0,1,-,-,-,-,-,-,0,0,-,-,-,-,-,-,0,0,5116.00,0.00,02/04/2026,-,-,FARHAN GARMENTS,5116,6,-,-,-,-,-,-,0,0,-,-,-,-,-,-,0,0,-,-,-,-,-,-,0,0,-,-,-,-,-,-,0,0,0,0,0,7,-7,242200.00,5116.00,247316.00,48.34,65.97,-247316.00,0
-23,,04670/25-26,SC-JS-WO-CA-SH-HS-RF-01135-0126,Woven,Express,13/02/26,199.00,1448,1448,0,0,Yes,True,173760.00,,Ananya Ghosh,15/03/26,1,1,,No,No,,0,,1448,0,0,0,1573,,,,,,,0.892,1927.95,,,,,,155435,1448.00,1328.00,17/03/2026,20/03/2026,21746.00,DILIP,120,3,-,-,-,-,-,-,0,0,-,-,-,-,-,-,0,0,1328.00,1296.00,12/03/2026,06/04/2026,40824.00,MD NUR FASHION,32,25,-,-,-,-,-,-,0,0,-,-,-,-,-,-,0,0,-,-,-,-,-,-,0,0,-,-,-,-,-,-,0,0,0,0,25,28,-3,157362.95,57125.00,214487.95,161.51,0.00,-214487.95,0
-23,,04666/25-26,SC-SS-WO-CA-SH-HS-RF-01131-0126,Woven,Express,13/02/26,249.00,380,380,0,0,Yes,True,72200.00,,Ananya Ghosh,15/03/26,1,1,,No,No,,0,,380,0,0,0,-,-,-,-,-,-,-,,-,-,-,-,-,-,-,-,-,-,-,-,-,0,0,-,-,-,-,-,-,0,0,-,-,-,-,-,-,0,0,384.00,384.00,05/03/2026,06/04/2026,11520.00,TIPL- LINE NO-1,0,32,-,-,-,-,-,-,0,0,-,-,-,-,-,-,0,0,-,-,-,-,-,-,0,0,-,-,-,-,-,-,0,0,0,0,32,32,0,0.00,11520.00,11520.00,0.00,0.00,-11520.00,0
-23,,04668/25-26,SC-SS-WO-CA-SH-HS-RF-01133-0126,Woven,Express,13/02/26,249.00,150,150,0,0,Yes,True,28500.00,,Ananya Ghosh,15/03/26,1,1,,No,No,,0,,150,0,0,0,201,,,,,,,0.641,312.15,,,,,,13400,150.00,156.00,23/03/2026,23/03/2026,195.00,DILIP,0,1,-,-,-,-,-,-,0,0,-,-,-,-,-,-,0,0,156.00,156.00,20/02/2026,23/03/2026,5148.00,MD NUR FASHION,0,31,-,-,-,-,-,-,0,0,152.00,152.00,23/03/2026,26/03/2026,912.00,SUBHAJIT WASH,0,3,-,-,-,-,-,-,0,0,-,-,-,-,-,-,0,0,0,0,34,35,-1,13712.15,6255.00,19967.15,127.99,0.00,-19967.15,0
38,,04681/25-26,Demo-IB-UP-HS-3565-0226,Knits - Kids,bangur client,14/02/26,179.00,2001,2001,0,0,Yes,True,193096.50,,Titly Paul,15/05/26,1,1,19,Yes,Yes,19,19,,2001,0,0,0,-,-,-,-,-,-,-,,-,-,-,-,-,-,-,-,-,-,-,-,-,-,-,-,-,-,-,-,-,-,-,-,-,-,-,-,-,-,-,-,-,-,-,-,-,-,-,-,-,-,-,-,-,-,-,-,-,-,-,-,-,-,-,-,-,-,-,-,-,-,-,-,-,-,-,-,-,-,-,0,37,0,0,0,0.00,0.00,0.00,,85.78,0,0
17,,04678/25-26,Demo-IB-UP-HS-3562-0226,Knits - Kids,bangur client,14/02/26,179.00,2001,2001,0,0,Yes,True,193096.50,,Titly Paul,24/04/26,1,1,2,Yes,Yes,2,2,,2001,0,0,0,4980,,,,,,,0.087,1767.9,,,78798,,,,2460.00,2460.00,28/03/2026,31/03/2026,2460.00,"KNITS CUTTING (BLOCK- 4, 1ST FLOOR)",0,3,-,-,-,-,-,-,0,0,2460.00,0.00,02/04/2026,-,-,AHAN AMIN ENTERPRISE,2460,6,-,-,-,-,-,-,0,0,-,-,-,-,-,-,0,0,-,-,-,-,-,-,0,0,-,-,-,-,-,-,0,0,-,-,-,-,-,-,0,0,34,37,3,9,-6,80565.90,2460.00,83025.90,33.75,85.78,-83025.90,0
38,,04684/25-26,Demo-IB-UP-HS-3568-0226,Knits - Kids,bangur client,14/02/26,179.00,2001,2001,0,0,Yes,True,193096.50,,Titly Paul,15/05/26,1,1,19,Yes,Yes,19,19,,2001,0,0,0,0.5,,,,,,,0.09,6390,,,26884,,,,2352.00,2352.00,01/04/2026,04/04/2026,2352.00,"KNITS CUTTING (BLOCK- 4, 1ST FLOOR)",0,3,-,-,-,-,-,-,0,0,-,-,-,-,-,-,0,0,-,-,-,-,-,-,0,0,-,-,-,-,-,-,0,0,-,-,-,-,-,-,0,0,-,-,-,-,-,-,0,0,-,-,-,-,-,-,0,0,41,37,3,3,0,33274.00,2352.00,35626.00,28.94,76.78,-35626.00,0
18,,04677/25-26,Demo-IB-UP-HS-3561-0226,Knits - Kids,bangur client,14/02/26,179.00,2001,2001,0,0,Yes,True,193096.50,,Titly Paul,25/04/26,1,1,2,Yes,Yes,2,2,,2001,0,0,0,4980,,,,,,,0.088,1767.9,,,90066,,,,2460.00,2460.00,28/03/2026,31/03/2026,2460.00,"KNITS CUTTING (BLOCK- 4, 1ST FLOOR)",0,3,-,-,-,-,-,-,0,0,2460.00,0.00,02/04/2026,-,-,AHAN AMIN ENTERPRISE,2460,6,-,-,-,-,-,-,0,0,-,-,-,-,-,-,0,0,-,-,-,-,-,-,0,0,-,-,-,-,-,-,0,0,-,-,-,-,-,-,0,0,34,37,3,9,-6,91833.90,2460.00,94293.90,37.61,85.78,-94293.90,0
38,,04683/25-26,Demo-IB-UP-HS-3567-0226,Knits - Kids,bangur client,14/02/26,179.00,2001,2001,0,0,Yes,True,193096.50,,Titly Paul,15/05/26,1,1,19,Yes,Yes,19,19,,2001,0,0,0,0.5,,,,,,,0.089,6489.25,,,106030.31,,,,2640.00,2640.00,01/04/2026,04/04/2026,2640.00,"KNITS CUTTING (BLOCK- 4, 1ST FLOOR)",0,3,-,-,-,-,-,-,0,0,-,-,-,-,-,-,0,0,-,-,-,-,-,-,0,0,-,-,-,-,-,-,0,0,-,-,-,-,-,-,0,0,-,-,-,-,-,-,0,0,-,-,-,-,-,-,0,0,41,37,3,3,0,112519.56,2640.00,115159.56,43.62,76.78,-115159.56,0
18,,04680/25-26,Demo-IB-UP-HS-3564-0226,Knits - Kids,bangur client,14/02/26,179.00,2001,2001,0,0,Yes,True,193096.50,,Titly Paul,25/04/26,1,1,2,Yes,Yes,2,2,,2001,0,0,0,1,,,,,,,0.088,6734.2,,,98244,,,,2472.00,2472.00,27/03/2026,30/03/2026,2472.00,KK TAILOR,0,3,-,-,-,-,-,-,0,0,-,-,-,-,-,-,0,0,-,-,-,-,-,-,0,0,2472.00,0.00,28/03/2026,-,-,KK TAILOR,2472,11,-,-,-,-,-,-,0,0,-,-,-,-,-,-,0,0,-,-,-,-,-,-,0,0,34,37,3,14,-11,104978.20,2472.00,107450.20,43.47,0.00,-107450.20,0
18,,04679/25-26,Demo-IB-UP-HS-3563-0226,Knits - Kids,bangur client,14/02/26,179.00,2001,2001,0,0,Yes,True,193096.50,,Titly Paul,25/04/26,1,1,2,Yes,Yes,2,2,,2001,0,0,0,10560,,,,,,,0.087,4061.8,,,100395,,,,2544.00,2544.00,27/03/2026,02/04/2026,2544.00,KK TAILOR,0,6,-,-,-,-,-,-,0,0,-,-,-,-,-,-,0,0,-,-,-,-,-,-,0,0,2544.00,0.00,28/03/2026,-,-,KK TAILOR,2544,11,-,-,-,-,-,-,0,0,-,-,-,-,-,-,0,0,-,-,-,-,-,-,0,0,34,37,6,17,-11,104456.80,2544.00,107000.80,42.06,107.53,-107000.80,0
38,,04682/25-26,Demo-IB-UP-HS-3566-0226,Knits - Kids,bangur client,14/02/26,179.00,2001,2001,0,0,Yes,True,193096.50,,Titly Paul,15/05/26,1,1,19,Yes,Yes,19,19,,2001,0,0,0,-,-,-,-,-,-,-,,-,-,-,-,-,-,-,-,-,-,-,-,-,-,-,-,-,-,-,-,-,-,-,-,-,-,-,-,-,-,-,-,-,-,-,-,-,-,-,-,-,-,-,-,-,-,-,-,-,-,-,-,-,-,-,-,-,-,-,-,-,-,-,-,-,-,-,-,-,-,-,0,37,0,0,0,0.00,0.00,0.00,,85.78,0,0
13,,04689/25-26,Demo-JB-SET-HS-3573-0226,Knits - Kids,Raju mega amrt,16/02/26,199.00,7998,7998,0,0,Yes,True,1047738.00,,SUBHAJIT PATRA,20/04/26,1,2,2,Yes,Yes,2,2,,7998,0,0,0,110,,,,,,,0.084,6820,,,615145,,,,15996.00,15816.00,18/03/2026,23/03/2026,15816.00,"KNITS CUTTING (BLOCK- 4, 1ST FLOOR)",180,5,7896.00,7896.00,25/03/2026,31/03/2026,31584.00,LAXMI MACHINE MANORANJAN,0,6,-,-,-,-,-,-,0,0,15816.00,6066.00,27/03/2026,06/04/2026,63693.00,TAPARIA BLOCK 4 4TH FLOOR (L FIROZ),9750,10,-,-,-,-,-,-,0,0,-,-,-,-,-,-,0,0,-,-,-,-,-,-,0,0,-,-,-,-,-,-,0,0,24,25,19,21,-2,621965.00,111093.00,733058.00,87.39,116.33,-733058.00,0
13,,04687/25-26,Demo-JB-SET-HS-3571-0226,Knits - Kids,Raju mega amrt,16/02/26,199.00,7998,7998,0,0,Yes,True,1047738.00,,SUBHAJIT PATRA,20/04/26,1,2,2,Yes,Yes,2,2,,7998,0,0,0,130,,,,,,,0.088,8060,,,550471.4,,,,15996.00,15702.00,17/03/2026,20/03/2026,15702.00,"KNITS CUTTING (BLOCK- 4, 1ST FLOOR)",294,3,15702.00,15702.00,20/03/2026,27/03/2026,125616.00,LAXMI MACHINE MANORANJAN,0,7,-,-,-,-,-,-,0,0,15702.00,0.00,30/03/2026,-,-,"RAJDEEP GARMENTS , STORE, SUMITRA TEXTILE",15702,9,-,-,-,-,-,-,0,0,-,-,-,-,-,-,0,0,-,-,-,-,-,-,0,0,-,-,-,-,-,-,0,0,24,25,10,19,-9,558531.40,141342.00,699873.40,89.14,121.15,-699873.40,0
13,,04688/25-26,Demo-JB-SET-HS-3572-0226,Knits - Kids,Raju mega amrt,16/02/26,199.00,7998,7998,0,0,Yes,True,1047738.00,,SUBHAJIT PATRA,20/04/26,1,2,2,Yes,Yes,2,2,,7998,0,0,0,110,,,,,,,0.085,6820,,,564184.24,,,,15996.00,16026.00,23/03/2026,26/03/2026,16026.00,"KNITS CUTTING (BLOCK- 4, 1ST FLOOR)",0,3,16026.00,15886.00,27/03/2026,03/04/2026,142974.00,LAXMI MACHINE MANORANJAN,140,7,-,-,-,-,-,-,0,0,8022.00,0.00,04/04/2026,-,-,"STORE, TAPARIA BLOCK 4 4TH FLOOR (L FIROZ)",8022,4,-,-,-,-,-,-,0,0,-,-,-,-,-,-,0,0,-,-,-,-,-,-,0,0,-,-,-,-,-,-,0,0,31,26,11,14,-3,571004.24,158210.00,729214.24,91.00,122.03,-729214.24,0
-20,,04685/25-26,Demo-LU-KN-CA-TS-HS-RF-0121-0226,Knits - Men,g mart,16/02/26,249.00,1400,1400,0,0,Yes,True,161000.00,,KARTIK DAS,18/03/26,1,1,8,No,Yes,8,0,,1400,0,0,0,2,,,,,,,0.164,1517.4,1624,,92750,,,,1400.00,1344.00,19/02/2026,21/02/2026,1344.00,"KNITS CUTTING (BLOCK- 4, 1ST FLOOR)",56,2,1344.00,1344.00,21/02/2026,12/03/2026,17472.00,MA BASULI ENTERPRISE,0,19,-,-,-,-,-,-,0,0,1344.00,1342.00,13/03/2026,17/03/2026,20130.00,BLOCK 4 STICHING BAPI GAZI,2,4,-,-,-,-,-,-,0,0,-,-,-,-,-,-,0,0,1342.00,0.00,18/03/2026,-,-,TIPL BLOCK 4 2ND FLOOR FINISHING ( MUNNA DA ),1342,21,-,-,-,-,-,-,0,0,0,8,26,46,-20,95891.40,38946.00,134837.40,100.33,0.00,-134837.40,0
43,,04692/25-26,Demo-Demo-UP-HS-3576-0226,Knits - Kids,Opee,17/02/26,330.00,2400,2400,0,0,Yes,True,276000.00,,Kausik Mitra,20/05/26,1,1,18,No,No,18,0,,2400,0,0,0,2,,,,,,,0.163,1428,,,165517.5,,,,2400.00,2432.00,28/03/2026,04/04/2026,2432.00,"KNITS CUTTING (BLOCK- 4, 1ST FLOOR)",0,7,2432.00,0.00,06/04/2026,-,-,LAXMI MACHINE MANORANJAN,2432,2,-,-,-,-,-,-,0,0,-,-,-,-,-,-,0,0,-,-,-,-,-,-,0,0,-,-,-,-,-,-,0,0,-,-,-,-,-,-,0,0,-,-,-,-,-,-,0,0,0,0,7,9,-2,166945.50,2432.00,169377.50,69.65,127.80,-169377.50,0
23,,04690/25-26,Demo-JB-UP-HS-3574-0226,Knits - Kids,Opee,17/02/26,270.00,2400,2400,0,0,Yes,True,216000.00,,Kausik Mitra,30/04/26,1,1,4,No,Yes,4,0,,2400,0,0,0,2,,,,,,,0.11,1636,,,122301,,,,2400.00,2448.00,06/03/2026,13/03/2026,2448.00,"KNITS CUTTING (BLOCK- 4, 1ST FLOOR)",0,7,2448.00,2448.00,13/03/2026,20/03/2026,39168.00,LAXMI MACHINE MANORANJAN,0,7,-,-,-,-,-,-,0,0,2448.00,0.00,14/03/2026,-,-,"STORE, TAPARIA BLOCK 4 4TH FLOOR (L FIROZ)",2448,25,-,-,-,-,-,-,0,0,-,-,-,-,-,-,0,0,-,-,-,-,-,-,0,0,-,-,-,-,-,-,0,0,0,17,14,39,-25,123937.00,41616.00,165553.00,61.48,90.65,-165553.00,0
23,,04691/25-26,Demo-Demo-UP-HS-3575-0226,Knits - Kids,Opee,17/02/26,330.00,2400,2400,0,0,Yes,True,276000.00,,Kausik Mitra,30/04/26,1,1,4,No,Yes,4,0,,2400,0,0,0,2,,,,,,,0.15,1450,,,142707.4,,,,2400.00,2448.00,06/03/2026,13/03/2026,2448.00,"KNITS CUTTING (BLOCK- 4, 1ST FLOOR)",0,7,2448.00,2448.00,13/03/2026,20/03/2026,44064.00,LAXMI MACHINE MANORANJAN,0,7,-,-,-,-,-,-,0,0,2448.00,0.00,14/03/2026,-,-,"STORE, TAPARIA BLOCK 4 4TH FLOOR (L FIROZ)",2448,25,-,-,-,-,-,-,0,0,-,-,-,-,-,-,0,0,-,-,-,-,-,-,0,0,-,-,-,-,-,-,0,0,0,17,14,39,-25,144157.40,46512.00,190669.40,77.89,113.80,-190669.40,0
3,,04700/25-26,EB-JB-UP-HS-3583-0226,Knits - Kids,intrn lmtd,20/02/26,199.00,4800,4800,0,0,Yes,True,475200.00,,MALOTI RIKIASON,10/04/26,1,1,10,Yes,Yes,10,10,,4800,0,0,0,-,-,-,-,-,-,-,,-,-,-,-,-,-,-,-,-,-,-,-,-,-,-,-,-,-,-,-,-,-,-,-,-,-,-,-,-,-,-,-,-,-,-,-,-,-,-,-,-,-,-,-,-,-,-,-,-,-,-,-,-,-,-,-,-,-,-,-,-,-,-,-,-,-,-,-,-,-,-,38,39,0,0,0,0.00,0.00,0.00,,0.00,0,0
84,,04694/25-26,Demo-UP-FS-3577-0226,Knits - Kids,Raju mega amrt,20/02/26,89.00,15998,0,0,0,Yes,True,1014273.20,,SUBHAJIT PATRA,30/06/26,0,1,1,Yes,Yes,1,1,,15998,0,0,0,-,-,-,-,-,-,-,,-,-,-,-,-,-,-,-,-,-,-,-,-,-,-,-,-,-,-,-,-,-,-,-,-,-,-,-,-,-,-,-,-,-,-,-,-,-,-,-,-,-,-,-,-,-,-,-,-,-,-,-,-,-,-,-,-,-,-,-,-,-,-,-,-,-,-,-,-,-,-,31,18,0,0,0,0.00,0.00,0.00,,56.76,0,0
3,,04697/25-26,EB-SG-UP-HS-3580-0226,Knits - Kids,intrn lmtd,20/02/26,199.00,3840,3840,0,0,Yes,True,364800.00,,MALOTI RIKIASON,10/04/26,1,1,10,Yes,Yes,10,10,,3840,0,0,0,,,,405.2,,,,0.105,,,,163888.6,,,,3840.00,3854.00,02/04/2026,07/04/2026,3854.00,"KNITS CUTTING (BLOCK- 4, 1ST FLOOR)",0,5,3854.00,0.00,07/04/2026,-,-,LAXMI TABLE ADITI,3854,1,-,-,-,-,-,-,0,0,-,-,-,-,-,-,0,0,-,-,-,-,-,-,0,0,-,-,-,-,-,-,0,0,-,-,-,-,-,-,0,0,-,-,-,-,-,-,0,0,38,39,5,6,-1,163888.60,3854.00,167742.60,43.52,0.00,-167742.60,0
3,,04703/25-26,EB-Demo-UP-HS-3586-0226,Knits - Kids,intrn lmtd,20/02/26,98.00,3840,3840,0,0,Yes,True,764160.00,,MALOTI RIKIASON,10/04/26,1,1,10,Yes,Yes,10,10,,3840,0,0,0,,,,511,,,,,,,,218451,,,,3840.00,0.00,02/04/2026,-,-,"KNITS CUTTING (BLOCK- 4, 1ST FLOOR)",3840,6,-,-,-,-,-,-,0,0,-,-,-,-,-,-,0,0,-,-,-,-,-,-,0,0,-,-,-,-,-,-,0,0,-,-,-,-,-,-,0,0,-,-,-,-,-,-,0,0,-,-,-,-,-,-,0,0,38,39,0,6,-6,218451.00,0.00,218451.00,56.89,0.00,-218451.00,0
84,,04695/25-26,Demo-UP-FS-3578-0226,Knits - Kids,Raju mega amrt,20/02/26,89.00,15998,0,0,0,Yes,True,1014273.20,,SUBHAJIT PATRA,30/06/26,0,1,1,Yes,Yes,1,1,,15998,0,0,0,-,-,-,-,-,-,-,,-,-,-,-,-,-,-,-,-,-,-,-,-,-,-,-,-,-,-,-,-,-,-,-,-,-,-,-,-,-,-,-,-,-,-,-,-,-,-,-,-,-,-,-,-,-,-,-,-,-,-,-,-,-,-,-,-,-,-,-,-,-,-,-,-,-,-,-,-,-,-,38,18,0,0,0,0.00,0.00,0.00,,56.76,0,0
8,,04706/25-26,Demo-Demo-UP-SL-3589-0226,Knits - Kids,Opee,20/02/26,280.00,4800,4800,0,0,Yes,True,552000.00,,Kausik Mitra,15/04/26,1,1,0,Yes,No,0,0,,4800,0,0,0,5,,,,,,,0.11,3306,,,245171.23,,,,7200.00,4864.00,11/03/2026,17/03/2026,4864.00,"KNITS CUTTING (BLOCK- 4, 1ST FLOOR)",2336,6,4864.00,2432.00,17/03/2026,06/04/2026,17024.00,R.B ENTERPRISE,2432,20,-,-,-,-,-,-,0,0,9728.00,0.00,31/03/2026,-,-,"STORE, TAPARIA BLOCK 24 (L SUBRATA)",9728,8,-,-,-,-,-,-,0,0,-,-,-,-,-,-,0,0,-,-,-,-,-,-,0,0,-,-,-,-,-,-,0,0,31,0,26,34,-8,248477.23,21888.00,270365.23,54.00,423.40,-270365.23,0
84,,04696/25-26,Demo-UP-FS-3579-0226,Knits - Kids,Raju mega amrt,20/02/26,149.00,12000,0,0,0,Yes,True,1788000.00,,SUBHAJIT PATRA,30/06/26,0,1,1,Yes,Yes,1,1,,12000,0,0,0,-,-,-,-,-,-,-,,-,-,-,-,-,-,-,-,-,-,-,-,-,-,-,-,-,-,-,-,-,-,-,-,-,-,-,-,-,-,-,-,-,-,-,-,-,-,-,-,-,-,-,-,-,-,-,-,-,-,-,-,-,-,-,-,-,-,-,-,-,-,-,-,-,-,-,-,-,-,-,0,34,0,0,0,0.00,0.00,0.00,,81.16,0,0
8,,04705/25-26,Demo-JB-UP-SL-3588-0226,Knits - Kids,Opee,20/02/26,220.00,4800,4800,0,0,Yes,True,432000.00,,Kausik Mitra,15/04/26,1,1,0,Yes,No,0,0,,4800,0,0,0,5,,,,,,,0.111,5672,,,257944.4,,,,7200.00,4864.00,11/03/2026,17/03/2026,4864.00,"KNITS CUTTING (BLOCK- 4, 1ST FLOOR)",2336,6,4864.00,2432.00,17/03/2026,06/04/2026,17024.00,R.B ENTERPRISE,2432,20,-,-,-,-,-,-,0,0,2432.00,0.00,31/03/2026,-,-,"STORE, TAPARIA BLOCK 24 (L SUBRATA)",2432,8,-,-,-,-,-,-,0,0,-,-,-,-,-,-,0,0,-,-,-,-,-,-,0,0,-,-,-,-,-,-,0,0,31,0,26,34,-8,263616.40,21888.00,285504.40,56.18,423.40,-285504.40,0
3,,04699/25-26,EB-JB-UP-HS-3582-0226,Knits - Kids,intrn lmtd,20/02/26,159.00,3840,3840,0,0,Yes,True,311040.00,,MALOTI RIKIASON,10/04/26,1,1,10,Yes,Yes,10,10,,3840,0,0,0,,,,315,,,,0.081,,,,112916,,,,3840.00,3888.00,04/04/2026,04/04/2026,3888.00,"KNITS CUTTING (BLOCK- 4, 1ST FLOOR)",0,1,3888.00,0.00,06/04/2026,-,-,LAXMI MACHINE MANORANJAN,3888,2,-,-,-,-,-,-,0,0,-,-,-,-,-,-,0,0,-,-,-,-,-,-,0,0,-,-,-,-,-,-,0,0,-,-,-,-,-,-,0,0,-,-,-,-,-,-,0,0,38,39,0,3,-3,112916.00,3888.00,116804.00,30.04,0.00,-116804.00,0
3,,04702/25-26,EB-JB-UP-HS-3585-0226,Knits - Kids,intrn lmtd,20/02/26,199.00,3840,3840,0,0,Yes,True,357120.00,,MALOTI RIKIASON,10/04/26,1,1,21,No,Yes,21,0,,3840,0,0,0,-,-,-,-,-,-,-,,-,-,-,-,-,-,-,-,-,-,-,-,-,-,-,-,-,-,-,-,-,-,-,-,-,-,-,-,-,-,-,-,-,-,-,-,-,-,-,-,-,-,-,-,-,-,-,-,-,-,-,-,-,-,-,-,-,-,-,-,-,-,-,-,-,-,-,-,-,-,-,0,39,0,0,0,0.00,0.00,0.00,,0.00,0,0
3,,04704/25-26,EB-Demo-UP-HS-3587-0226,Knits - Kids,intrn lmtd,20/02/26,98.00,4800,4800,0,0,Yes,True,955200.00,,MALOTI RIKIASON,10/04/26,1,1,21,No,Yes,21,0,,4800,0,0,0,,,,660.8,,,,,,,,292512,,,,4800.00,0.00,01/04/2026,-,-,"KNITS CUTTING (BLOCK- 4, 1ST FLOOR)",4800,7,-,-,-,-,-,-,0,0,-,-,-,-,-,-,0,0,-,-,-,-,-,-,0,0,-,-,-,-,-,-,0,0,-,-,-,-,-,-,0,0,-,-,-,-,-,-,0,0,-,-,-,-,-,-,0,0,0,39,0,7,-7,292512.00,0.00,292512.00,60.94,0.00,-292512.00,0
3,,04698/25-26,EB-JB-UP-HS-3581-0226,Knits - Kids,intrn lmtd,20/02/26,159.00,4800,4800,0,0,Yes,True,388800.00,,MALOTI RIKIASON,10/04/26,1,1,10,Yes,Yes,10,10,,4800,0,0,0,,,,425.9,,,,,,,,188632,,,,4800.00,0.00,01/04/2026,-,-,"KNITS CUTTING (BLOCK- 4, 1ST FLOOR)",4800,7,-,-,-,-,-,-,0,0,-,-,-,-,-,-,0,0,-,-,-,-,-,-,0,0,-,-,-,-,-,-,0,0,-,-,-,-,-,-,0,0,-,-,-,-,-,-,0,0,-,-,-,-,-,-,0,0,38,39,0,7,-7,188632.00,0.00,188632.00,39.30,0.00,-188632.00,0
3,,04701/25-26,EB-JB-UP-HS-3584-0226,Knits - Kids,intrn lmtd,20/02/26,199.00,4800,0,0,0,Yes,True,446400.00,,MALOTI RIKIASON,10/04/26,0,1,21,Yes,Yes,21,31,,4800,0,0,0,-,-,-,-,-,-,-,,-,-,-,-,-,-,-,-,-,-,-,-,-,-,-,-,-,-,-,-,-,-,-,-,-,-,-,-,-,-,-,-,-,-,-,-,-,-,-,-,-,-,-,-,-,-,-,-,-,-,-,-,-,-,-,-,-,-,-,-,-,-,-,-,-,-,-,-,-,-,-,0,39,0,0,0,0.00,0.00,0.00,,0.00,0,0
-7,,04710/25-26,Demo-JB-WO-CA-SH-HS-RF-01150-0226,Woven,market lmtd,21/02/26,299.00,2400,0,0,0,Yes,True,444000.00,,Ananya Ghosh,31/03/26,0,1,0,Yes,Yes,0,0,,2400,0,0,0,-,-,-,-,-,-,-,,-,-,-,-,-,-,-,-,-,-,-,-,-,-,-,-,-,-,-,-,-,-,-,-,-,-,-,-,-,-,-,-,-,-,-,-,-,-,-,-,-,-,-,-,-,-,-,-,-,-,-,-,-,-,-,-,-,-,-,-,-,-,-,-,-,-,-,-,-,-,-,0,32,0,0,0,0.00,0.00,0.00,,0.00,0,0
34,,04711/25-26,Demo-JB-WO-CA-SH-HS-RF-01151-0226,Woven,market lmtd,21/02/26,299.00,2400,0,0,0,Yes,True,384000.00,,Ananya Ghosh,11/05/26,0,1,0,Yes,Yes,0,0,,2400,0,0,0,-,-,-,-,-,-,-,,-,-,-,-,-,-,-,-,-,-,-,-,-,-,-,-,-,-,-,-,-,-,-,-,-,-,-,-,-,-,-,-,-,-,-,-,-,-,-,-,-,-,-,-,-,-,-,-,-,-,-,-,-,-,-,-,-,-,-,-,-,-,-,-,-,-,-,-,-,-,-,0,32,0,0,0,0.00,0.00,0.00,,0.00,0,0
23,,04708/25-26,Demo-MU-KN-CA-TS-HS-SF-0124-0226,Knits - Men,Style fashion,21/02/26,299.00,2400,0,0,0,Yes,True,410400.00,,Saikat Kr Das,30/04/26,0,1,16,Yes,No,16,16,,2400,0,0,0,-,-,-,-,-,-,-,,-,-,-,-,-,-,-,-,-,-,-,-,-,-,-,-,-,-,-,-,-,-,-,-,-,-,-,-,-,-,-,-,-,-,-,-,-,-,-,-,-,-,-,-,-,-,-,-,-,-,-,-,-,-,-,-,-,-,-,-,-,-,-,-,-,-,-,-,-,-,-,0,0,0,0,0,0.00,0.00,0.00,,0.00,0,0
34,,04709/25-26,Demo-JB-WO-CA-SH-HS-RF-01149-0226,Woven,market lmtd,21/02/26,299.00,2400,0,0,0,Yes,True,384000.00,,Ananya Ghosh,11/05/26,0,1,0,Yes,No,0,0,,2400,0,0,0,-,-,-,-,-,-,-,,-,-,-,-,-,-,-,-,-,-,-,-,-,-,-,-,-,-,-,-,-,-,-,-,-,-,-,-,-,-,-,-,-,-,-,-,-,-,-,-,-,-,-,-,-,-,-,-,-,-,-,-,-,-,-,-,-,-,-,-,-,-,-,-,-,-,-,-,-,-,-,0,0,0,0,0,0.00,0.00,0.00,,0.00,0,0
23,,04707/25-26,Demo-MU-KN-CA-TS-HS-SF-0123-0226,Knits - Men,Style fashion,21/02/26,299.00,2400,2400,0,0,Yes,True,410400.00,,Saikat Kr Das,30/04/26,1,1,2,Yes,No,2,2,,2400,0,0,0,-,-,-,-,-,-,-,,-,-,-,-,-,-,-,-,-,-,-,-,-,-,-,-,-,-,-,-,-,-,-,-,-,-,-,-,-,-,-,-,-,-,-,-,-,-,-,-,-,-,-,-,-,-,-,-,-,-,-,-,-,-,-,-,-,-,-,-,-,-,-,-,-,-,-,-,-,-,-,0,0,0,0,0,0.00,0.00,0.00,,0.00,0,0
23,,04712/25-26,Demo-MU-KN-CA-TS-HS-SF-0125-0226,Knits - Men,Style fashion,24/02/26,299.00,2400,0,0,0,Yes,True,410400.00,,Saikat Kr Das,30/04/26,0,1,13,Yes,No,13,13,,2400,0,0,0,-,-,-,-,-,-,-,,-,-,-,-,-,-,-,-,-,-,-,-,-,-,-,-,-,-,-,-,-,-,-,-,-,-,-,-,-,-,-,-,-,-,-,-,-,-,-,-,-,-,-,-,-,-,-,-,-,-,-,-,-,-,-,-,-,-,-,-,-,-,-,-,-,-,-,-,-,-,-,0,0,0,0,0,0.00,0.00,0.00,,0.00,0,0
23,,04713/25-26,Demo-MU-KN-CA-TS-HS-SF-0126-0226,Knits - Men,Style fashion,24/02/26,299.00,2400,0,0,0,Yes,True,410400.00,,Saikat Kr Das,30/04/26,0,1,13,Yes,No,13,13,,2400,0,0,0,-,-,-,-,-,-,-,,-,-,-,-,-,-,-,-,-,-,-,-,-,-,-,-,-,-,-,-,-,-,-,-,-,-,-,-,-,-,-,-,-,-,-,-,-,-,-,-,-,-,-,-,-,-,-,-,-,-,-,-,-,-,-,-,-,-,-,-,-,-,-,-,-,-,-,-,-,-,-,0,0,0,0,0,0.00,0.00,0.00,,0.00,0,0
-26,,04714/25-26,Demo-LG-Demo-WO-CA-SH-HS-RF-01153-0126,Woven,market lmtd,24/02/26,299.00,3200,3200,3244,101.4,Yes,True,595200.00,603384.00,Ananya Ghosh,12/03/26,1,1,2,Yes,No,2,2,03/04/26,-44,3244,0,0,,20,,,1773,,,0.773,,590,,,3686,,268672.88,3200.00,3264.00,26/02/2026,26/02/2026,4080.00,DILIP,0,1,3264.00,3264.00,27/02/2026,07/03/2026,16320.00,LAXMI MACHINE MANORANJAN,0,8,-,-,-,-,-,-,0,0,3264.00,3264.00,07/03/2026,30/03/2026,97920.00,TIPL- LINE NO-1,0,23,-,-,-,-,-,-,0,0,3264.00,3264.00,27/03/2026,28/03/2026,19584.00,S.M.D WASH,0,1,3245.00,3245.00,31/03/2026,02/04/2026,17198.50,"MAHADEV ENTERPRISES AND FINISHING ( SUBHAJIT ), SHANKAR ENTERPRISE IN HOUSE",0,2,-,-,-,-,-,-,0,0,2,0,35,35,0,272948.88,156408.00,429356.88,131.54,0.00,174027.12,99.4
22,,04718/25-26,TT-JB-WO-CA-SH-HS-RF-01155-0126,Woven,kolkata 2,25/02/26,499.00,15738,15738,0,0,Yes,True,4485330.00,,Md Shahzada,29/04/26,1,2,5,Yes,Yes,5,9,,15738,0,0,0,15860,68,,,,,,0.085,5871,8432,,472531,,,,15738.00,13696.00,04/04/2026,07/04/2026,13696.00,"KNITS CUTTING (BLOCK- 4, 1ST FLOOR)",2042,3,-,-,-,-,-,-,0,0,-,-,-,-,-,-,0,0,13696.00,0.00,07/04/2026,-,-,BLOCK 4 STICHING BAPI GAZI,13696,1,-,-,-,-,-,-,0,0,-,-,-,-,-,-,0,0,-,-,-,-,-,-,0,0,-,-,-,-,-,-,0,0,29,29,3,4,-1,486834.00,13696.00,500530.00,36.55,0.00,-500530.00,0
-8,,04716/25-26,Demo-MU-KN-CA-TS-HS-SF-0137-0226,Knits - Men,vill ltd,25/02/26,250.00,1800,1800,1688,93.8,Yes,False,216000.00,253200.00,Saikat Kr Das,30/03/26,1,1,0,Yes,Yes,0,0,04/04/26,112,1688,0,0,2,,,,,,,0.221,3258.8,,,228283.7,4431,,,1800.00,1800.00,06/03/2026,09/03/2026,1800.00,"KNITS CUTTING (BLOCK- 4, 1ST FLOOR)",0,3,1800.00,1800.00,09/03/2026,30/03/2026,21600.00,BASUKI PRINT,0,21,-,-,-,-,-,-,0,0,1800.00,1819.00,23/03/2026,02/04/2026,23054.77,TAPARIA BLOCK 4 4TH FLOOR (L FIROZ),0,10,-,-,-,-,-,-,0,0,-,-,-,-,-,-,0,0,1688.00,1688.00,02/04/2026,03/04/2026,5064.00,TIPL BLOCK 4 2ND FLOOR FINISHING ( MUNNA DA ),0,1,-,-,-,-,-,-,0,0,3,12,28,35,-7,235973.50,54449.00,290422.50,137.43,0.00,-37222.50,93.8
23,,04719/25-26,TT-Demo-WO-CA-SH-HS-RF-01156-0126,Woven,kolkata 2,25/02/26,599.00,12360,12360,0,0,Yes,True,4017000.00,,Md Shahzada,30/04/26,1,2,5,Yes,Yes,5,9,,12360,0,0,0,,,,1241.7,,,,,,,,538318.5,,,,12360.00,0.00,04/04/2026,-,-,"KNITS CUTTING (BLOCK- 4, 1ST FLOOR)",12360,4,-,-,-,-,-,-,0,0,-,-,-,-,-,-,0,0,-,-,-,-,-,-,0,0,-,-,-,-,-,-,0,0,-,-,-,-,-,-,0,0,-,-,-,-,-,-,0,0,-,-,-,-,-,-,0,0,29,29,0,4,-4,538318.50,0.00,538318.50,43.55,0.00,-538318.50,0
33,,04721/25-26,CBM-MU-KN-CA-RN-TS-HS-SF-0140-0226,Knits - Men,Demo 2,26/02/26,199.00,2400,0,0,0,Yes,True,307200.00,,Priya Das Chowdhury,10/05/26,0,1,14,Yes,Yes,14,14,,2400,0,0,0,-,-,-,-,-,-,-,,-,-,-,-,-,-,-,-,-,-,-,-,-,-,-,-,-,-,-,-,-,-,-,-,-,-,-,-,-,-,-,-,-,-,-,-,-,-,-,-,-,-,-,-,-,-,-,-,-,-,-,-,-,-,-,-,-,-,-,-,-,-,-,-,-,-,-,-,-,-,-,0,15,0,0,0,0.00,0.00,0.00,,0.00,0,0
33,,04720/25-26,CBM-MU-KN-CA-RN-TS-HS-SF-0139-0226,Knits - Men,Demo 2,26/02/26,199.00,2400,0,0,0,Yes,True,307200.00,,Priya Das Chowdhury,10/05/26,0,1,14,Yes,Yes,14,14,,2400,0,0,0,-,-,-,-,-,-,-,,-,-,-,-,-,-,-,-,-,-,-,-,-,-,-,-,-,-,-,-,-,-,-,-,-,-,-,-,-,-,-,-,-,-,-,-,-,-,-,-,-,-,-,-,-,-,-,-,-,-,-,-,-,-,-,-,-,-,-,-,-,-,-,-,-,-,-,-,-,-,-,0,15,0,0,0,0.00,0.00,0.00,,0.00,0,0
33,,04723/25-26,CBM-MU-KN-CA-RN-TS-HS-SF-0142-0226,Knits - Men,Demo 2,26/02/26,199.00,2400,0,0,0,Yes,True,307200.00,,Priya Das Chowdhury,10/05/26,0,1,14,Yes,Yes,14,14,,2400,0,0,0,-,-,-,-,-,-,-,,-,-,-,-,-,-,-,-,-,-,-,-,-,-,-,-,-,-,-,-,-,-,-,-,-,-,-,-,-,-,-,-,-,-,-,-,-,-,-,-,-,-,-,-,-,-,-,-,-,-,-,-,-,-,-,-,-,-,-,-,-,-,-,-,-,-,-,-,-,-,-,0,15,0,0,0,0.00,0.00,0.00,,0.00,0,0
33,,04722/25-26,CBM-MU-KN-CA-RN-TS-HS-SF-0141-0226,Knits - Men,Demo 2,26/02/26,199.00,2400,0,0,0,Yes,True,307200.00,,Priya Das Chowdhury,10/05/26,0,1,14,Yes,Yes,14,14,,2400,0,0,0,-,-,-,-,-,-,-,,-,-,-,-,-,-,-,-,-,-,-,-,-,-,-,-,-,-,-,-,-,-,-,-,-,-,-,-,-,-,-,-,-,-,-,-,-,-,-,-,-,-,-,-,-,-,-,-,-,-,-,-,-,-,-,-,-,-,-,-,-,-,-,-,-,-,-,-,-,-,-,0,15,0,0,0,0.00,0.00,0.00,,0.00,0,0
13,,04738/25-26,Demo-JB-SET-HS-3595-0226,Knits - Kids,Raju mega amrt,27/02/26,149.00,7200,0,0,0,Yes,True,741600.00,,SUBHAJIT PATRA,20/04/26,0,2,3,Yes,Yes,3,3,,7200,0,0,0,-,-,-,-,-,-,-,,-,-,-,-,-,-,-,-,-,-,-,-,-,-,-,-,-,-,-,-,-,-,-,-,-,-,-,-,-,-,-,-,-,-,-,-,-,-,-,-,-,-,-,-,-,-,-,-,-,-,-,-,-,-,-,-,-,-,-,-,-,-,-,-,-,-,-,-,-,-,-,0,15,0,0,0,0.00,0.00,0.00,,92.84,0,0
64,,04735/25-26,Demo-MU-KN-CA-TS-HS-OS-0127-0226,Knits - Men,C2 ltd,27/02/26,275.00,2000,0,0,0,Yes,True,364000.00,,KARTIK DAS,10/06/26,0,1,20,Yes,No,20,20,,2000,0,0,0,-,-,-,-,-,-,-,,-,-,-,-,-,-,-,-,-,-,-,-,-,-,-,-,-,-,-,-,-,-,-,-,-,-,-,-,-,-,-,-,-,-,-,-,-,-,-,-,-,-,-,-,-,-,-,-,-,-,-,-,-,-,-,-,-,-,-,-,-,-,-,-,-,-,-,-,-,-,-,0,0,0,0,0,0.00,0.00,0.00,,0.00,0,0
33,,04729/25-26,CBM-MU-KN-CA-RN-TS-HS-SF-0146-0226,Knits - Men,Demo 2,27/02/26,299.00,2101,2101,0,0,Yes,True,386584.00,,Priya Das Chowdhury,10/05/26,1,1,1,Yes,Yes,1,1,,2101,0,0,0,-,-,-,-,-,-,-,,-,-,-,-,-,-,-,-,-,-,-,-,-,-,-,-,-,-,-,-,-,-,-,-,-,-,-,-,-,-,-,-,-,-,-,-,-,-,-,-,-,-,-,-,-,-,-,-,-,-,-,-,-,-,-,-,-,-,-,-,-,-,-,-,-,-,-,-,-,-,-,0,14,0,0,0,0.00,0.00,0.00,,0.00,0,0
33,,04732/25-26,CBM-MU-KN-CA-RN-TS-HS-RF-0148-0226,Knits - Men,Demo 2,27/02/26,299.00,2100,2100,0,0,Yes,True,378000.00,,Priya Das Chowdhury,10/05/26,1,1,1,Yes,Yes,1,1,,2100,0,0,0,-,-,-,-,-,-,-,,-,-,-,-,-,-,-,-,-,-,-,-,-,-,-,-,-,-,-,-,-,-,-,-,-,-,-,-,-,-,-,-,-,-,-,-,-,-,-,-,-,-,-,-,-,-,-,-,-,-,-,-,-,-,-,-,-,-,-,-,-,-,-,-,-,-,-,-,-,-,-,0,14,0,0,0,0.00,0.00,0.00,,0.00,0,0
84,,04724/25-26,HM-JG-LW-HP-3590-0226,Knits - Kids,HOME2,27/02/26,0.00,5000,5000,0,0,Yes,True,350000.00,,MALOTI RIKIASON,30/06/26,1,1,1,No,Yes,1,0,,5000,0,0,0,90,,,,,,,0.124,6946.2,,,365109,,,,5840.00,5934.00,16/03/2026,18/03/2026,5934.00,"KNITS CUTTING (BLOCK- 4, 1ST FLOOR)",0,2,-,-,-,-,-,-,0,0,-,-,-,-,-,-,0,0,5840.00,0.00,14/03/2026,-,-,RABI GARMENTS,5840,25,-,-,-,-,-,-,0,0,-,-,-,-,-,-,0,0,-,-,-,-,-,-,0,0,-,-,-,-,-,-,0,0,0,11,4,27,-23,372055.20,5934.00,377989.20,63.70,0.00,-377989.20,0
33,,04727/25-26,CBM-MU-KN-CA-RN-TS-HS-SF-0144-0226,Knits - Men,Demo 2,27/02/26,299.00,2101,2101,0,0,Yes,True,386584.00,,Priya Das Chowdhury,10/05/26,1,1,1,Yes,Yes,1,1,,2101,0,0,0,-,-,-,-,-,-,-,,-,-,-,-,-,-,-,-,-,-,-,-,-,-,-,-,-,-,-,-,-,-,-,-,-,-,-,-,-,-,-,-,-,-,-,-,-,-,-,-,-,-,-,-,-,-,-,-,-,-,-,-,-,-,-,-,-,-,-,-,-,-,-,-,-,-,-,-,-,-,-,0,14,0,0,0,0.00,0.00,0.00,,0.00,0,0
33,,04731/25-26,CBM-MU-KN-CA-RN-TS-HS-RF-0147-0226,Knits - Men,Demo 2,27/02/26,299.00,2100,2100,0,0,Yes,True,378000.00,,Priya Das Chowdhury,10/05/26,1,1,1,Yes,Yes,1,1,,2100,0,0,0,-,-,-,-,-,-,-,,-,-,-,-,-,-,-,-,-,-,-,-,-,-,-,-,-,-,-,-,-,-,-,-,-,-,-,-,-,-,-,-,-,-,-,-,-,-,-,-,-,-,-,-,-,-,-,-,-,-,-,-,-,-,-,-,-,-,-,-,-,-,-,-,-,-,-,-,-,-,-,0,14,0,0,0,0.00,0.00,0.00,,0.00,0,0
13,,04736/25-26,Demo-JB-SET-HS-3593-0226,Knits - Kids,Raju mega amrt,27/02/26,149.00,7200,0,0,0,Yes,True,741600.00,,SUBHAJIT PATRA,20/04/26,0,2,3,Yes,No,3,3,,7200,0,0,0,-,-,-,-,-,-,-,,-,-,-,-,-,-,-,-,-,-,-,-,-,-,-,-,-,-,-,-,-,-,-,-,-,-,-,-,-,-,-,-,-,-,-,-,-,-,-,-,-,-,-,-,-,-,-,-,-,-,-,-,-,-,-,-,-,-,-,-,-,-,-,-,-,-,-,-,-,-,-,0,0,0,0,0,0.00,0.00,0.00,,92.84,0,0
33,,04733/25-26,CBM-MU-KN-CA-RN-TS-HS-RF-0149-0226,Knits - Men,Demo 2,27/02/26,299.00,2100,2100,0,0,Yes,True,378000.00,,Priya Das Chowdhury,10/05/26,1,1,1,Yes,Yes,1,1,,2100,0,0,0,-,-,-,-,-,-,-,,-,-,-,-,-,-,-,-,-,-,-,-,-,-,-,-,-,-,-,-,-,-,-,-,-,-,-,-,-,-,-,-,-,-,-,-,-,-,-,-,-,-,-,-,-,-,-,-,-,-,-,-,-,-,-,-,-,-,-,-,-,-,-,-,-,-,-,-,-,-,-,35,14,0,0,0,0.00,0.00,0.00,,0.00,0,0
13,,04737/25-26,Demo-JB-SET-HS-3594-0226,Knits - Kids,Raju mega amrt,27/02/26,149.00,7200,0,0,0,Yes,True,741600.00,,SUBHAJIT PATRA,20/04/26,0,2,3,Yes,No,3,3,,7200,0,0,0,-,-,-,-,-,-,-,,-,-,-,-,-,-,-,-,-,-,-,-,-,-,-,-,-,-,-,-,-,-,-,-,-,-,-,-,-,-,-,-,-,-,-,-,-,-,-,-,-,-,-,-,-,-,-,-,-,-,-,-,-,-,-,-,-,-,-,-,-,-,-,-,-,-,-,-,-,-,-,0,0,0,0,0,0.00,0.00,0.00,,96.13,0,0
64,,04734/25-26,Demo-MU-KN-CA-TS-HS-OS-0150-0226,Knits - Men,C2 ltd,27/02/26,275.00,3999,0,0,0,Yes,True,727818.00,,KARTIK DAS,10/06/26,0,1,20,Yes,No,20,20,,3999,0,0,0,-,-,-,-,-,-,-,,-,-,-,-,-,-,-,-,-,-,-,-,-,-,-,-,-,-,-,-,-,-,-,-,-,-,-,-,-,-,-,-,-,-,-,-,-,-,-,-,-,-,-,-,-,-,-,-,-,-,-,-,-,-,-,-,-,-,-,-,-,-,-,-,-,-,-,-,-,-,-,0,0,0,0,0,0.00,0.00,0.00,,0.00,0,0
33,,04726/25-26,CBM-MU-KN-CA-RN-TS-HS-SF-0143-0226,Knits - Men,Demo 2,27/02/26,299.00,2101,2101,0,0,Yes,True,386584.00,,Priya Das Chowdhury,10/05/26,1,1,1,Yes,Yes,1,1,,2101,0,0,0,-,-,-,-,-,-,-,,-,-,-,-,-,-,-,-,-,-,-,-,-,-,-,-,-,-,-,-,-,-,-,-,-,-,-,-,-,-,-,-,-,-,-,-,-,-,-,-,-,-,-,-,-,-,-,-,-,-,-,-,-,-,-,-,-,-,-,-,-,-,-,-,-,-,-,-,-,-,-,0,14,0,0,0,0.00,0.00,0.00,,0.00,0,0
33,,04728/25-26,CBM-MU-KN-CA-RN-TS-HS-SF-0145-0226,Knits - Men,Demo 2,27/02/26,299.00,2101,2101,0,0,Yes,True,386584.00,,Priya Das Chowdhury,10/05/26,1,1,1,Yes,Yes,1,1,,2101,0,0,0,-,-,-,-,-,-,-,,-,-,-,-,-,-,-,-,-,-,-,-,-,-,-,-,-,-,-,-,-,-,-,-,-,-,-,-,-,-,-,-,-,-,-,-,-,-,-,-,-,-,-,-,-,-,-,-,-,-,-,-,-,-,-,-,-,-,-,-,-,-,-,-,-,-,-,-,-,-,-,0,14,0,0,0,0.00,0.00,0.00,,0.00,0,0
38,,04730/25-26,Demo-JB-UP-HS-3592-0226,Knits - Kids,Opee,27/02/26,270.00,2400,2400,0,0,Yes,True,216000.00,,Kausik Mitra,15/05/26,1,1,0,Yes,No,0,0,,2400,0,0,0,2,,,,,,,0.102,1661,,,97776.7,,,,2400.00,2432.00,28/03/2026,31/03/2026,2432.00,"KNITS CUTTING (BLOCK- 4, 1ST FLOOR)",0,3,2432.00,0.00,31/03/2026,-,-,LAXMI TABLE ADITI,2432,8,-,-,-,-,-,-,0,0,-,-,-,-,-,-,0,0,-,-,-,-,-,-,0,0,-,-,-,-,-,-,0,0,-,-,-,-,-,-,0,0,-,-,-,-,-,-,0,0,14,0,3,11,-8,99437.70,2432.00,101869.70,35.70,92.15,-101869.70,0
84,,04725/25-26,HM-JB-UP-SL-3591-0226,Knits - Kids,HOME2,27/02/26,0.00,5000,5000,0,0,Yes,True,425000.00,,MALOTI RIKIASON,30/06/26,1,1,1,No,Yes,1,0,,5000,0,0,0,-,-,-,-,-,-,-,,-,-,-,-,-,-,-,-,-,-,-,-,-,-,-,-,-,-,-,-,-,-,-,-,-,-,-,-,-,-,-,-,-,-,-,-,-,-,-,-,-,-,-,-,-,-,-,-,-,-,-,-,-,-,-,-,-,-,-,-,-,-,-,-,-,-,-,-,-,-,-,0,11,0,0,0,0.00,0.00,0.00,,0.00,0,0
13,,04739/25-26,Demo-JB-SET-HS-3596-0226,Knits - Kids,Raju mega amrt,27/02/26,199.00,6600,6600,0,0,Yes,True,864600.00,,SUBHAJIT PATRA,20/04/26,1,2,3,Yes,Yes,3,3,,6600,0,0,0,,,,1104.19,,,,0.086,,,,432119.52,,,,13200.00,12864.00,28/03/2026,04/04/2026,12864.00,"KNITS CUTTING (BLOCK- 4, 1ST FLOOR)",336,7,-,-,-,-,-,-,0,0,-,-,-,-,-,-,0,0,-,-,-,-,-,-,0,0,-,-,-,-,-,-,0,0,-,-,-,-,-,-,0,0,-,-,-,-,-,-,0,0,-,-,-,-,-,-,0,0,24,24,7,7,0,432119.52,12864.00,444983.52,69.18,114.63,-444983.52,0
13,,04741/25-26,Demo-MU-KN-CA-TS-HS-BF-0153-0226,Knits - Men,g mart,28/02/26,349.00,3000,3000,0,0,Yes,True,540000.00,,KARTIK DAS,20/04/26,1,1,2,Yes,Yes,2,2,,3000,0,0,0,6230,,,,,,,0.322,2843.2,,,292110.65,,,,3000.00,3078.00,31/03/2026,03/04/2026,3078.00,"KNITS CUTTING (BLOCK- 4, 1ST FLOOR)",0,3,-,-,-,-,-,-,0,0,-,-,-,-,-,-,0,0,3078.00,0.00,04/04/2026,-,-,TAPARIA BLOCK 4 4TH FLOOR (L FIROZ),3078,4,-,-,-,-,-,-,0,0,-,-,-,-,-,-,0,0,-,-,-,-,-,-,0,0,-,-,-,-,-,-,0,0,30,30,3,7,-4,294953.85,3078.00,298031.85,96.83,0.00,-298031.85,0
33,,04743/25-26,Demo-MU-KN-CA-TS-HS-BF-0155-0226,Knits - Men,g mart,28/02/26,349.00,6000,6000,0,0,Yes,True,1290000.00,,KARTIK DAS,10/05/26,1,1,2,Yes,Yes,2,2,,6000,0,0,0,,,,1963.42,,,,,,,,585404.8,,,,6000.00,0.00,06/04/2026,-,-,GOPALKA GARMENTS ( ADITYA SIR ),6000,2,-,-,-,-,-,-,0,0,-,-,-,-,-,-,0,0,-,-,-,-,-,-,0,0,-,-,-,-,-,-,0,0,-,-,-,-,-,-,0,0,-,-,-,-,-,-,0,0,-,-,-,-,-,-,0,0,30,30,0,2,-2,585404.80,0.00,585404.80,39.30,0.00,-585404.80,0
33,,04740/25-26,Demo-MU-KN-CA-TS-HS-BF-0152-0226,Knits - Men,g mart,28/02/26,349.00,3000,3000,0,0,Yes,True,540000.00,,KARTIK DAS,10/05/26,1,1,2,Yes,Yes,2,2,,3000,0,0,0,-,-,-,-,-,-,-,,-,-,-,-,-,-,-,-,-,-,-,-,-,-,-,-,-,-,-,-,-,-,-,-,-,-,-,-,-,-,-,-,-,-,-,-,-,-,-,-,-,-,-,-,-,-,-,-,-,-,-,-,-,-,-,-,-,-,-,-,-,-,-,-,-,-,-,-,-,-,-,30,0,0,0,0,0.00,0.00,0.00,,0.00,0,0
33,,04742/25-26,Demo-MU-KN-CA-TS-HS-BF-0154-0226,Knits - Men,g mart,28/02/26,349.00,3000,3000,0,0,Yes,True,540000.00,,KARTIK DAS,10/05/26,1,1,2,Yes,Yes,2,2,,3000,0,0,0,-,-,-,-,-,-,-,,-,-,-,-,-,-,-,-,-,-,-,-,-,-,-,-,-,-,-,-,-,-,-,-,-,-,-,-,-,-,-,-,-,-,-,-,-,-,-,-,-,-,-,-,-,-,-,-,-,-,-,-,-,-,-,-,-,-,-,-,-,-,-,-,-,-,-,-,-,-,-,30,0,0,0,0,0.00,0.00,0.00,,0.00,0,0
52,,04749/25-26,Demo-LU-KN-CA-TS-HS-OS-0156-0326,Knits - Men,Raju mega amrt,02/03/26,169.00,6000,5800,0,0,Yes,True,570000.00,,Saikat Kr Das,29/05/26,1,1,0,Yes,Yes,0,0,,6000,0,0,0,,,,764.76,,,,,,,,271489.8,,,,-,-,-,-,-,-,-,-,-,-,-,-,-,-,-,-,-,-,-,-,-,-,-,-,-,-,-,-,-,-,-,-,-,-,-,-,-,-,-,-,-,-,-,-,-,-,-,-,-,-,-,-,-,-,-,-,-,-,-,-,-,-,-,-,29,21,0,0,0,271489.80,0.00,271489.80,,0.00,-271489.80,0
-7,,04747/25-26,SC-SS-WO-CA-SH-HS-RF-01160-0326,Woven,HOME2,02/03/26,249.00,240,240,0,0,Yes,True,34800.00,,Ananya Ghosh,31/03/26,1,1,24,Yes,No,24,24,,240,0,0,0,285,,,,,,,0.955,354.75,,,,,,21420,240.00,220.00,27/03/2026,03/04/2026,330.00,TIPL- LINE NO-6,20,7,-,-,-,-,-,-,0,0,-,-,-,-,-,-,0,0,219.00,0.00,03/04/2026,-,-,TIPL- LINE NO-6,219,5,-,-,-,-,-,-,0,0,-,-,-,-,-,-,0,0,-,-,-,-,-,-,0,0,-,-,-,-,-,-,0,0,24,0,7,12,-5,21774.75,330.00,22104.75,100.48,0.00,-22104.75,0
-7,,04744/25-26,SC-JS-WO-CA-SH-HS-RF-01157-0326,Woven,HOME2,02/03/26,149.00,672,672,0,0,Yes,True,60480.00,,Ananya Ghosh,31/03/26,1,1,25,Yes,No,25,25,,672,0,0,0,1380,,,,,,,1.256,1143,,,,,,41952,672.00,696.00,27/03/2026,03/04/2026,1044.00,TIPL- LINE NO-6,0,7,-,-,-,-,-,-,0,0,-,-,-,-,-,-,0,0,696.00,0.00,03/04/2026,-,-,TIPL- LINE NO-6,696,5,-,-,-,-,-,-,0,0,-,-,-,-,-,-,0,0,-,-,-,-,-,-,0,0,-,-,-,-,-,-,0,0,25,0,7,12,-5,43095.00,1044.00,44139.00,63.42,0.00,-44139.00,0
-7,,04746/25-26,SC-SS-WO-CA-SH-HS-RF-01159-0326,Woven,HOME2,02/03/26,149.00,900,900,0,0,Yes,True,81000.00,,Ananya Ghosh,31/03/26,1,1,25,Yes,No,25,25,,900,0,0,0,1840,,,,,,,0.292,1524,,,,,,10416,900.00,744.00,27/03/2026,03/04/2026,1116.00,TIPL- LINE NO-6,156,7,-,-,-,-,-,-,0,0,-,-,-,-,-,-,0,0,744.00,0.00,03/04/2026,-,-,TIPL- LINE NO-6,744,5,-,-,-,-,-,-,0,0,-,-,-,-,-,-,0,0,-,-,-,-,-,-,0,0,-,-,-,-,-,-,0,0,25,0,7,12,-5,11940.00,1116.00,13056.00,17.55,0.00,-13056.00,0
-7,,04745/25-26,SC-SS-WO-CA-SH-HS-RF-01158-0326,Woven,HOME2,02/03/26,245.00,216,216,0,0,Yes,True,31320.00,,Ananya Ghosh,31/03/26,1,1,24,Yes,No,24,24,,216,0,0,0,465,,,,,,,0.9,381.75,,,,,,13500,216.00,200.00,06/04/2026,06/04/2026,300.00,TIPL- LINE NO-6,16,1,-,-,-,-,-,-,0,0,-,-,-,-,-,-,0,0,200.00,0.00,03/04/2026,-,-,TIPL- LINE NO-6,200,5,-,-,-,-,-,-,0,0,-,-,-,-,-,-,0,0,-,-,-,-,-,-,0,0,-,-,-,-,-,-,0,0,24,0,3,6,-3,13881.75,300.00,14181.75,70.91,0.00,-14181.75,0
-7,,04748/25-26,SC-JS-WO-CA-SH-HS-RF-01161-0326,Woven,HOME2,02/03/26,199.00,1104,1104,0,0,Yes,True,138000.00,,Ananya Ghosh,31/03/26,1,1,24,Yes,No,24,24,,1104,0,0,0,2240,,,,,,,0.657,1584,,,,,,95523,1104.00,1152.00,27/03/2026,03/04/2026,1728.00,TIPL- LINE NO-6,0,7,-,-,-,-,-,-,0,0,-,-,-,-,-,-,0,0,1152.00,0.00,02/04/2026,-,-,TIPL- LINE NO-6,1152,6,-,-,-,-,-,-,0,0,-,-,-,-,-,-,0,0,-,-,-,-,-,-,0,0,-,-,-,-,-,-,0,0,24,0,7,13,-6,97107.00,1728.00,98835.00,69.86,0.00,-98835.00,0
-22,,04752/25-26,Demo-BY-UP-HS-3597-0326,Knits - Kids,Opee,05/03/26,0.00,2940,2670,637,21.7,Yes,True,256536.00,56582.40,Kausik Mitra,16/03/26,1,1,1,Yes,No,1,1,26/03/26,2303,637,0,0,3,,,,,,,0.519,2307.5,,,160942.49,2283,,,2670.00,651.00,13/03/2026,13/03/2026,651.00,"KNITS CUTTING (BLOCK- 4, 1ST FLOOR)",2019,1,-,-,-,-,-,-,0,0,-,-,-,-,-,-,0,0,651.00,652.00,13/03/2026,20/03/2026,7824.00,TAPARIA BLOCK 24 (L SUBRATA),0,7,-,-,-,-,-,-,0,0,-,-,-,-,-,-,0,0,640.00,640.00,23/03/2026,26/03/2026,2304.00,4TH FLOOR IRONING,0,3,652.00,637.00,23/03/2026,26/03/2026,637.00,RAJ SARKAR (GARMENTS FINISHING CONTRACTOR),15,3,21,0,13,14,-1,165532.99,11416.00,176948.99,271.81,0.00,-120366.59,97.8
23,,04755/25-26,Demo-JB-SET-FS-3600-0326,Knits - Kids,Raju mega amrt,05/03/26,299.00,7002,0,0,0,Yes,True,1176336.00,,SUBHAJIT PATRA,30/04/26,0,2,2,Yes,No,2,2,,7002,0,0,0,-,-,-,-,-,-,-,,-,-,-,-,-,-,-,-,-,-,-,-,-,-,-,-,-,-,-,-,-,-,-,-,-,-,-,-,-,-,-,-,-,-,-,-,-,-,-,-,-,-,-,-,-,-,-,-,-,-,-,-,-,-,-,-,-,-,-,-,-,-,-,-,-,-,-,-,-,-,-,0,0,0,0,0,0.00,0.00,0.00,,139.22,0,0
18,,04750/25-26,TT-Demo-WO-CA-SH-HS-RF-01162-0326,Woven,kolkata 2,05/03/26,399.00,13391,13391,0,0,Yes,True,2718373.00,,Md Shahzada,25/04/26,1,1,0,Yes,Yes,0,9,,13391,0,0,0,-,-,-,-,-,-,-,,-,-,-,-,-,-,-,-,-,-,-,-,-,-,-,-,-,-,-,-,-,-,-,-,-,-,-,-,-,-,-,-,-,-,-,-,-,-,-,-,-,-,-,-,-,-,-,-,-,-,-,-,-,-,-,-,-,-,-,-,-,-,-,-,-,-,-,-,-,-,-,0,12,0,0,0,0.00,0.00,0.00,,0.00,0,0
-22,,04753/25-26,Demo-BY-UP-HS-3598-0326,Knits - Kids,Opee,05/03/26,0.00,2940,2670,2569,87.4,Yes,True,243432.00,0.00,Kausik Mitra,16/03/26,1,1,1,Yes,No,1,1,26/03/26,371,2569,0,0,3,,,,,,,0.136,2632,,,175580.66,8409,,,2670.00,2604.00,10/03/2026,13/03/2026,2604.00,"KNITS CUTTING (BLOCK- 4, 1ST FLOOR)",66,3,-,-,-,-,-,-,0,0,-,-,-,-,-,-,0,0,2604.00,2605.00,13/03/2026,20/03/2026,31260.00,TAPARIA BLOCK 24 (L SUBRATA),0,7,-,-,-,-,-,-,0,0,-,-,-,-,-,-,0,0,2605.00,2569.00,23/03/2026,26/03/2026,6197.71,JAMINUL MONDAL,36,3,-,-,-,-,-,-,0,0,21,0,16,13,3,186621.66,40125.70,226747.36,80.36,0.00,-226747.36,98.7
23,,04756/25-26,Demo-JB-SET-FS-3601-0326,Knits - Kids,Raju mega amrt,05/03/26,299.00,7002,0,0,0,Yes,True,1176336.00,,SUBHAJIT PATRA,30/04/26,0,2,2,Yes,No,2,2,,7002,0,0,0,-,-,-,-,-,-,-,,-,-,-,-,-,-,-,-,-,-,-,-,-,-,-,-,-,-,-,-,-,-,-,-,-,-,-,-,-,-,-,-,-,-,-,-,-,-,-,-,-,-,-,-,-,-,-,-,-,-,-,-,-,-,-,-,-,-,-,-,-,-,-,-,-,-,-,-,-,-,-,0,0,0,0,0,0.00,0.00,0.00,,146.56,0,0
23,,04754/25-26,Demo-JB-SET-FS-3599-0326,Knits - Kids,Raju mega amrt,05/03/26,299.00,7002,0,0,0,Yes,True,1176336.00,,SUBHAJIT PATRA,30/04/26,0,2,2,Yes,No,2,2,,7002,0,0,0,-,-,-,-,-,-,-,,-,-,-,-,-,-,-,-,-,-,-,-,-,-,-,-,-,-,-,-,-,-,-,-,-,-,-,-,-,-,-,-,-,-,-,-,-,-,-,-,-,-,-,-,-,-,-,-,-,-,-,-,-,-,-,-,-,-,-,-,-,-,-,-,-,-,-,-,-,-,-,0,0,0,0,0,0.00,0.00,0.00,,139.22,0,0
18,,04751/25-26,TT-Demo-WO-CA-SH-HS-RF-01163-0326,Woven,kolkata 2,05/03/26,399.00,13390,13390,0,0,Yes,True,2718170.00,,Md Shahzada,25/04/26,1,1,0,Yes,Yes,0,9,,13390,0,0,0,4,,,,,,,,18591.5,19720,,,,,,-,-,-,-,-,-,-,-,-,-,-,-,-,-,-,-,-,-,-,-,-,-,-,-,-,-,-,-,-,-,-,-,-,-,-,-,-,-,-,-,-,-,-,-,-,-,-,-,-,-,-,-,-,-,-,-,-,-,-,-,-,-,-,-,26,12,0,0,0,38311.50,0.00,38311.50,0.00,0.00,-38311.50,0
23,,04757/25-26,Demo-UP-HS-3602-0326,Knits - Kids,Raju mega amrt,06/03/26,149.00,7000,7000,0,0,Yes,True,616000.00,,SUBHAJIT PATRA,30/04/26,1,1,0,Yes,Yes,0,0,,7000,0,0,0,-,-,-,-,-,-,-,,-,-,-,-,-,-,-,-,-,-,-,-,-,-,-,-,-,-,-,-,-,-,-,-,-,-,-,-,-,-,-,-,-,-,-,-,-,-,-,-,-,-,-,-,-,-,-,-,-,-,-,-,-,-,-,-,-,-,-,-,-,-,-,-,-,-,-,-,-,-,-,0,29,0,0,0,0.00,0.00,0.00,,87.52,0,0
1,,04758/25-26,EB-JG-LO-FP-3603-0326,Knits - Kids,intrn lmtd,09/03/26,199.00,2000,0,0,0,Yes,True,226000.00,,MALOTI RIKIASON,08/04/26,0,1,9,Yes,No,9,9,,2000,0,0,0,-,-,-,-,-,-,-,,-,-,-,-,-,-,-,-,-,-,-,-,-,-,-,-,-,-,-,-,-,-,-,-,-,-,-,-,-,-,-,-,-,-,-,-,-,-,-,-,-,-,-,-,-,-,-,-,-,-,-,-,-,-,-,-,-,-,-,-,-,-,-,-,-,-,-,-,-,-,-,0,0,0,0,0,0.00,0.00,0.00,,0.00,0,0
94,,04769/25-26,Demo-MU-KN-CA-TS-HS-OS-0136-0226,Knits - Men,C2 ltd,09/03/26,275.00,2999,0,0,0,Yes,True,539820.00,,KARTIK DAS,10/07/26,0,1,10,Yes,No,10,10,,2999,0,0,0,-,-,-,-,-,-,-,,-,-,-,-,-,-,-,-,-,-,-,-,-,-,-,-,-,-,-,-,-,-,-,-,-,-,-,-,-,-,-,-,-,-,-,-,-,-,-,-,-,-,-,-,-,-,-,-,-,-,-,-,-,-,-,-,-,-,-,-,-,-,-,-,-,-,-,-,-,-,-,0,0,0,0,0,0.00,0.00,0.00,,0.00,0,0
64,,04761/25-26,Demo-MU-KN-CA-TS-HS-OS-0128-0226,Knits - Men,C2 ltd,09/03/26,0.00,2000,0,0,0,Yes,True,360000.00,,KARTIK DAS,10/06/26,0,1,10,Yes,No,10,10,,2000,0,0,0,-,-,-,-,-,-,-,,-,-,-,-,-,-,-,-,-,-,-,-,-,-,-,-,-,-,-,-,-,-,-,-,-,-,-,-,-,-,-,-,-,-,-,-,-,-,-,-,-,-,-,-,-,-,-,-,-,-,-,-,-,-,-,-,-,-,-,-,-,-,-,-,-,-,-,-,-,-,-,0,0,0,0,0,0.00,0.00,0.00,,0.00,0,0
64,,04764/25-26,Demo-MU-KN-CA-TS-HS-OS-0131-0226,Knits - Men,C2 ltd,09/03/26,275.00,2000,0,0,0,Yes,True,360000.00,,KARTIK DAS,10/06/26,0,1,10,Yes,No,10,10,,2000,0,0,0,-,-,-,-,-,-,-,,-,-,-,-,-,-,-,-,-,-,-,-,-,-,-,-,-,-,-,-,-,-,-,-,-,-,-,-,-,-,-,-,-,-,-,-,-,-,-,-,-,-,-,-,-,-,-,-,-,-,-,-,-,-,-,-,-,-,-,-,-,-,-,-,-,-,-,-,-,-,-,0,0,0,0,0,0.00,0.00,0.00,,0.00,0,0
94,,04770/25-26,Demo-MU-KN-CA-TS-HS-OS-0151-0226,Knits - Men,C2 ltd,09/03/26,275.00,2999,0,0,0,Yes,True,539820.00,,KARTIK DAS,10/07/26,0,1,10,Yes,No,10,10,,2999,0,0,0,-,-,-,-,-,-,-,,-,-,-,-,-,-,-,-,-,-,-,-,-,-,-,-,-,-,-,-,-,-,-,-,-,-,-,-,-,-,-,-,-,-,-,-,-,-,-,-,-,-,-,-,-,-,-,-,-,-,-,-,-,-,-,-,-,-,-,-,-,-,-,-,-,-,-,-,-,-,-,0,0,0,0,0,0.00,0.00,0.00,,0.00,0,0
94,,04767/25-26,Demo-MU-KN-CA-TS-HS-OS-0134-0226,Knits - Men,C2 ltd,09/03/26,275.00,2501,0,0,0,Yes,True,450180.00,,KARTIK DAS,10/07/26,0,1,10,Yes,No,10,10,,2501,0,0,0,-,-,-,-,-,-,-,,-,-,-,-,-,-,-,-,-,-,-,-,-,-,-,-,-,-,-,-,-,-,-,-,-,-,-,-,-,-,-,-,-,-,-,-,-,-,-,-,-,-,-,-,-,-,-,-,-,-,-,-,-,-,-,-,-,-,-,-,-,-,-,-,-,-,-,-,-,-,-,0,0,0,0,0,0.00,0.00,0.00,,0.00,0,0
7,,04760/25-26,EB-SG-LO-FP-3605-0326,Knits - Kids,intrn lmtd,09/03/26,249.00,1800,0,0,0,Yes,True,243000.00,,MALOTI RIKIASON,14/04/26,0,1,9,Yes,No,9,9,,1800,0,0,0,-,-,-,-,-,-,-,,-,-,-,-,-,-,-,-,-,-,-,-,-,-,-,-,-,-,-,-,-,-,-,-,-,-,-,-,-,-,-,-,-,-,-,-,-,-,-,-,-,-,-,-,-,-,-,-,-,-,-,-,-,-,-,-,-,-,-,-,-,-,-,-,-,-,-,-,-,-,-,0,0,0,0,0,0.00,0.00,0.00,,0.00,0,0
64,,04763/25-26,Demo-MU-KN-CA-TS-HS-OS-0130-0226,Knits - Men,C2 ltd,09/03/26,275.00,5001,0,0,0,Yes,True,900180.00,,KARTIK DAS,10/06/26,0,1,10,Yes,No,10,10,,5001,0,0,0,-,-,-,-,-,-,-,,-,-,-,-,-,-,-,-,-,-,-,-,-,-,-,-,-,-,-,-,-,-,-,-,-,-,-,-,-,-,-,-,-,-,-,-,-,-,-,-,-,-,-,-,-,-,-,-,-,-,-,-,-,-,-,-,-,-,-,-,-,-,-,-,-,-,-,-,-,-,-,0,0,0,0,0,0.00,0.00,0.00,,0.00,0,0
94,,04766/25-26,Demo-MU-KN-CA-TS-HS-OS-0133-0226,Knits - Men,C2 ltd,09/03/26,275.00,1500,0,0,0,Yes,True,270000.00,,KARTIK DAS,10/07/26,0,1,10,Yes,No,10,10,,1500,0,0,0,-,-,-,-,-,-,-,,-,-,-,-,-,-,-,-,-,-,-,-,-,-,-,-,-,-,-,-,-,-,-,-,-,-,-,-,-,-,-,-,-,-,-,-,-,-,-,-,-,-,-,-,-,-,-,-,-,-,-,-,-,-,-,-,-,-,-,-,-,-,-,-,-,-,-,-,-,-,-,0,0,0,0,0,0.00,0.00,0.00,,0.00,0,0
64,,04762/25-26,Demo-MU-KN-CA-TS-HS-OS-0129-0226,Knits - Men,C2 ltd,09/03/26,275.00,3500,0,0,0,Yes,True,630000.00,,KARTIK DAS,10/06/26,0,1,10,Yes,No,10,10,,3500,0,0,0,-,-,-,-,-,-,-,,-,-,-,-,-,-,-,-,-,-,-,-,-,-,-,-,-,-,-,-,-,-,-,-,-,-,-,-,-,-,-,-,-,-,-,-,-,-,-,-,-,-,-,-,-,-,-,-,-,-,-,-,-,-,-,-,-,-,-,-,-,-,-,-,-,-,-,-,-,-,-,0,0,0,0,0,0.00,0.00,0.00,,0.00,0,0
7,,04759/25-26,EB-JG-LO-FP-3604-0326,Knits - Kids,intrn lmtd,09/03/26,199.00,2000,0,0,0,Yes,True,226000.00,,MALOTI RIKIASON,14/04/26,0,1,9,Yes,No,9,9,,2000,0,0,0,-,-,-,-,-,-,-,,-,-,-,-,-,-,-,-,-,-,-,-,-,-,-,-,-,-,-,-,-,-,-,-,-,-,-,-,-,-,-,-,-,-,-,-,-,-,-,-,-,-,-,-,-,-,-,-,-,-,-,-,-,-,-,-,-,-,-,-,-,-,-,-,-,-,-,-,-,-,-,0,0,0,0,0,0.00,0.00,0.00,,0.00,0,0
94,,04765/25-26,Demo-MU-KN-CA-TS-HS-OS-0132-0226,Knits - Men,C2 ltd,09/03/26,275.00,2999,0,0,0,Yes,True,539820.00,,KARTIK DAS,10/07/26,0,1,10,Yes,No,10,10,,2999,0,0,0,-,-,-,-,-,-,-,,-,-,-,-,-,-,-,-,-,-,-,-,-,-,-,-,-,-,-,-,-,-,-,-,-,-,-,-,-,-,-,-,-,-,-,-,-,-,-,-,-,-,-,-,-,-,-,-,-,-,-,-,-,-,-,-,-,-,-,-,-,-,-,-,-,-,-,-,-,-,-,0,0,0,0,0,0.00,0.00,0.00,,0.00,0,0
94,,04768/25-26,Demo-MU-KN-CA-TS-HS-OS-0135-0226,Knits - Men,C2 ltd,09/03/26,275.00,3500,0,0,0,Yes,True,630000.00,,KARTIK DAS,10/07/26,0,1,10,Yes,No,10,10,,3500,0,0,0,-,-,-,-,-,-,-,,-,-,-,-,-,-,-,-,-,-,-,-,-,-,-,-,-,-,-,-,-,-,-,-,-,-,-,-,-,-,-,-,-,-,-,-,-,-,-,-,-,-,-,-,-,-,-,-,-,-,-,-,-,-,-,-,-,-,-,-,-,-,-,-,-,-,-,-,-,-,-,0,0,0,0,0,0.00,0.00,0.00,,0.00,0,0
84,,04784/25-26,Demo-JB-WO-CA-SH-HS-RF-01181-0326,Woven,Raju mega amrt,10/03/26,199.00,8000,0,0,0,Yes,True,896000.00,,MD SAMIM SK,30/06/26,0,1,7,Yes,No,7,7,,8000,0,0,0,-,-,-,-,-,-,-,,-,-,-,-,-,-,-,-,-,-,-,-,-,-,-,-,-,-,-,-,-,-,-,-,-,-,-,-,-,-,-,-,-,-,-,-,-,-,-,-,-,-,-,-,-,-,-,-,-,-,-,-,-,-,-,-,-,-,-,-,-,-,-,-,-,-,-,-,-,-,-,0,0,0,0,0,0.00,0.00,0.00,,0.00,0,0
84,,04775/25-26,Demo-JB-WO-CA-SH-HS-RF-01172-0326,Woven,Raju mega amrt,10/03/26,299.00,7600,0,0,0,Yes,True,1140000.00,,MD SAMIM SK,30/06/26,0,1,13,Yes,Yes,13,16,,7600,0,0,0,-,-,-,-,-,-,-,,-,-,-,-,-,-,-,-,-,-,-,-,-,-,-,-,-,-,-,-,-,-,-,-,-,-,-,-,-,-,-,-,-,-,-,-,-,-,-,-,-,-,-,-,-,-,-,-,-,-,-,-,-,-,-,-,-,-,-,-,-,-,-,-,-,-,-,-,-,-,-,0,15,0,0,0,0.00,0.00,0.00,,0.00,0,0
84,,04781/25-26,Demo-JB-WO-CA-SH-HS-RF-01178-0326,Woven,Raju mega amrt,10/03/26,149.00,8000,0,0,0,Yes,True,816000.00,,MD SAMIM SK,30/06/26,0,1,7,Yes,Yes,7,7,,8000,0,0,0,-,-,-,-,-,-,-,,-,-,-,-,-,-,-,-,-,-,-,-,-,-,-,-,-,-,-,-,-,-,-,-,-,-,-,-,-,-,-,-,-,-,-,-,-,-,-,-,-,-,-,-,-,-,-,-,-,-,-,-,-,-,-,-,-,-,-,-,-,-,-,-,-,-,-,-,-,-,-,21,15,0,0,0,0.00,0.00,0.00,,0.00,0,0
84,,04772/25-26,Demo-JB-WO-CA-SH-HS-RF-01169-0326,Woven,Raju mega amrt,10/03/26,399.00,5600,0,0,0,Yes,True,1036000.00,,MD SAMIM SK,30/06/26,0,2,16,Yes,No,16,16,,5600,0,0,0,-,-,-,-,-,-,-,,-,-,-,-,-,-,-,-,-,-,-,-,-,-,-,-,-,-,-,-,-,-,-,-,-,-,-,-,-,-,-,-,-,-,-,-,-,-,-,-,-,-,-,-,-,-,-,-,-,-,-,-,-,-,-,-,-,-,-,-,-,-,-,-,-,-,-,-,-,-,-,0,0,0,0,0,0.00,0.00,0.00,,0.00,0,0
84,,04778/25-26,Demo-JB-WO-CA-SH-HS-RF-01175-0326,Woven,Raju mega amrt,10/03/26,199.00,8000,0,0,0,Yes,True,896000.00,,MD SAMIM SK,30/06/26,0,1,7,Yes,Yes,7,7,,8000,0,0,0,-,-,-,-,-,-,-,,-,-,-,-,-,-,-,-,-,-,-,-,-,-,-,-,-,-,-,-,-,-,-,-,-,-,-,-,-,-,-,-,-,-,-,-,-,-,-,-,-,-,-,-,-,-,-,-,-,-,-,-,-,-,-,-,-,-,-,-,-,-,-,-,-,-,-,-,-,-,-,0,15,0,0,0,0.00,0.00,0.00,,0.00,0,0
84,,04792/25-26,Demo-Demo-WO-CA-SH-HS-RF-01188-0326,Woven,Raju mega amrt,10/03/26,219.00,5500,0,0,0,Yes,True,709500.00,,MD SAMIM SK,30/06/26,0,1,7,Yes,Yes,7,7,,5500,0,0,0,-,-,-,-,-,-,-,,-,-,-,-,-,-,-,-,-,-,-,-,-,-,-,-,-,-,-,-,-,-,-,-,-,-,-,-,-,-,-,-,-,-,-,-,-,-,-,-,-,-,-,-,-,-,-,-,-,-,-,-,-,-,-,-,-,-,-,-,-,-,-,-,-,-,-,-,-,-,-,0,0,0,0,0,0.00,0.00,0.00,,0.00,0,0
84,,04779/25-26,Demo-JB-WO-CA-SH-HS-RF-01176-0326,Woven,Raju mega amrt,10/03/26,199.00,6000,6000,0,0,Yes,True,672000.00,,MD SAMIM SK,30/06/26,1,1,7,Yes,Yes,7,7,,6000,0,0,0,,,,,,,3256.75,,,,,,,,276823.75,6000.00,0.00,07/04/2026,-,-,DILIP,6000,1,-,-,-,-,-,-,0,0,-,-,-,-,-,-,0,0,-,-,-,-,-,-,0,0,-,-,-,-,-,-,0,0,-,-,-,-,-,-,0,0,-,-,-,-,-,-,0,0,-,-,-,-,-,-,0,0,0,15,0,1,-1,276823.75,0.00,276823.75,46.14,0.00,-276823.75,0
84,,04776/25-26,Demo-JB-WO-CA-SH-HS-RF-01173-0326,Woven,Raju mega amrt,10/03/26,149.00,8000,8000,0,0,Yes,True,896000.00,,MD SAMIM SK,30/06/26,1,1,7,Yes,Yes,7,7,,8000,0,0,0,,,,,,,3429.75,,,,,,,,274380,8000.00,0.00,06/04/2026,-,-,TIPL- LINE NO-9,8000,2,-,-,-,-,-,-,0,0,-,-,-,-,-,-,0,0,-,-,-,-,-,-,0,0,-,-,-,-,-,-,0,0,-,-,-,-,-,-,0,0,-,-,-,-,-,-,0,0,-,-,-,-,-,-,0,0,21,15,0,2,-2,274380.00,0.00,274380.00,34.30,0.00,-274380.00,0
84,,04773/25-26,Demo-JB-WO-CA-SH-HS-RF-01170-0326,Woven,Raju mega amrt,10/03/26,149.00,8000,0,0,0,Yes,True,816000.00,,MD SAMIM SK,30/06/26,0,1,13,No,Yes,13,0,,8000,0,0,0,-,-,-,-,-,-,-,,-,-,-,-,-,-,-,-,-,-,-,-,-,-,-,-,-,-,-,-,-,-,-,-,-,-,-,-,-,-,-,-,-,-,-,-,-,-,-,-,-,-,-,-,-,-,-,-,-,-,-,-,-,-,-,-,-,-,-,-,-,-,-,-,-,-,-,-,-,-,-,0,15,0,0,0,0.00,0.00,0.00,,0.00,0,0
84,,04787/25-26,Demo-JB-WO-CA-SH-HS-RF-01184-0326,Woven,Raju mega amrt,10/03/26,149.00,8000,0,0,0,Yes,True,816000.00,,MD SAMIM SK,30/06/26,0,1,7,Yes,No,7,7,,8000,0,0,0,-,-,-,-,-,-,-,,-,-,-,-,-,-,-,-,-,-,-,-,-,-,-,-,-,-,-,-,-,-,-,-,-,-,-,-,-,-,-,-,-,-,-,-,-,-,-,-,-,-,-,-,-,-,-,-,-,-,-,-,-,-,-,-,-,-,-,-,-,-,-,-,-,-,-,-,-,-,-,0,0,0,0,0,0.00,0.00,0.00,,0.00,0,0
84,,04790/25-26,Demo-Demo-WO-CA-SH-HS-RF-01186-0326,Woven,Raju mega amrt,10/03/26,179.00,5900,5900,0,0,Yes,True,719800.00,,MD SAMIM SK,30/06/26,1,1,7,Yes,Yes,7,7,,5900,0,0,0,12040,,,,,,,,16100,,,,,,331981.5,5900.00,0.00,06/04/2026,-,-,TIPL- LINE NO-9,5900,2,-,-,-,-,-,-,0,0,-,-,-,-,-,-,0,0,-,-,-,-,-,-,0,0,-,-,-,-,-,-,0,0,-,-,-,-,-,-,0,0,-,-,-,-,-,-,0,0,-,-,-,-,-,-,0,0,0,28,0,2,-2,348081.50,0.00,348081.50,59.00,0.00,-348081.50,0
84,,04774/25-26,Demo-JB-WO-CA-SH-HS-RF-01171-0326,Woven,Raju mega amrt,10/03/26,149.00,8000,8000,0,0,Yes,True,816000.00,,MD SAMIM SK,30/06/26,1,1,7,Yes,Yes,7,7,,8000,0,0,0,8054,,,,,,,,17412,,,,,,331981.5,8000.00,0.00,06/04/2026,-,-,TIPL- LINE NO-9,8000,2,-,-,-,-,-,-,0,0,-,-,-,-,-,-,0,0,-,-,-,-,-,-,0,0,-,-,-,-,-,-,0,0,-,-,-,-,-,-,0,0,-,-,-,-,-,-,0,0,-,-,-,-,-,-,0,0,0,15,0,2,-2,349393.50,0.00,349393.50,43.67,0.00,-349393.50,0
84,,04780/25-26,Demo-JB-WO-CA-SH-HS-RF-01177-0326,Woven,Raju mega amrt,10/03/26,199.00,6000,0,0,0,Yes,True,672000.00,,MD SAMIM SK,30/06/26,0,1,7,Yes,Yes,7,7,,6000,0,0,0,-,-,-,-,-,-,-,,-,-,-,-,-,-,-,-,-,-,-,-,-,-,-,-,-,-,-,-,-,-,-,-,-,-,-,-,-,-,-,-,-,-,-,-,-,-,-,-,-,-,-,-,-,-,-,-,-,-,-,-,-,-,-,-,-,-,-,-,-,-,-,-,-,-,-,-,-,-,-,21,15,0,0,0,0.00,0.00,0.00,,0.00,0,0
84,,04777/25-26,Demo-JB-WO-CA-SH-HS-RF-01174-0326,Woven,Raju mega amrt,10/03/26,199.00,6000,0,0,0,Yes,True,672000.00,,MD SAMIM SK,30/06/26,0,1,7,Yes,Yes,7,7,,6000,0,0,0,-,-,-,-,-,-,-,,-,-,-,-,-,-,-,-,-,-,-,-,-,-,-,-,-,-,-,-,-,-,-,-,-,-,-,-,-,-,-,-,-,-,-,-,-,-,-,-,-,-,-,-,-,-,-,-,-,-,-,-,-,-,-,-,-,-,-,-,-,-,-,-,-,-,-,-,-,-,-,0,15,0,0,0,0.00,0.00,0.00,,0.00,0,0
84,,04786/25-26,Demo-JB-WO-CA-SH-HS-RF-01183-0326,Woven,Raju mega amrt,10/03/26,149.00,8000,0,0,0,Yes,True,816000.00,,MD SAMIM SK,30/06/26,0,1,7,Yes,No,7,7,,8000,0,0,0,-,-,-,-,-,-,-,,-,-,-,-,-,-,-,-,-,-,-,-,-,-,-,-,-,-,-,-,-,-,-,-,-,-,-,-,-,-,-,-,-,-,-,-,-,-,-,-,-,-,-,-,-,-,-,-,-,-,-,-,-,-,-,-,-,-,-,-,-,-,-,-,-,-,-,-,-,-,-,21,0,0,0,0,0.00,0.00,0.00,,0.00,0,0
84,,04789/25-26,Demo-Demo-WO-CA-SH-HS-RF-01185-0326,Woven,Raju mega amrt,10/03/26,179.00,5900,0,0,0,Yes,True,719800.00,,MD SAMIM SK,30/06/26,0,1,4,No,Yes,4,0,,5900,0,0,0,-,-,-,-,-,-,-,,-,-,-,-,-,-,-,-,-,-,-,-,-,-,-,-,-,-,-,-,-,-,-,-,-,-,-,-,-,-,-,-,-,-,-,-,-,-,-,-,-,-,-,-,-,-,-,-,-,-,-,-,-,-,-,-,-,-,-,-,-,-,-,-,-,-,-,-,-,-,-,0,8,0,0,0,0.00,0.00,0.00,,0.00,0,0
84,,04783/25-26,Demo-JB-WO-CA-SH-HS-RF-01180-0326,Woven,Raju mega amrt,10/03/26,149.00,8000,0,0,0,Yes,True,816000.00,,MD SAMIM SK,30/06/26,0,1,,No,No,,0,,8000,0,0,0,-,-,-,-,-,-,-,,-,-,-,-,-,-,-,-,-,-,-,-,-,-,-,-,-,-,-,-,-,-,-,-,-,-,-,-,-,-,-,-,-,-,-,-,-,-,-,-,-,-,-,-,-,-,-,-,-,-,-,-,-,-,-,-,-,-,-,-,-,-,-,-,-,-,-,-,-,-,-,0,0,0,0,0,0.00,0.00,0.00,,0.00,0,0
84,,04771/25-26,Demo-JB-WO-CA-SH-HS-RF-01168-0326,Woven,Raju mega amrt,10/03/26,399.00,5600,0,0,0,Yes,True,1036000.00,,MD SAMIM SK,30/06/26,0,1,,No,No,,0,,5600,0,0,0,-,-,-,-,-,-,-,,-,-,-,-,-,-,-,-,-,-,-,-,-,-,-,-,-,-,-,-,-,-,-,-,-,-,-,-,-,-,-,-,-,-,-,-,-,-,-,-,-,-,-,-,-,-,-,-,-,-,-,-,-,-,-,-,-,-,-,-,-,-,-,-,-,-,-,-,-,-,-,0,0,0,0,0,0.00,0.00,0.00,,0.00,0,0
84,,04782/25-26,Demo-JB-WO-CA-SH-HS-RF-01179-0326,Woven,Raju mega amrt,10/03/26,199.00,6000,0,0,0,Yes,True,672000.00,,MD SAMIM SK,30/06/26,0,1,7,Yes,Yes,7,7,,6000,0,0,0,-,-,-,-,-,-,-,,-,-,-,-,-,-,-,-,-,-,-,-,-,-,-,-,-,-,-,-,-,-,-,-,-,-,-,-,-,-,-,-,-,-,-,-,-,-,-,-,-,-,-,-,-,-,-,-,-,-,-,-,-,-,-,-,-,-,-,-,-,-,-,-,-,-,-,-,-,-,-,0,15,0,0,0,0.00,0.00,0.00,,0.00,0,0
23,,04788/25-26,Demo-JB-SET-HS-3606-0326,Knits - Kids,Raju mega amrt,10/03/26,259.00,8000,0,0,0,Yes,True,1208000.00,,SUBHAJIT PATRA,30/04/26,0,2,0,Yes,No,0,0,,8000,0,0,0,-,-,-,-,-,-,-,,-,-,-,-,-,-,-,-,-,-,-,-,-,-,-,-,-,-,-,-,-,-,-,-,-,-,-,-,-,-,-,-,-,-,-,-,-,-,-,-,-,-,-,-,-,-,-,-,-,-,-,-,-,-,-,-,-,-,-,-,-,-,-,-,-,-,-,-,-,-,-,0,0,0,0,0,0.00,0.00,0.00,,114.88,0,0
84,,04791/25-26,Demo-Demo-WO-CA-SH-HS-RF-01187-0326,Woven,Raju mega amrt,10/03/26,219.00,5500,0,0,0,Yes,True,709500.00,,MD SAMIM SK,30/06/26,0,1,7,Yes,No,7,7,,5500,0,0,0,-,-,-,-,-,-,-,,-,-,-,-,-,-,-,-,-,-,-,-,-,-,-,-,-,-,-,-,-,-,-,-,-,-,-,-,-,-,-,-,-,-,-,-,-,-,-,-,-,-,-,-,-,-,-,-,-,-,-,-,-,-,-,-,-,-,-,-,-,-,-,-,-,-,-,-,-,-,-,0,0,0,0,0,0.00,0.00,0.00,,0.00,0,0
84,,04785/25-26,Demo-JB-WO-CA-SH-HS-RF-01182-0326,Woven,Raju mega amrt,10/03/26,299.00,8000,8000,0,0,Yes,True,1200000.00,,MD SAMIM SK,30/06/26,1,1,7,Yes,Yes,7,7,,8000,0,0,0,24040,,,,,,,,28944,,,,,,404664,8000.00,0.00,02/04/2026,-,-,TIPL- LINE NO-6,8000,6,-,-,-,-,-,-,0,0,-,-,-,-,-,-,0,0,-,-,-,-,-,-,0,0,-,-,-,-,-,-,0,0,-,-,-,-,-,-,0,0,-,-,-,-,-,-,0,0,-,-,-,-,-,-,0,0,15,15,0,6,-6,433608.00,0.00,433608.00,54.20,0.00,-433608.00,0
34,,04802/25-26,Demo-JB-WO-CA-SH-HS-RF-01141-0326,Woven,market lmtd,11/03/26,299.00,2500,0,0,0,Yes,True,400000.00,,Ananya Ghosh,11/05/26,0,1,5,Yes,Yes,5,5,,2500,0,0,0,-,-,-,-,-,-,-,,-,-,-,-,-,-,-,-,-,-,-,-,-,-,-,-,-,-,-,-,-,-,-,-,-,-,-,-,-,-,-,-,-,-,-,-,-,-,-,-,-,-,-,-,-,-,-,-,-,-,-,-,-,-,-,-,-,-,-,-,-,-,-,-,-,-,-,-,-,-,-,0,14,0,0,0,0.00,0.00,0.00,,0.00,0,0
34,,04795/25-26,Demo-JB-WO-CA-SH-HS-RF-01138-0326,Woven,market lmtd,11/03/26,299.00,2400,0,0,0,Yes,True,384000.00,,Ananya Ghosh,11/05/26,0,1,5,Yes,Yes,5,22,,2400,0,0,0,-,-,-,-,-,-,-,,-,-,-,-,-,-,-,-,-,-,-,-,-,-,-,-,-,-,-,-,-,-,-,-,-,-,-,-,-,-,-,-,-,-,-,-,-,-,-,-,-,-,-,-,-,-,-,-,-,-,-,-,-,-,-,-,-,-,-,-,-,-,-,-,-,-,-,-,-,-,-,0,14,0,0,0,0.00,0.00,0.00,,0.00,0,0
34,,04812/25-26,Demo-JB-WO-CA-SH-HS-RF-01144-0326,Woven,market lmtd,11/03/26,299.00,2498,0,0,0,Yes,True,399680.00,,Ananya Ghosh,11/05/26,0,1,5,Yes,Yes,5,5,,2498,0,0,0,-,-,-,-,-,-,-,,-,-,-,-,-,-,-,-,-,-,-,-,-,-,-,-,-,-,-,-,-,-,-,-,-,-,-,-,-,-,-,-,-,-,-,-,-,-,-,-,-,-,-,-,-,-,-,-,-,-,-,-,-,-,-,-,-,-,-,-,-,-,-,-,-,-,-,-,-,-,-,0,14,0,0,0,0.00,0.00,0.00,,0.00,0,0
84,,04821/25-26,SS-JR-UP-HS-3663-0326,Knits - Kids,Shpping lmtd,11/03/26,199.00,2205,0,0,0,Yes,True,194040.00,,RIA PAUL,30/06/26,0,1,2,Yes,Yes,2,6,,2205,0,0,0,-,-,-,-,-,-,-,,-,-,-,-,-,-,-,-,-,-,-,-,-,-,-,-,-,-,-,-,-,-,-,-,-,-,-,-,-,-,-,-,-,-,-,-,-,-,-,-,-,-,-,-,-,-,-,-,-,-,-,-,-,-,-,-,-,-,-,-,-,-,-,-,-,-,-,-,-,-,-,0,17,0,0,0,0.00,0.00,0.00,,0.00,0,0
54,,04809/25-26,Demo-SR-UP-HS-3657-0326,Knits - Kids,Raju mega amrt,11/03/26,109.00,12000,0,0,0,Yes,True,900000.00,,Titly Paul,31/05/26,0,1,,No,No,,0,,12000,0,0,0,-,-,-,-,-,-,-,,-,-,-,-,-,-,-,-,-,-,-,-,-,-,-,-,-,-,-,-,-,-,-,-,-,-,-,-,-,-,-,-,-,-,-,-,-,-,-,-,-,-,-,-,-,-,-,-,-,-,-,-,-,-,-,-,-,-,-,-,-,-,-,-,-,-,-,-,-,-,-,0,0,0,0,0,0.00,0.00,0.00,,0.00,0,0
34,,04799/25-26,Demo-JB-WO-CA-SH-HS-RF-01140-0326,Woven,market lmtd,11/03/26,299.00,2500,0,0,0,Yes,True,400000.00,,Ananya Ghosh,11/05/26,0,1,5,Yes,Yes,5,5,,2500,0,0,0,-,-,-,-,-,-,-,,-,-,-,-,-,-,-,-,-,-,-,-,-,-,-,-,-,-,-,-,-,-,-,-,-,-,-,-,-,-,-,-,-,-,-,-,-,-,-,-,-,-,-,-,-,-,-,-,-,-,-,-,-,-,-,-,-,-,-,-,-,-,-,-,-,-,-,-,-,-,-,0,14,0,0,0,0.00,0.00,0.00,,0.00,0,0
114,,04819/25-26,Demo-JB-UP-FS-3607-0326,Knits - Kids,Style fashion,11/03/26,0.00,2400,0,0,0,Yes,True,2400.00,,SAYANTANI NANDI,30/07/26,0,1,22,Yes,No,22,22,,2400,0,0,0,-,-,-,-,-,-,-,,-,-,-,-,-,-,-,-,-,-,-,-,-,-,-,-,-,-,-,-,-,-,-,-,-,-,-,-,-,-,-,-,-,-,-,-,-,-,-,-,-,-,-,-,-,-,-,-,-,-,-,-,-,-,-,-,-,-,-,-,-,-,-,-,-,-,-,-,-,-,-,0,0,0,0,0,0.00,0.00,0.00,,0.00,0,0
54,,04817/25-26,Demo-SR-UP-HS-3660-0326,Knits - Kids,Raju mega amrt,11/03/26,109.00,12000,0,0,0,Yes,True,900000.00,,Titly Paul,31/05/26,0,1,,No,No,,0,,12000,0,0,0,-,-,-,-,-,-,-,,-,-,-,-,-,-,-,-,-,-,-,-,-,-,-,-,-,-,-,-,-,-,-,-,-,-,-,-,-,-,-,-,-,-,-,-,-,-,-,-,-,-,-,-,-,-,-,-,-,-,-,-,-,-,-,-,-,-,-,-,-,-,-,-,-,-,-,-,-,-,-,0,0,0,0,0,0.00,0.00,0.00,,0.00,0,0
84,,04824/25-26,SS-SR-UP-HS-3666-0326,Knits - Kids,Shpping lmtd,11/03/26,249.00,2200,0,0,0,Yes,True,275000.00,,RIA PAUL,30/06/26,0,1,2,Yes,Yes,2,6,,2200,0,0,0,-,-,-,-,-,-,-,,-,-,-,-,-,-,-,-,-,-,-,-,-,-,-,-,-,-,-,-,-,-,-,-,-,-,-,-,-,-,-,-,-,-,-,-,-,-,-,-,-,-,-,-,-,-,-,-,-,-,-,-,-,-,-,-,-,-,-,-,-,-,-,-,-,-,-,-,-,-,-,0,17,0,0,0,0.00,0.00,0.00,,0.00,0,0
34,,04794/25-26,Demo-JB-WO-CA-SH-HS-RF-01137-0326,Woven,market lmtd,11/03/26,299.00,2400,0,0,0,Yes,True,384000.00,,Ananya Ghosh,11/05/26,0,1,5,Yes,Yes,5,22,,2400,0,0,0,-,-,-,-,-,-,-,,-,-,-,-,-,-,-,-,-,-,-,-,-,-,-,-,-,-,-,-,-,-,-,-,-,-,-,-,-,-,-,-,-,-,-,-,-,-,-,-,-,-,-,-,-,-,-,-,-,-,-,-,-,-,-,-,-,-,-,-,-,-,-,-,-,-,-,-,-,-,-,0,14,0,0,0,0.00,0.00,0.00,,0.00,0,0
84,,04804/25-26,Demo-SR-UP-HS-3652-0326,Knits - Kids,Raju mega amrt,11/03/26,109.00,12000,0,0,0,Yes,True,900000.00,,Titly Paul,30/06/26,0,1,,No,No,,0,,12000,0,0,0,-,-,-,-,-,-,-,,-,-,-,-,-,-,-,-,-,-,-,-,-,-,-,-,-,-,-,-,-,-,-,-,-,-,-,-,-,-,-,-,-,-,-,-,-,-,-,-,-,-,-,-,-,-,-,-,-,-,-,-,-,-,-,-,-,-,-,-,-,-,-,-,-,-,-,-,-,-,-,0,0,0,0,0,0.00,0.00,0.00,,0.00,0,0
34,,04797/25-26,Demo-JB-WO-CA-SH-HS-RF-01139-0326,Woven,market lmtd,11/03/26,299.00,2998,0,0,0,Yes,True,479680.00,,Ananya Ghosh,11/05/26,0,1,5,Yes,Yes,5,5,,2998,0,0,0,-,-,-,-,-,-,-,,-,-,-,-,-,-,-,-,-,-,-,-,-,-,-,-,-,-,-,-,-,-,-,-,-,-,-,-,-,-,-,-,-,-,-,-,-,-,-,-,-,-,-,-,-,-,-,-,-,-,-,-,-,-,-,-,-,-,-,-,-,-,-,-,-,-,-,-,-,-,-,0,14,0,0,0,0.00,0.00,0.00,,0.00,0,0
84,,04807/25-26,Demo-SR-UP-HS-3655-0326,Knits - Kids,Raju mega amrt,11/03/26,109.00,12000,0,0,0,Yes,True,900000.00,,Titly Paul,30/06/26,0,1,,No,No,,0,,12000,0,0,0,-,-,-,-,-,-,-,,-,-,-,-,-,-,-,-,-,-,-,-,-,-,-,-,-,-,-,-,-,-,-,-,-,-,-,-,-,-,-,-,-,-,-,-,-,-,-,-,-,-,-,-,-,-,-,-,-,-,-,-,-,-,-,-,-,-,-,-,-,-,-,-,-,-,-,-,-,-,-,0,0,0,0,0,0.00,0.00,0.00,,0.00,0,0
54,,04815/25-26,Demo-SR-UP-HS-3658-0326,Knits - Kids,Raju mega amrt,11/03/26,109.00,12000,0,0,0,Yes,True,900000.00,,Titly Paul,31/05/26,0,1,,No,No,,0,,12000,0,0,0,-,-,-,-,-,-,-,,-,-,-,-,-,-,-,-,-,-,-,-,-,-,-,-,-,-,-,-,-,-,-,-,-,-,-,-,-,-,-,-,-,-,-,-,-,-,-,-,-,-,-,-,-,-,-,-,-,-,-,-,-,-,-,-,-,-,-,-,-,-,-,-,-,-,-,-,-,-,-,0,0,0,0,0,0.00,0.00,0.00,,0.00,0,0
34,,04813/25-26,Demo-JB-WO-CA-SH-HS-RF-01145-0326,Woven,market lmtd,11/03/26,299.00,2500,0,0,0,Yes,True,400000.00,,Ananya Ghosh,11/05/26,0,1,5,Yes,Yes,5,5,,2500,0,0,0,-,-,-,-,-,-,-,,-,-,-,-,-,-,-,-,-,-,-,-,-,-,-,-,-,-,-,-,-,-,-,-,-,-,-,-,-,-,-,-,-,-,-,-,-,-,-,-,-,-,-,-,-,-,-,-,-,-,-,-,-,-,-,-,-,-,-,-,-,-,-,-,-,-,-,-,-,-,-,0,14,0,0,0,0.00,0.00,0.00,,0.00,0,0
54,,04818/25-26,Demo-SR-UP-HS-3661-0326,Knits - Kids,Raju mega amrt,11/03/26,109.00,12000,0,0,0,Yes,True,900000.00,,Titly Paul,31/05/26,0,1,,No,No,,0,,12000,0,0,0,-,-,-,-,-,-,-,,-,-,-,-,-,-,-,-,-,-,-,-,-,-,-,-,-,-,-,-,-,-,-,-,-,-,-,-,-,-,-,-,-,-,-,-,-,-,-,-,-,-,-,-,-,-,-,-,-,-,-,-,-,-,-,-,-,-,-,-,-,-,-,-,-,-,-,-,-,-,-,0,0,0,0,0,0.00,0.00,0.00,,0.00,0,0
84,,04822/25-26,SS-JR-UP-HS-3664-0326,Knits - Kids,Shpping lmtd,11/03/26,199.00,2205,0,0,0,Yes,True,194040.00,,RIA PAUL,30/06/26,0,1,2,Yes,Yes,2,6,,2205,0,0,0,-,-,-,-,-,-,-,,-,-,-,-,-,-,-,-,-,-,-,-,-,-,-,-,-,-,-,-,-,-,-,-,-,-,-,-,-,-,-,-,-,-,-,-,-,-,-,-,-,-,-,-,-,-,-,-,-,-,-,-,-,-,-,-,-,-,-,-,-,-,-,-,-,-,-,-,-,-,-,0,17,0,0,0,0.00,0.00,0.00,,0.00,0,0
78,,04796/25-26,Demo-JB-WO-CA-SH-HS-RF-01164-0326,Woven,Style fashion,11/03/26,199.00,3600,0,0,0,Yes,True,432000.00,,Samim Hossain,24/06/26,0,1,14,Yes,No,14,14,,3600,0,0,0,-,-,-,-,-,-,-,,-,-,-,-,-,-,-,-,-,-,-,-,-,-,-,-,-,-,-,-,-,-,-,-,-,-,-,-,-,-,-,-,-,-,-,-,-,-,-,-,-,-,-,-,-,-,-,-,-,-,-,-,-,-,-,-,-,-,-,-,-,-,-,-,-,-,-,-,-,-,-,0,0,0,0,0,0.00,0.00,0.00,,0.00,0,0
78,,04798/25-26,Demo-JB-WO-CA-SH-HS-RF-01165-0326,Woven,Style fashion,11/03/26,199.00,3600,0,0,0,Yes,True,432000.00,,Samim Hossain,24/06/26,0,1,14,Yes,No,14,14,,3600,0,0,0,-,-,-,-,-,-,-,,-,-,-,-,-,-,-,-,-,-,-,-,-,-,-,-,-,-,-,-,-,-,-,-,-,-,-,-,-,-,-,-,-,-,-,-,-,-,-,-,-,-,-,-,-,-,-,-,-,-,-,-,-,-,-,-,-,-,-,-,-,-,-,-,-,-,-,-,-,-,-,0,0,0,0,0,0.00,0.00,0.00,,0.00,0,0
54,,04806/25-26,Demo-SR-UP-HS-3654-0326,Knits - Kids,Raju mega amrt,11/03/26,109.00,12000,0,0,0,Yes,True,900000.00,,Titly Paul,31/05/26,0,1,,No,No,,0,,12000,0,0,0,-,-,-,-,-,-,-,,-,-,-,-,-,-,-,-,-,-,-,-,-,-,-,-,-,-,-,-,-,-,-,-,-,-,-,-,-,-,-,-,-,-,-,-,-,-,-,-,-,-,-,-,-,-,-,-,-,-,-,-,-,-,-,-,-,-,-,-,-,-,-,-,-,-,-,-,-,-,-,0,0,0,0,0,0.00,0.00,0.00,,0.00,0,0
34,,04814/25-26,Demo-JB-WO-CA-SH-HS-RF-01146-0326,Woven,market lmtd,11/03/26,299.00,2500,0,0,0,Yes,True,400000.00,,Ananya Ghosh,11/05/26,0,1,5,Yes,Yes,5,5,,2500,0,0,0,-,-,-,-,-,-,-,,-,-,-,-,-,-,-,-,-,-,-,-,-,-,-,-,-,-,-,-,-,-,-,-,-,-,-,-,-,-,-,-,-,-,-,-,-,-,-,-,-,-,-,-,-,-,-,-,-,-,-,-,-,-,-,-,-,-,-,-,-,-,-,-,-,-,-,-,-,-,-,0,14,0,0,0,0.00,0.00,0.00,,0.00,0,0
78,,04801/25-26,Demo-Demo-WO-CA-SH-HS-RF-01167-0326,Woven,Style fashion,11/03/26,249.00,3000,0,0,0,Yes,True,435000.00,,Samim Hossain,24/06/26,0,1,14,Yes,No,14,14,,3000,0,0,0,-,-,-,-,-,-,-,,-,-,-,-,-,-,-,-,-,-,-,-,-,-,-,-,-,-,-,-,-,-,-,-,-,-,-,-,-,-,-,-,-,-,-,-,-,-,-,-,-,-,-,-,-,-,-,-,-,-,-,-,-,-,-,-,-,-,-,-,-,-,-,-,-,-,-,-,-,-,-,0,0,0,0,0,0.00,0.00,0.00,,0.00,0,0
34,,04811/25-26,Demo-JB-WO-CA-SH-HS-RF-01143-0326,Woven,market lmtd,11/03/26,299.00,2500,0,0,0,Yes,True,400000.00,,Ananya Ghosh,11/05/26,0,1,5,Yes,Yes,5,5,,2500,0,0,0,-,-,-,-,-,-,-,,-,-,-,-,-,-,-,-,-,-,-,-,-,-,-,-,-,-,-,-,-,-,-,-,-,-,-,-,-,-,-,-,-,-,-,-,-,-,-,-,-,-,-,-,-,-,-,-,-,-,-,-,-,-,-,-,-,-,-,-,-,-,-,-,-,-,-,-,-,-,-,0,14,0,0,0,0.00,0.00,0.00,,0.00,0,0
54,,04803/25-26,Demo-SR-UP-HS-3651-0326,Knits - Kids,Raju mega amrt,11/03/26,109.00,12000,0,0,0,Yes,True,900000.00,,Titly Paul,31/05/26,0,1,,No,No,,0,,12000,0,0,0,-,-,-,-,-,-,-,,-,-,-,-,-,-,-,-,-,-,-,-,-,-,-,-,-,-,-,-,-,-,-,-,-,-,-,-,-,-,-,-,-,-,-,-,-,-,-,-,-,-,-,-,-,-,-,-,-,-,-,-,-,-,-,-,-,-,-,-,-,-,-,-,-,-,-,-,-,-,-,0,0,0,0,0,0.00,0.00,0.00,,0.00,0,0
84,,04823/25-26,SS-JR-UP-HS-3665-0326,Knits - Kids,Shpping lmtd,11/03/26,199.00,2205,0,0,0,Yes,True,194040.00,,RIA PAUL,30/06/26,0,1,2,Yes,Yes,2,6,,2205,0,0,0,-,-,-,-,-,-,-,,-,-,-,-,-,-,-,-,-,-,-,-,-,-,-,-,-,-,-,-,-,-,-,-,-,-,-,-,-,-,-,-,-,-,-,-,-,-,-,-,-,-,-,-,-,-,-,-,-,-,-,-,-,-,-,-,-,-,-,-,-,-,-,-,-,-,-,-,-,-,-,0,17,0,0,0,0.00,0.00,0.00,,0.00,0,0
34,,04793/25-26,Demo-JB-WO-CA-SH-HS-RF-01136-0326,Woven,market lmtd,11/03/26,299.00,2400,0,0,0,Yes,True,384000.00,,Ananya Ghosh,11/05/26,0,1,5,Yes,Yes,5,22,,2400,0,0,0,-,-,-,-,-,-,-,,-,-,-,-,-,-,-,-,-,-,-,-,-,-,-,-,-,-,-,-,-,-,-,-,-,-,-,-,-,-,-,-,-,-,-,-,-,-,-,-,-,-,-,-,-,-,-,-,-,-,-,-,-,-,-,-,-,-,-,-,-,-,-,-,-,-,-,-,-,-,-,0,14,0,0,0,0.00,0.00,0.00,,0.00,0,0
84,,04805/25-26,Demo-SR-UP-HS-3653-0326,Knits - Kids,Raju mega amrt,11/03/26,109.00,12000,0,0,0,Yes,True,900000.00,,Titly Paul,30/06/26,0,1,,No,No,,0,,12000,0,0,0,-,-,-,-,-,-,-,,-,-,-,-,-,-,-,-,-,-,-,-,-,-,-,-,-,-,-,-,-,-,-,-,-,-,-,-,-,-,-,-,-,-,-,-,-,-,-,-,-,-,-,-,-,-,-,-,-,-,-,-,-,-,-,-,-,-,-,-,-,-,-,-,-,-,-,-,-,-,-,0,0,0,0,0,0.00,0.00,0.00,,0.00,0,0
54,,04808/25-26,Demo-SR-UP-HS-3656-0326,Knits - Kids,Raju mega amrt,11/03/26,109.00,12000,0,0,0,Yes,True,900000.00,,Titly Paul,31/05/26,0,1,,No,No,,0,,12000,0,0,0,-,-,-,-,-,-,-,,-,-,-,-,-,-,-,-,-,-,-,-,-,-,-,-,-,-,-,-,-,-,-,-,-,-,-,-,-,-,-,-,-,-,-,-,-,-,-,-,-,-,-,-,-,-,-,-,-,-,-,-,-,-,-,-,-,-,-,-,-,-,-,-,-,-,-,-,-,-,-,0,0,0,0,0,0.00,0.00,0.00,,0.00,0,0
78,,04800/25-26,Demo-Demo-WO-CA-SH-HS-RF-01166-0326,Woven,Style fashion,11/03/26,249.00,3000,0,0,0,Yes,True,435000.00,,Samim Hossain,24/06/26,0,1,14,Yes,No,14,14,,3000,0,0,0,-,-,-,-,-,-,-,,-,-,-,-,-,-,-,-,-,-,-,-,-,-,-,-,-,-,-,-,-,-,-,-,-,-,-,-,-,-,-,-,-,-,-,-,-,-,-,-,-,-,-,-,-,-,-,-,-,-,-,-,-,-,-,-,-,-,-,-,-,-,-,-,-,-,-,-,-,-,-,0,0,0,0,0,0.00,0.00,0.00,,0.00,0,0
34,,04810/25-26,Demo-JB-WO-CA-SH-HS-RF-01142-0326,Woven,market lmtd,11/03/26,299.00,2500,0,0,0,Yes,True,400000.00,,Ananya Ghosh,11/05/26,0,1,5,Yes,Yes,5,5,,2500,0,0,0,-,-,-,-,-,-,-,,-,-,-,-,-,-,-,-,-,-,-,-,-,-,-,-,-,-,-,-,-,-,-,-,-,-,-,-,-,-,-,-,-,-,-,-,-,-,-,-,-,-,-,-,-,-,-,-,-,-,-,-,-,-,-,-,-,-,-,-,-,-,-,-,-,-,-,-,-,-,-,0,14,0,0,0,0.00,0.00,0.00,,0.00,0,0
84,,04816/25-26,Demo-SR-UP-HS-3659-0326,Knits - Kids,Raju mega amrt,11/03/26,109.00,12000,0,0,0,Yes,True,900000.00,,Titly Paul,30/06/26,0,1,,No,No,,0,,12000,0,0,0,-,-,-,-,-,-,-,,-,-,-,-,-,-,-,-,-,-,-,-,-,-,-,-,-,-,-,-,-,-,-,-,-,-,-,-,-,-,-,-,-,-,-,-,-,-,-,-,-,-,-,-,-,-,-,-,-,-,-,-,-,-,-,-,-,-,-,-,-,-,-,-,-,-,-,-,-,-,-,0,0,0,0,0,0.00,0.00,0.00,,0.00,0,0
84,,04820/25-26,SS-JR-UP-HS-3662-0326,Knits - Kids,Shpping lmtd,11/03/26,199.00,2205,0,0,0,Yes,True,194040.00,,RIA PAUL,30/06/26,0,1,2,Yes,Yes,2,6,,2205,0,0,0,-,-,-,-,-,-,-,,-,-,-,-,-,-,-,-,-,-,-,-,-,-,-,-,-,-,-,-,-,-,-,-,-,-,-,-,-,-,-,-,-,-,-,-,-,-,-,-,-,-,-,-,-,-,-,-,-,-,-,-,-,-,-,-,-,-,-,-,-,-,-,-,-,-,-,-,-,-,-,0,17,0,0,0,0.00,0.00,0.00,,0.00,0,0
114,,04893/25-26,Demo-JB-SET-HS-3702-0326,Knits - Kids,Style fashion,12/03/26,299.00,2400,0,0,0,Yes,True,2400.00,,SAYANTANI NANDI,30/07/26,0,2,,No,No,,0,,2400,0,0,0,-,-,-,-,-,-,-,,-,-,-,-,-,-,-,-,-,-,-,-,-,-,-,-,-,-,-,-,-,-,-,-,-,-,-,-,-,-,-,-,-,-,-,-,-,-,-,-,-,-,-,-,-,-,-,-,-,-,-,-,-,-,-,-,-,-,-,-,-,-,-,-,-,-,-,-,-,-,-,0,0,0,0,0,0.00,0.00,0.00,,0.00,0,0
84,,04901/25-26,Demo-JB-WO-CA-SH-HS-RF-01198-0326,Woven,Raju mega amrt,12/03/26,199.00,8000,0,0,0,Yes,True,896000.00,,MD SAMIM SK,30/06/26,0,1,5,Yes,No,5,5,,8000,0,0,0,-,-,-,-,-,-,-,,-,-,-,-,-,-,-,-,-,-,-,-,-,-,-,-,-,-,-,-,-,-,-,-,-,-,-,-,-,-,-,-,-,-,-,-,-,-,-,-,-,-,-,-,-,-,-,-,-,-,-,-,-,-,-,-,-,-,-,-,-,-,-,-,-,-,-,-,-,-,-,0,0,0,0,0,0.00,0.00,0.00,,0.00,0,0
114,,04845/25-26,Demo-Demo-UP-FS-3628-0326,Knits - Kids,Style fashion,12/03/26,,1800,0,0,0,Yes,True,1800.00,,SAYANTANI NANDI,30/07/26,0,1,,No,No,,0,,1800,0,0,0,-,-,-,-,-,-,-,,-,-,-,-,-,-,-,-,-,-,-,-,-,-,-,-,-,-,-,-,-,-,-,-,-,-,-,-,-,-,-,-,-,-,-,-,-,-,-,-,-,-,-,-,-,-,-,-,-,-,-,-,-,-,-,-,-,-,-,-,-,-,-,-,-,-,-,-,-,-,-,0,0,0,0,0,0.00,0.00,0.00,,0.00,0,0
69,,04895/25-26,Demo-JB-UP-HS-3679-0326,Knits - Kids,market lmtd,12/03/26,249.00,2500,0,0,0,Yes,True,275000.00,,Ananya Sen,15/06/26,0,1,0,Yes,No,0,0,,2500,0,0,0,-,-,-,-,-,-,-,,-,-,-,-,-,-,-,-,-,-,-,-,-,-,-,-,-,-,-,-,-,-,-,-,-,-,-,-,-,-,-,-,-,-,-,-,-,-,-,-,-,-,-,-,-,-,-,-,-,-,-,-,-,-,-,-,-,-,-,-,-,-,-,-,-,-,-,-,-,-,-,0,0,0,0,0,0.00,0.00,0.00,,0.00,0,0
114,,04835/25-26,Demo-Demo-UP-FS-3618-0326,Knits - Kids,Style fashion,12/03/26,0.00,2400,0,0,0,Yes,True,2400.00,,SAYANTANI NANDI,30/07/26,0,1,21,Yes,No,21,21,,2400,0,0,0,-,-,-,-,-,-,-,,-,-,-,-,-,-,-,-,-,-,-,-,-,-,-,-,-,-,-,-,-,-,-,-,-,-,-,-,-,-,-,-,-,-,-,-,-,-,-,-,-,-,-,-,-,-,-,-,-,-,-,-,-,-,-,-,-,-,-,-,-,-,-,-,-,-,-,-,-,-,-,0,0,0,0,0,0.00,0.00,0.00,,0.00,0,0
114,,04854/25-26,Demo-Demo-UP-FS-3637-0326,Knits - Kids,Style fashion,12/03/26,,1500,0,0,0,Yes,True,1500.00,,SAYANTANI NANDI,30/07/26,0,1,14,Yes,No,14,14,,1500,0,0,0,-,-,-,-,-,-,-,,-,-,-,-,-,-,-,-,-,-,-,-,-,-,-,-,-,-,-,-,-,-,-,-,-,-,-,-,-,-,-,-,-,-,-,-,-,-,-,-,-,-,-,-,-,-,-,-,-,-,-,-,-,-,-,-,-,-,-,-,-,-,-,-,-,-,-,-,-,-,-,0,0,0,0,0,0.00,0.00,0.00,,0.00,0,0
114,,04848/25-26,Demo-JB-UP-FS-3631-0326,Knits - Kids,Style fashion,12/03/26,,2400,0,0,0,Yes,True,0.00,,SAYANTANI NANDI,30/07/26,0,1,18,Yes,No,18,18,,2400,0,0,0,-,-,-,-,-,-,-,,-,-,-,-,-,-,-,-,-,-,-,-,-,-,-,-,-,-,-,-,-,-,-,-,-,-,-,-,-,-,-,-,-,-,-,-,-,-,-,-,-,-,-,-,-,-,-,-,-,-,-,-,-,-,-,-,-,-,-,-,-,-,-,-,-,-,-,-,-,-,-,0,0,0,0,0,0.00,0.00,0.00,,0.00,0,0
114,,04878/25-26,Demo-JB-SET-HS-3693-0326,Knits - Kids,Style fashion,12/03/26,0.00,1800,0,0,0,Yes,True,1800.00,,SAYANTANI NANDI,30/07/26,0,2,18,Yes,No,18,18,,1800,0,0,0,-,-,-,-,-,-,-,,-,-,-,-,-,-,-,-,-,-,-,-,-,-,-,-,-,-,-,-,-,-,-,-,-,-,-,-,-,-,-,-,-,-,-,-,-,-,-,-,-,-,-,-,-,-,-,-,-,-,-,-,-,-,-,-,-,-,-,-,-,-,-,-,-,-,-,-,-,-,-,0,0,0,0,0,0.00,0.00,0.00,,0.00,0,0
114,,04888/25-26,Demo-Demo-SET-HS-3699-0326,Knits - Kids,Style fashion,12/03/26,,1800,0,0,0,Yes,True,1800.00,,SAYANTANI NANDI,30/07/26,0,2,16,Yes,No,16,16,,1800,0,0,0,-,-,-,-,-,-,-,,-,-,-,-,-,-,-,-,-,-,-,-,-,-,-,-,-,-,-,-,-,-,-,-,-,-,-,-,-,-,-,-,-,-,-,-,-,-,-,-,-,-,-,-,-,-,-,-,-,-,-,-,-,-,-,-,-,-,-,-,-,-,-,-,-,-,-,-,-,-,-,0,0,0,0,0,0.00,0.00,0.00,,0.00,0,0
114,,04860/25-26,Demo-JB-UP-FS-3643-0326,Knits - Kids,Style fashion,12/03/26,,1500,0,0,0,Yes,True,1500.00,,SAYANTANI NANDI,30/07/26,0,1,14,Yes,No,14,14,,1500,0,0,0,-,-,-,-,-,-,-,,-,-,-,-,-,-,-,-,-,-,-,-,-,-,-,-,-,-,-,-,-,-,-,-,-,-,-,-,-,-,-,-,-,-,-,-,-,-,-,-,-,-,-,-,-,-,-,-,-,-,-,-,-,-,-,-,-,-,-,-,-,-,-,-,-,-,-,-,-,-,-,0,0,0,0,0,0.00,0.00,0.00,,0.00,0,0
114,,04827/25-26,Demo-JB-UP-FS-3610-0326,Knits - Kids,Style fashion,12/03/26,199.00,2400,0,0,0,Yes,True,2400.00,,SAYANTANI NANDI,30/07/26,0,1,21,Yes,No,21,21,,2400,0,0,0,-,-,-,-,-,-,-,,-,-,-,-,-,-,-,-,-,-,-,-,-,-,-,-,-,-,-,-,-,-,-,-,-,-,-,-,-,-,-,-,-,-,-,-,-,-,-,-,-,-,-,-,-,-,-,-,-,-,-,-,-,-,-,-,-,-,-,-,-,-,-,-,-,-,-,-,-,-,-,0,0,0,0,0,0.00,0.00,0.00,,0.00,0,0
35,,04904/25-26,Demo-JB-WO-CA-SH-HS-RF-01194-0326,Woven,market lmtd,12/03/26,199.00,2500,0,0,0,Yes,True,305000.00,,Ananya Ghosh,12/05/26,0,1,4,Yes,Yes,4,15,,2500,0,0,0,-,-,-,-,-,-,-,,-,-,-,-,-,-,-,-,-,-,-,-,-,-,-,-,-,-,-,-,-,-,-,-,-,-,-,-,-,-,-,-,-,-,-,-,-,-,-,-,-,-,-,-,-,-,-,-,-,-,-,-,-,-,-,-,-,-,-,-,-,-,-,-,-,-,-,-,-,-,-,0,13,0,0,0,0.00,0.00,0.00,,0.00,0,0
114,,04851/25-26,Demo-Demo-UP-FS-3634-0326,Knits - Kids,Style fashion,12/03/26,,2400,0,0,0,Yes,True,2400.00,,SAYANTANI NANDI,30/07/26,0,1,18,Yes,No,18,18,,2400,0,0,0,-,-,-,-,-,-,-,,-,-,-,-,-,-,-,-,-,-,-,-,-,-,-,-,-,-,-,-,-,-,-,-,-,-,-,-,-,-,-,-,-,-,-,-,-,-,-,-,-,-,-,-,-,-,-,-,-,-,-,-,-,-,-,-,-,-,-,-,-,-,-,-,-,-,-,-,-,-,-,0,0,0,0,0,0.00,0.00,0.00,,0.00,0,0
34,,04872/25-26,Demo-JB-WO-CA-SH-HS-RF-01147-0326,Woven,market lmtd,12/03/26,299.00,2400,0,0,0,Yes,True,384000.00,,Ananya Ghosh,11/05/26,0,1,4,Yes,Yes,4,21,,2400,0,0,0,-,-,-,-,-,-,-,,-,-,-,-,-,-,-,-,-,-,-,-,-,-,-,-,-,-,-,-,-,-,-,-,-,-,-,-,-,-,-,-,-,-,-,-,-,-,-,-,-,-,-,-,-,-,-,-,-,-,-,-,-,-,-,-,-,-,-,-,-,-,-,-,-,-,-,-,-,-,-,0,13,0,0,0,0.00,0.00,0.00,,0.00,0,0
114,,04857/25-26,Demo-JB-UP-FS-3640-0326,Knits - Kids,Style fashion,12/03/26,,1500,0,0,0,Yes,True,1500.00,,SAYANTANI NANDI,30/07/26,0,1,15,Yes,No,15,15,,1500,0,0,0,-,-,-,-,-,-,-,,-,-,-,-,-,-,-,-,-,-,-,-,-,-,-,-,-,-,-,-,-,-,-,-,-,-,-,-,-,-,-,-,-,-,-,-,-,-,-,-,-,-,-,-,-,-,-,-,-,-,-,-,-,-,-,-,-,-,-,-,-,-,-,-,-,-,-,-,-,-,-,0,0,0,0,0,0.00,0.00,0.00,,0.00,0,0
114,,04883/25-26,Demo-JB-SET-HS-3696-0326,Knits - Kids,Style fashion,12/03/26,,2400,0,0,0,Yes,True,2400.00,,SAYANTANI NANDI,30/07/26,0,2,16,Yes,No,16,16,,2400,0,0,0,-,-,-,-,-,-,-,,-,-,-,-,-,-,-,-,-,-,-,-,-,-,-,-,-,-,-,-,-,-,-,-,-,-,-,-,-,-,-,-,-,-,-,-,-,-,-,-,-,-,-,-,-,-,-,-,-,-,-,-,-,-,-,-,-,-,-,-,-,-,-,-,-,-,-,-,-,-,-,0,0,0,0,0,0.00,0.00,0.00,,0.00,0,0
84,,04870/25-26,SS-SR-UP-HS-3669-0326,Knits - Kids,Shpping lmtd,12/03/26,249.00,1600,0,0,0,Yes,True,200000.00,,RIA PAUL,30/06/26,0,1,1,Yes,Yes,1,5,,1600,0,0,0,-,-,-,-,-,-,-,,-,-,-,-,-,-,-,-,-,-,-,-,-,-,-,-,-,-,-,-,-,-,-,-,-,-,-,-,-,-,-,-,-,-,-,-,-,-,-,-,-,-,-,-,-,-,-,-,-,-,-,-,-,-,-,-,-,-,-,-,-,-,-,-,-,-,-,-,-,-,-,0,16,0,0,0,0.00,0.00,0.00,,0.00,0,0
69,,04898/25-26,Demo-Demo-LP-HS-3682-0326,Knits - Kids,market lmtd,12/03/26,229.00,2000,0,0,0,Yes,True,260000.00,,Ananya Sen,15/06/26,0,1,0,Yes,No,0,0,,2000,0,0,0,-,-,-,-,-,-,-,,-,-,-,-,-,-,-,-,-,-,-,-,-,-,-,-,-,-,-,-,-,-,-,-,-,-,-,-,-,-,-,-,-,-,-,-,-,-,-,-,-,-,-,-,-,-,-,-,-,-,-,-,-,-,-,-,-,-,-,-,-,-,-,-,-,-,-,-,-,-,-,0,0,0,0,0,0.00,0.00,0.00,,0.00,0,0
114,,04830/25-26,Demo-Demo-UP-FS-3613-0326,Knits - Kids,Style fashion,12/03/26,249.00,2400,0,0,0,Yes,True,2400.00,,SAYANTANI NANDI,30/07/26,0,1,21,Yes,No,21,21,,2400,0,0,0,-,-,-,-,-,-,-,,-,-,-,-,-,-,-,-,-,-,-,-,-,-,-,-,-,-,-,-,-,-,-,-,-,-,-,-,-,-,-,-,-,-,-,-,-,-,-,-,-,-,-,-,-,-,-,-,-,-,-,-,-,-,-,-,-,-,-,-,-,-,-,-,-,-,-,-,-,-,-,0,0,0,0,0,0.00,0.00,0.00,,0.00,0,0
114,,04840/25-26,Demo-Demo-UP-FS-3623-0326,Knits - Kids,Style fashion,12/03/26,399.00,2000,0,0,0,Yes,True,400000.00,,SAYANTANI NANDI,30/07/26,0,1,,No,No,,0,,2000,0,0,0,-,-,-,-,-,-,-,,-,-,-,-,-,-,-,-,-,-,-,-,-,-,-,-,-,-,-,-,-,-,-,-,-,-,-,-,-,-,-,-,-,-,-,-,-,-,-,-,-,-,-,-,-,-,-,-,-,-,-,-,-,-,-,-,-,-,-,-,-,-,-,-,-,-,-,-,-,-,-,0,0,0,0,0,0.00,0.00,0.00,,0.00,0,0
114,,04836/25-26,Demo-Demo-UP-FS-3619-0326,Knits - Kids,Style fashion,12/03/26,0.00,2400,0,0,0,Yes,True,2400.00,,SAYANTANI NANDI,30/07/26,0,1,21,Yes,No,21,21,,2400,0,0,0,-,-,-,-,-,-,-,,-,-,-,-,-,-,-,-,-,-,-,-,-,-,-,-,-,-,-,-,-,-,-,-,-,-,-,-,-,-,-,-,-,-,-,-,-,-,-,-,-,-,-,-,-,-,-,-,-,-,-,-,-,-,-,-,-,-,-,-,-,-,-,-,-,-,-,-,-,-,-,0,0,0,0,0,0.00,0.00,0.00,,0.00,0,0
114,,04846/25-26,Demo-Demo-UP-FS-3629-0326,Knits - Kids,Style fashion,12/03/26,,1800,0,0,0,Yes,True,1800.00,,SAYANTANI NANDI,30/07/26,0,1,,No,No,,0,,1800,0,0,0,-,-,-,-,-,-,-,,-,-,-,-,-,-,-,-,-,-,-,-,-,-,-,-,-,-,-,-,-,-,-,-,-,-,-,-,-,-,-,-,-,-,-,-,-,-,-,-,-,-,-,-,-,-,-,-,-,-,-,-,-,-,-,-,-,-,-,-,-,-,-,-,-,-,-,-,-,-,-,0,0,0,0,0,0.00,0.00,0.00,,0.00,0,0
114,,04855/25-26,Demo-Demo-UP-FS-3638-0326,Knits - Kids,Style fashion,12/03/26,,1500,0,0,0,Yes,True,1500.00,,SAYANTANI NANDI,30/07/26,0,1,14,Yes,No,14,14,,1500,0,0,0,-,-,-,-,-,-,-,,-,-,-,-,-,-,-,-,-,-,-,-,-,-,-,-,-,-,-,-,-,-,-,-,-,-,-,-,-,-,-,-,-,-,-,-,-,-,-,-,-,-,-,-,-,-,-,-,-,-,-,-,-,-,-,-,-,-,-,-,-,-,-,-,-,-,-,-,-,-,-,0,0,0,0,0,0.00,0.00,0.00,,0.00,0,0
114,,04833/25-26,Demo-JB-UP-FS-3616-0326,Knits - Kids,Style fashion,12/03/26,299.00,2400,0,0,0,Yes,True,360000.00,,SAYANTANI NANDI,30/07/26,0,1,21,Yes,No,21,21,,2400,0,0,0,-,-,-,-,-,-,-,,-,-,-,-,-,-,-,-,-,-,-,-,-,-,-,-,-,-,-,-,-,-,-,-,-,-,-,-,-,-,-,-,-,-,-,-,-,-,-,-,-,-,-,-,-,-,-,-,-,-,-,-,-,-,-,-,-,-,-,-,-,-,-,-,-,-,-,-,-,-,-,0,0,0,0,0,0.00,0.00,0.00,,0.00,0,0
114,,04843/25-26,Demo-Demo-UP-FS-3626-0326,Knits - Kids,Style fashion,12/03/26,399.00,2400,0,0,0,Yes,True,528000.00,,SAYANTANI NANDI,30/07/26,0,1,,No,No,,0,,2400,0,0,0,-,-,-,-,-,-,-,,-,-,-,-,-,-,-,-,-,-,-,-,-,-,-,-,-,-,-,-,-,-,-,-,-,-,-,-,-,-,-,-,-,-,-,-,-,-,-,-,-,-,-,-,-,-,-,-,-,-,-,-,-,-,-,-,-,-,-,-,-,-,-,-,-,-,-,-,-,-,-,0,0,0,0,0,0.00,0.00,0.00,,0.00,0,0
114,,04852/25-26,Demo-JB-UP-FS-3635-0326,Knits - Kids,Style fashion,12/03/26,,1500,0,0,0,Yes,True,0.00,,SAYANTANI NANDI,30/07/26,0,1,14,Yes,No,14,14,,1500,0,0,0,-,-,-,-,-,-,-,,-,-,-,-,-,-,-,-,-,-,-,-,-,-,-,-,-,-,-,-,-,-,-,-,-,-,-,-,-,-,-,-,-,-,-,-,-,-,-,-,-,-,-,-,-,-,-,-,-,-,-,-,-,-,-,-,-,-,-,-,-,-,-,-,-,-,-,-,-,-,-,0,0,0,0,0,0.00,0.00,0.00,,0.00,0,0
114,,04849/25-26,Demo-JB-UP-FS-3632-0326,Knits - Kids,Style fashion,12/03/26,,2400,0,0,0,Yes,True,2400.00,,SAYANTANI NANDI,30/07/26,0,1,18,Yes,No,18,18,,2400,0,0,0,-,-,-,-,-,-,-,,-,-,-,-,-,-,-,-,-,-,-,-,-,-,-,-,-,-,-,-,-,-,-,-,-,-,-,-,-,-,-,-,-,-,-,-,-,-,-,-,-,-,-,-,-,-,-,-,-,-,-,-,-,-,-,-,-,-,-,-,-,-,-,-,-,-,-,-,-,-,-,0,0,0,0,0,0.00,0.00,0.00,,0.00,0,0
84,,04876/25-26,Demo-Demo-WO-CA-SH-HS-RF-01189-0326,Woven,Raju mega amrt,12/03/26,219.00,5500,5500,0,0,Yes,True,709500.00,,MD SAMIM SK,30/06/26,1,1,19,No,Yes,19,0,,5500,0,0,0,,,,,,,3256.75,0.617,,,,,,,276823.75,5500.00,5276.00,07/04/2026,07/04/2026,6595.00,DILIP,224,1,-,-,-,-,-,-,0,0,-,-,-,-,-,-,0,0,5276.00,0.00,07/04/2026,-,-,MD NUR FASHION,5276,1,-,-,-,-,-,-,0,0,-,-,-,-,-,-,0,0,-,-,-,-,-,-,0,0,-,-,-,-,-,-,0,0,0,0,0,2,-2,276823.75,6595.00,283418.75,53.72,0.00,-283418.75,0
114,,04866/25-26,Demo-Demo-UP-FS-3649-0326,Knits - Kids,Style fashion,12/03/26,,1500,0,0,0,Yes,True,1500.00,,SAYANTANI NANDI,30/07/26,0,1,14,Yes,No,14,14,,1500,0,0,0,-,-,-,-,-,-,-,,-,-,-,-,-,-,-,-,-,-,-,-,-,-,-,-,-,-,-,-,-,-,-,-,-,-,-,-,-,-,-,-,-,-,-,-,-,-,-,-,-,-,-,-,-,-,-,-,-,-,-,-,-,-,-,-,-,-,-,-,-,-,-,-,-,-,-,-,-,-,-,0,0,0,0,0,0.00,0.00,0.00,,0.00,0,0
84,,04868/25-26,SS-SR-UP-HS-3667-0326,Knits - Kids,Shpping lmtd,12/03/26,249.00,1600,0,0,0,Yes,True,200000.00,,RIA PAUL,30/06/26,0,1,1,Yes,Yes,1,5,,1600,0,0,0,-,-,-,-,-,-,-,,-,-,-,-,-,-,-,-,-,-,-,-,-,-,-,-,-,-,-,-,-,-,-,-,-,-,-,-,-,-,-,-,-,-,-,-,-,-,-,-,-,-,-,-,-,-,-,-,-,-,-,-,-,-,-,-,-,-,-,-,-,-,-,-,-,-,-,-,-,-,-,0,16,0,0,0,0.00,0.00,0.00,,0.00,0,0
34,,04874/25-26,Demo-JB-WO-CA-SH-HS-RF-01148-0326,Woven,market lmtd,12/03/26,299.00,2400,0,0,0,Yes,True,384000.00,,Ananya Ghosh,11/05/26,0,1,4,Yes,Yes,4,21,,2400,0,0,0,-,-,-,-,-,-,-,,-,-,-,-,-,-,-,-,-,-,-,-,-,-,-,-,-,-,-,-,-,-,-,-,-,-,-,-,-,-,-,-,-,-,-,-,-,-,-,-,-,-,-,-,-,-,-,-,-,-,-,-,-,-,-,-,-,-,-,-,-,-,-,-,-,-,-,-,-,-,-,0,13,0,0,0,0.00,0.00,0.00,,0.00,0,0
114,,04863/25-26,Demo-Demo-UP-FS-3646-0326,Knits - Kids,Style fashion,12/03/26,,1500,0,0,0,Yes,True,1500.00,,SAYANTANI NANDI,30/07/26,0,1,,No,No,,0,,1500,0,0,0,-,-,-,-,-,-,-,,-,-,-,-,-,-,-,-,-,-,-,-,-,-,-,-,-,-,-,-,-,-,-,-,-,-,-,-,-,-,-,-,-,-,-,-,-,-,-,-,-,-,-,-,-,-,-,-,-,-,-,-,-,-,-,-,-,-,-,-,-,-,-,-,-,-,-,-,-,-,-,0,0,0,0,0,0.00,0.00,0.00,,0.00,0,0
69,,04884/25-26,Demo-Demo-UP-HS-3674-0326,Knits - Kids,market lmtd,12/03/26,229.00,3000,0,0,0,Yes,True,390000.00,,Ananya Sen,15/06/26,0,1,0,Yes,No,0,0,,3000,0,0,0,-,-,-,-,-,-,-,,-,-,-,-,-,-,-,-,-,-,-,-,-,-,-,-,-,-,-,-,-,-,-,-,-,-,-,-,-,-,-,-,-,-,-,-,-,-,-,-,-,-,-,-,-,-,-,-,-,-,-,-,-,-,-,-,-,-,-,-,-,-,-,-,-,-,-,-,-,-,-,0,0,0,0,0,0.00,0.00,0.00,,0.00,0,0
114,,04880/25-26,Demo-JB-SET-HS-3694-0326,Knits - Kids,Style fashion,12/03/26,0.00,1800,0,0,0,Yes,True,1800.00,,SAYANTANI NANDI,30/07/26,0,2,18,Yes,No,18,18,,1800,0,0,0,-,-,-,-,-,-,-,,-,-,-,-,-,-,-,-,-,-,-,-,-,-,-,-,-,-,-,-,-,-,-,-,-,-,-,-,-,-,-,-,-,-,-,-,-,-,-,-,-,-,-,-,-,-,-,-,-,-,-,-,-,-,-,-,-,-,-,-,-,-,-,-,-,-,-,-,-,-,-,0,0,0,0,0,0.00,0.00,0.00,,0.00,0,0
114,,04885/25-26,Demo-JB-SET-HS-3697-0326,Knits - Kids,Style fashion,12/03/26,,2400,0,0,0,Yes,True,2400.00,,SAYANTANI NANDI,30/07/26,0,2,16,Yes,No,16,16,,2400,0,0,0,-,-,-,-,-,-,-,,-,-,-,-,-,-,-,-,-,-,-,-,-,-,-,-,-,-,-,-,-,-,-,-,-,-,-,-,-,-,-,-,-,-,-,-,-,-,-,-,-,-,-,-,-,-,-,-,-,-,-,-,-,-,-,-,-,-,-,-,-,-,-,-,-,-,-,-,-,-,-,0,0,0,0,0,0.00,0.00,0.00,,0.00,0,0
38,,04896/25-26,Demo-JB-UP-HS-3680-0326,Knits - Kids,market lmtd,12/03/26,249.00,2500,0,0,0,Yes,True,275000.00,,Ananya Sen,15/05/26,0,1,0,Yes,No,0,0,,2500,0,0,0,-,-,-,-,-,-,-,,-,-,-,-,-,-,-,-,-,-,-,-,-,-,-,-,-,-,-,-,-,-,-,-,-,-,-,-,-,-,-,-,-,-,-,-,-,-,-,-,-,-,-,-,-,-,-,-,-,-,-,-,-,-,-,-,-,-,-,-,-,-,-,-,-,-,-,-,-,-,-,0,0,0,0,0,0.00,0.00,0.00,,0.00,0,0
38,,04892/25-26,Demo-Demo-UP-HS-3677-0326,Knits - Kids,market lmtd,12/03/26,229.00,3000,0,0,0,Yes,True,390000.00,,Ananya Sen,15/05/26,0,1,21,Yes,No,21,21,,3000,0,0,0,-,-,-,-,-,-,-,,-,-,-,-,-,-,-,-,-,-,-,-,-,-,-,-,-,-,-,-,-,-,-,-,-,-,-,-,-,-,-,-,-,-,-,-,-,-,-,-,-,-,-,-,-,-,-,-,-,-,-,-,-,-,-,-,-,-,-,-,-,-,-,-,-,-,-,-,-,-,-,0,0,0,0,0,0.00,0.00,0.00,,0.00,0,0
84,,04902/25-26,Demo-JB-WO-CA-SH-HS-RF-01199-0326,Woven,Raju mega amrt,12/03/26,199.00,8000,0,0,0,Yes,True,896000.00,,MD SAMIM SK,30/06/26,0,1,5,Yes,No,5,5,,8000,0,0,0,-,-,-,-,-,-,-,,-,-,-,-,-,-,-,-,-,-,-,-,-,-,-,-,-,-,-,-,-,-,-,-,-,-,-,-,-,-,-,-,-,-,-,-,-,-,-,-,-,-,-,-,-,-,-,-,-,-,-,-,-,-,-,-,-,-,-,-,-,-,-,-,-,-,-,-,-,-,-,0,0,0,0,0,0.00,0.00,0.00,,0.00,0,0
69,,04899/25-26,Demo-Demo-UP-HS-3683-0326,Knits - Kids,market lmtd,12/03/26,229.00,1500,0,0,0,Yes,True,195000.00,,Ananya Sen,15/06/26,0,1,0,Yes,No,0,0,,1500,0,0,0,-,-,-,-,-,-,-,,-,-,-,-,-,-,-,-,-,-,-,-,-,-,-,-,-,-,-,-,-,-,-,-,-,-,-,-,-,-,-,-,-,-,-,-,-,-,-,-,-,-,-,-,-,-,-,-,-,-,-,-,-,-,-,-,-,-,-,-,-,-,-,-,-,-,-,-,-,-,-,0,0,0,0,0,0.00,0.00,0.00,,0.00,0,0
114,,04837/25-26,Demo-Demo-UP-FS-3620-0326,Knits - Kids,Style fashion,12/03/26,,2400,0,0,0,Yes,True,2400.00,,SAYANTANI NANDI,30/07/26,0,1,21,Yes,No,21,21,,2400,0,0,0,-,-,-,-,-,-,-,,-,-,-,-,-,-,-,-,-,-,-,-,-,-,-,-,-,-,-,-,-,-,-,-,-,-,-,-,-,-,-,-,-,-,-,-,-,-,-,-,-,-,-,-,-,-,-,-,-,-,-,-,-,-,-,-,-,-,-,-,-,-,-,-,-,-,-,-,-,-,-,0,0,0,0,0,0.00,0.00,0.00,,0.00,0,0
114,,04829/25-26,Demo-Demo-UP-FS-3612-0326,Knits - Kids,Style fashion,12/03/26,249.00,2400,0,0,0,Yes,True,2400.00,,SAYANTANI NANDI,30/07/26,0,1,21,Yes,No,21,21,,2400,0,0,0,-,-,-,-,-,-,-,,-,-,-,-,-,-,-,-,-,-,-,-,-,-,-,-,-,-,-,-,-,-,-,-,-,-,-,-,-,-,-,-,-,-,-,-,-,-,-,-,-,-,-,-,-,-,-,-,-,-,-,-,-,-,-,-,-,-,-,-,-,-,-,-,-,-,-,-,-,-,-,0,0,0,0,0,0.00,0.00,0.00,,0.00,0,0
114,,04826/25-26,Demo-JB-UP-FS-3609-0326,Knits - Kids,Style fashion,12/03/26,99.00,2400,0,0,0,Yes,True,2400.00,,SAYANTANI NANDI,30/07/26,0,1,21,Yes,No,21,21,,2400,0,0,0,-,-,-,-,-,-,-,,-,-,-,-,-,-,-,-,-,-,-,-,-,-,-,-,-,-,-,-,-,-,-,-,-,-,-,-,-,-,-,-,-,-,-,-,-,-,-,-,-,-,-,-,-,-,-,-,-,-,-,-,-,-,-,-,-,-,-,-,-,-,-,-,-,-,-,-,-,-,-,0,0,0,0,0,0.00,0.00,0.00,,0.00,0,0
114,,04842/25-26,Demo-Demo-UP-FS-3625-0326,Knits - Kids,Style fashion,12/03/26,399.00,2400,0,0,0,Yes,True,528000.00,,SAYANTANI NANDI,30/07/26,0,1,,No,No,,0,,2400,0,0,0,-,-,-,-,-,-,-,,-,-,-,-,-,-,-,-,-,-,-,-,-,-,-,-,-,-,-,-,-,-,-,-,-,-,-,-,-,-,-,-,-,-,-,-,-,-,-,-,-,-,-,-,-,-,-,-,-,-,-,-,-,-,-,-,-,-,-,-,-,-,-,-,-,-,-,-,-,-,-,0,0,0,0,0,0.00,0.00,0.00,,0.00,0,0
114,,04832/25-26,Demo-JB-UP-FS-3615-0326,Knits - Kids,Style fashion,12/03/26,299.00,2400,0,0,0,Yes,True,360000.00,,SAYANTANI NANDI,30/07/26,0,1,21,Yes,No,21,21,,2400,0,0,0,-,-,-,-,-,-,-,,-,-,-,-,-,-,-,-,-,-,-,-,-,-,-,-,-,-,-,-,-,-,-,-,-,-,-,-,-,-,-,-,-,-,-,-,-,-,-,-,-,-,-,-,-,-,-,-,-,-,-,-,-,-,-,-,-,-,-,-,-,-,-,-,-,-,-,-,-,-,-,0,0,0,0,0,0.00,0.00,0.00,,0.00,0,0
114,,04839/25-26,Demo-Demo-UP-FS-3622-0326,Knits - Kids,Style fashion,12/03/26,399.00,2000,0,0,0,Yes,True,400000.00,,SAYANTANI NANDI,30/07/26,0,1,,No,No,,0,,2000,0,0,0,-,-,-,-,-,-,-,,-,-,-,-,-,-,-,-,-,-,-,-,-,-,-,-,-,-,-,-,-,-,-,-,-,-,-,-,-,-,-,-,-,-,-,-,-,-,-,-,-,-,-,-,-,-,-,-,-,-,-,-,-,-,-,-,-,-,-,-,-,-,-,-,-,-,-,-,-,-,-,0,0,0,0,0,0.00,0.00,0.00,,0.00,0,0
114,,04853/25-26,Demo-JB-UP-FS-3636-0326,Knits - Kids,Style fashion,12/03/26,,1500,0,0,0,Yes,True,1500.00,,SAYANTANI NANDI,30/07/26,0,1,14,Yes,No,14,14,,1500,0,0,0,-,-,-,-,-,-,-,,-,-,-,-,-,-,-,-,-,-,-,-,-,-,-,-,-,-,-,-,-,-,-,-,-,-,-,-,-,-,-,-,-,-,-,-,-,-,-,-,-,-,-,-,-,-,-,-,-,-,-,-,-,-,-,-,-,-,-,-,-,-,-,-,-,-,-,-,-,-,-,0,0,0,0,0,0.00,0.00,0.00,,0.00,0,0
114,,04856/25-26,Demo-JB-UP-FS-3639-0326,Knits - Kids,Style fashion,12/03/26,,1500,0,0,0,Yes,True,1500.00,,SAYANTANI NANDI,30/07/26,0,1,15,Yes,No,15,15,,1500,0,0,0,-,-,-,-,-,-,-,,-,-,-,-,-,-,-,-,-,-,-,-,-,-,-,-,-,-,-,-,-,-,-,-,-,-,-,-,-,-,-,-,-,-,-,-,-,-,-,-,-,-,-,-,-,-,-,-,-,-,-,-,-,-,-,-,-,-,-,-,-,-,-,-,-,-,-,-,-,-,-,0,0,0,0,0,0.00,0.00,0.00,,0.00,0,0
114,,04859/25-26,Demo-Demo-UP-FS-3642-0326,Knits - Kids,Style fashion,12/03/26,,1500,0,0,0,Yes,True,1500.00,,SAYANTANI NANDI,30/07/26,0,1,15,Yes,No,15,15,,1500,0,0,0,-,-,-,-,-,-,-,,-,-,-,-,-,-,-,-,-,-,-,-,-,-,-,-,-,-,-,-,-,-,-,-,-,-,-,-,-,-,-,-,-,-,-,-,-,-,-,-,-,-,-,-,-,-,-,-,-,-,-,-,-,-,-,-,-,-,-,-,-,-,-,-,-,-,-,-,-,-,-,0,0,0,0,0,0.00,0.00,0.00,,0.00,0,0
114,,04865/25-26,Demo-JB-UP-FS-3648-0326,Knits - Kids,Style fashion,12/03/26,,1500,0,0,0,Yes,True,1500.00,,SAYANTANI NANDI,30/07/26,0,1,14,Yes,No,14,14,,1500,0,0,0,-,-,-,-,-,-,-,,-,-,-,-,-,-,-,-,-,-,-,-,-,-,-,-,-,-,-,-,-,-,-,-,-,-,-,-,-,-,-,-,-,-,-,-,-,-,-,-,-,-,-,-,-,-,-,-,-,-,-,-,-,-,-,-,-,-,-,-,-,-,-,-,-,-,-,-,-,-,-,0,0,0,0,0,0.00,0.00,0.00,,0.00,0,0
114,,04862/25-26,Demo-Demo-UP-FS-3645-0326,Knits - Kids,Style fashion,12/03/26,,1500,0,0,0,Yes,True,1500.00,,SAYANTANI NANDI,30/07/26,0,1,14,Yes,No,14,14,,1500,0,0,0,-,-,-,-,-,-,-,,-,-,-,-,-,-,-,-,-,-,-,-,-,-,-,-,-,-,-,-,-,-,-,-,-,-,-,-,-,-,-,-,-,-,-,-,-,-,-,-,-,-,-,-,-,-,-,-,-,-,-,-,-,-,-,-,-,-,-,-,-,-,-,-,-,-,-,-,-,-,-,0,0,0,0,0,0.00,0.00,0.00,,0.00,0,0
84,,04873/25-26,SS-SR-UP-HS-3671-0326,Knits - Kids,Shpping lmtd,12/03/26,249.00,1600,0,0,0,Yes,True,200000.00,,RIA PAUL,30/06/26,0,1,1,Yes,Yes,1,5,,1600,0,0,0,-,-,-,-,-,-,-,,-,-,-,-,-,-,-,-,-,-,-,-,-,-,-,-,-,-,-,-,-,-,-,-,-,-,-,-,-,-,-,-,-,-,-,-,-,-,-,-,-,-,-,-,-,-,-,-,-,-,-,-,-,-,-,-,-,-,-,-,-,-,-,-,-,-,-,-,-,-,-,0,16,0,0,0,0.00,0.00,0.00,,0.00,0,0
69,,04882/25-26,Demo-Demo-UP-HS-3673-0326,Knits - Kids,market lmtd,12/03/26,229.00,3000,0,0,0,Yes,True,390000.00,,Ananya Sen,15/06/26,0,1,0,Yes,No,0,0,,3000,0,0,0,-,-,-,-,-,-,-,,-,-,-,-,-,-,-,-,-,-,-,-,-,-,-,-,-,-,-,-,-,-,-,-,-,-,-,-,-,-,-,-,-,-,-,-,-,-,-,-,-,-,-,-,-,-,-,-,-,-,-,-,-,-,-,-,-,-,-,-,-,-,-,-,-,-,-,-,-,-,-,0,0,0,0,0,0.00,0.00,0.00,,0.00,0,0
84,,04869/25-26,SS-SR-UP-HS-3668-0326,Knits - Kids,Shpping lmtd,12/03/26,249.00,1400,0,0,0,Yes,True,175000.00,,RIA PAUL,30/06/26,0,1,1,Yes,Yes,1,5,,1400,0,0,0,-,-,-,-,-,-,-,,-,-,-,-,-,-,-,-,-,-,-,-,-,-,-,-,-,-,-,-,-,-,-,-,-,-,-,-,-,-,-,-,-,-,-,-,-,-,-,-,-,-,-,-,-,-,-,-,-,-,-,-,-,-,-,-,-,-,-,-,-,-,-,-,-,-,-,-,-,-,-,0,16,0,0,0,0.00,0.00,0.00,,0.00,0,0
114,,04886/25-26,Demo-Demo-SET-HS-3698-0326,Knits - Kids,Style fashion,12/03/26,,1800,0,0,0,Yes,True,1800.00,,SAYANTANI NANDI,30/07/26,0,2,16,Yes,No,16,16,,1800,0,0,0,-,-,-,-,-,-,-,,-,-,-,-,-,-,-,-,-,-,-,-,-,-,-,-,-,-,-,-,-,-,-,-,-,-,-,-,-,-,-,-,-,-,-,-,-,-,-,-,-,-,-,-,-,-,-,-,-,-,-,-,-,-,-,-,-,-,-,-,-,-,-,-,-,-,-,-,-,-,-,0,0,0,0,0,0.00,0.00,0.00,,0.00,0,0
69,,04890/25-26,Demo-Demo-UP-HS-3676-0326,Knits - Kids,market lmtd,12/03/26,229.00,3000,0,0,0,Yes,True,390000.00,,Ananya Sen,15/06/26,0,1,21,Yes,No,21,21,,3000,0,0,0,-,-,-,-,-,-,-,,-,-,-,-,-,-,-,-,-,-,-,-,-,-,-,-,-,-,-,-,-,-,-,-,-,-,-,-,-,-,-,-,-,-,-,-,-,-,-,-,-,-,-,-,-,-,-,-,-,-,-,-,-,-,-,-,-,-,-,-,-,-,-,-,-,-,-,-,-,-,-,0,0,0,0,0,0.00,0.00,0.00,,0.00,0,0
114,,04891/25-26,Demo-JB-SET-HS-3701-0326,Knits - Kids,Style fashion,12/03/26,299.00,2400,0,0,0,Yes,True,2400.00,,SAYANTANI NANDI,30/07/26,0,2,,No,No,,0,,2400,0,0,0,-,-,-,-,-,-,-,,-,-,-,-,-,-,-,-,-,-,-,-,-,-,-,-,-,-,-,-,-,-,-,-,-,-,-,-,-,-,-,-,-,-,-,-,-,-,-,-,-,-,-,-,-,-,-,-,-,-,-,-,-,-,-,-,-,-,-,-,-,-,-,-,-,-,-,-,-,-,-,0,0,0,0,0,0.00,0.00,0.00,,0.00,0,0
114,,04881/25-26,Demo-JB-SET-HS-3695-0326,Knits - Kids,Style fashion,12/03/26,,1800,0,0,0,Yes,True,1800.00,,SAYANTANI NANDI,30/07/26,0,2,18,Yes,Yes,18,18,,1800,0,0,0,-,-,-,-,-,-,-,,-,-,-,-,-,-,-,-,-,-,-,-,-,-,-,-,-,-,-,-,-,-,-,-,-,-,-,-,-,-,-,-,-,-,-,-,-,-,-,-,-,-,-,-,-,-,-,-,-,-,-,-,-,-,-,-,-,-,-,-,-,-,-,-,-,-,-,-,-,-,-,0,26,0,0,0,0.00,0.00,0.00,,0.00,0,0
35,,04906/25-26,Demo-JB-WO-CA-SH-HS-RF-01197-0326,Woven,market lmtd,12/03/26,199.00,2500,0,0,0,Yes,True,305000.00,,Ananya Ghosh,12/05/26,0,1,4,Yes,Yes,4,15,,2500,0,0,0,-,-,-,-,-,-,-,,-,-,-,-,-,-,-,-,-,-,-,-,-,-,-,-,-,-,-,-,-,-,-,-,-,-,-,-,-,-,-,-,-,-,-,-,-,-,-,-,-,-,-,-,-,-,-,-,-,-,-,-,-,-,-,-,-,-,-,-,-,-,-,-,-,-,-,-,-,-,-,0,13,0,0,0,0.00,0.00,0.00,,0.00,0,0
69,,04900/25-26,Demo-Demo-LP-HS-3684-0326,Knits - Kids,market lmtd,12/03/26,229.00,1500,0,0,0,Yes,True,195000.00,,Ananya Sen,15/06/26,0,1,0,Yes,No,0,0,,1500,0,0,0,-,-,-,-,-,-,-,,-,-,-,-,-,-,-,-,-,-,-,-,-,-,-,-,-,-,-,-,-,-,-,-,-,-,-,-,-,-,-,-,-,-,-,-,-,-,-,-,-,-,-,-,-,-,-,-,-,-,-,-,-,-,-,-,-,-,-,-,-,-,-,-,-,-,-,-,-,-,-,0,0,0,0,0,0.00,0.00,0.00,,0.00,0,0
35,,04903/25-26,Demo-JB-WO-CA-SH-HS-RF-01193-0326,Woven,market lmtd,12/03/26,199.00,3000,0,0,0,Yes,True,366000.00,,Ananya Ghosh,12/05/26,0,1,4,Yes,Yes,4,15,,3000,0,0,0,-,-,-,-,-,-,-,,-,-,-,-,-,-,-,-,-,-,-,-,-,-,-,-,-,-,-,-,-,-,-,-,-,-,-,-,-,-,-,-,-,-,-,-,-,-,-,-,-,-,-,-,-,-,-,-,-,-,-,-,-,-,-,-,-,-,-,-,-,-,-,-,-,-,-,-,-,-,-,0,13,0,0,0,0.00,0.00,0.00,,0.00,0,0
114,,04838/25-26,Demo-Demo-UP-FS-3621-0326,Knits - Kids,Style fashion,12/03/26,399.00,2000,0,0,0,Yes,True,400000.00,,SAYANTANI NANDI,30/07/26,0,1,,No,No,,0,,2000,0,0,0,-,-,-,-,-,-,-,,-,-,-,-,-,-,-,-,-,-,-,-,-,-,-,-,-,-,-,-,-,-,-,-,-,-,-,-,-,-,-,-,-,-,-,-,-,-,-,-,-,-,-,-,-,-,-,-,-,-,-,-,-,-,-,-,-,-,-,-,-,-,-,-,-,-,-,-,-,-,-,0,0,0,0,0,0.00,0.00,0.00,,0.00,0,0
114,,04825/25-26,Demo-JB-UP-FS-3608-0326,Knits - Kids,Style fashion,12/03/26,199.00,2400,0,0,0,Yes,True,2400.00,,SAYANTANI NANDI,30/07/26,0,1,21,Yes,No,21,21,,2400,0,0,0,-,-,-,-,-,-,-,,-,-,-,-,-,-,-,-,-,-,-,-,-,-,-,-,-,-,-,-,-,-,-,-,-,-,-,-,-,-,-,-,-,-,-,-,-,-,-,-,-,-,-,-,-,-,-,-,-,-,-,-,-,-,-,-,-,-,-,-,-,-,-,-,-,-,-,-,-,-,-,0,0,0,0,0,0.00,0.00,0.00,,0.00,0,0
114,,04834/25-26,Demo-JB-UP-FS-3617-0326,Knits - Kids,Style fashion,12/03/26,299.00,2400,0,0,0,Yes,True,360000.00,,SAYANTANI NANDI,30/07/26,0,1,21,Yes,No,21,21,,2400,0,0,0,-,-,-,-,-,-,-,,-,-,-,-,-,-,-,-,-,-,-,-,-,-,-,-,-,-,-,-,-,-,-,-,-,-,-,-,-,-,-,-,-,-,-,-,-,-,-,-,-,-,-,-,-,-,-,-,-,-,-,-,-,-,-,-,-,-,-,-,-,-,-,-,-,-,-,-,-,-,-,0,0,0,0,0,0.00,0.00,0.00,,0.00,0,0
114,,04828/25-26,Demo-Demo-UP-FS-3611-0326,Knits - Kids,Style fashion,12/03/26,249.00,2400,0,0,0,Yes,True,2400.00,,SAYANTANI NANDI,30/07/26,0,1,21,Yes,No,21,21,,2400,0,0,0,-,-,-,-,-,-,-,,-,-,-,-,-,-,-,-,-,-,-,-,-,-,-,-,-,-,-,-,-,-,-,-,-,-,-,-,-,-,-,-,-,-,-,-,-,-,-,-,-,-,-,-,-,-,-,-,-,-,-,-,-,-,-,-,-,-,-,-,-,-,-,-,-,-,-,-,-,-,-,0,0,0,0,0,0.00,0.00,0.00,,0.00,0,0
114,,04831/25-26,Demo-Demo-UP-FS-3614-0326,Knits - Kids,Style fashion,12/03/26,249.00,2400,0,0,0,Yes,True,2400.00,,SAYANTANI NANDI,30/07/26,0,1,21,Yes,No,21,21,,2400,0,0,0,-,-,-,-,-,-,-,,-,-,-,-,-,-,-,-,-,-,-,-,-,-,-,-,-,-,-,-,-,-,-,-,-,-,-,-,-,-,-,-,-,-,-,-,-,-,-,-,-,-,-,-,-,-,-,-,-,-,-,-,-,-,-,-,-,-,-,-,-,-,-,-,-,-,-,-,-,-,-,0,0,0,0,0,0.00,0.00,0.00,,0.00,0,0
114,,04844/25-26,Demo-Demo-UP-FS-3627-0326,Knits - Kids,Style fashion,12/03/26,,2400,0,0,0,Yes,True,528000.00,,SAYANTANI NANDI,30/07/26,0,1,,No,No,,0,,2400,0,0,0,-,-,-,-,-,-,-,,-,-,-,-,-,-,-,-,-,-,-,-,-,-,-,-,-,-,-,-,-,-,-,-,-,-,-,-,-,-,-,-,-,-,-,-,-,-,-,-,-,-,-,-,-,-,-,-,-,-,-,-,-,-,-,-,-,-,-,-,-,-,-,-,-,-,-,-,-,-,-,0,0,0,0,0,0.00,0.00,0.00,,0.00,0,0
114,,04841/25-26,Demo-Demo-UP-FS-3624-0326,Knits - Kids,Style fashion,12/03/26,399.00,2000,0,0,0,Yes,True,400000.00,,SAYANTANI NANDI,30/07/26,0,1,,No,No,,0,,2000,0,0,0,-,-,-,-,-,-,-,,-,-,-,-,-,-,-,-,-,-,-,-,-,-,-,-,-,-,-,-,-,-,-,-,-,-,-,-,-,-,-,-,-,-,-,-,-,-,-,-,-,-,-,-,-,-,-,-,-,-,-,-,-,-,-,-,-,-,-,-,-,-,-,-,-,-,-,-,-,-,-,0,0,0,0,0,0.00,0.00,0.00,,0.00,0,0
114,,04847/25-26,Demo-Demo-UP-FS-3630-0326,Knits - Kids,Style fashion,12/03/26,,1800,0,0,0,Yes,True,1800.00,,SAYANTANI NANDI,30/07/26,0,1,,No,No,,0,,1800,0,0,0,-,-,-,-,-,-,-,,-,-,-,-,-,-,-,-,-,-,-,-,-,-,-,-,-,-,-,-,-,-,-,-,-,-,-,-,-,-,-,-,-,-,-,-,-,-,-,-,-,-,-,-,-,-,-,-,-,-,-,-,-,-,-,-,-,-,-,-,-,-,-,-,-,-,-,-,-,-,-,0,0,0,0,0,0.00,0.00,0.00,,0.00,0,0
114,,04850/25-26,Demo-Demo-UP-FS-3633-0326,Knits - Kids,Style fashion,12/03/26,,2400,0,0,0,Yes,True,2400.00,,SAYANTANI NANDI,30/07/26,0,1,18,Yes,No,18,18,,2400,0,0,0,-,-,-,-,-,-,-,,-,-,-,-,-,-,-,-,-,-,-,-,-,-,-,-,-,-,-,-,-,-,-,-,-,-,-,-,-,-,-,-,-,-,-,-,-,-,-,-,-,-,-,-,-,-,-,-,-,-,-,-,-,-,-,-,-,-,-,-,-,-,-,-,-,-,-,-,-,-,-,0,0,0,0,0,0.00,0.00,0.00,,0.00,0,0
114,,04864/25-26,Demo-JB-UP-FS-3647-0326,Knits - Kids,Style fashion,12/03/26,,1500,0,0,0,Yes,True,0.00,,SAYANTANI NANDI,30/07/26,0,1,14,Yes,No,14,14,,1500,0,0,0,-,-,-,-,-,-,-,,-,-,-,-,-,-,-,-,-,-,-,-,-,-,-,-,-,-,-,-,-,-,-,-,-,-,-,-,-,-,-,-,-,-,-,-,-,-,-,-,-,-,-,-,-,-,-,-,-,-,-,-,-,-,-,-,-,-,-,-,-,-,-,-,-,-,-,-,-,-,-,0,0,0,0,0,0.00,0.00,0.00,,0.00,0,0
114,,04858/25-26,Demo-Demo-UP-FS-3641-0326,Knits - Kids,Style fashion,12/03/26,,1500,0,0,0,Yes,True,0.00,,SAYANTANI NANDI,30/07/26,0,1,15,Yes,No,15,15,,1500,0,0,0,-,-,-,-,-,-,-,,-,-,-,-,-,-,-,-,-,-,-,-,-,-,-,-,-,-,-,-,-,-,-,-,-,-,-,-,-,-,-,-,-,-,-,-,-,-,-,-,-,-,-,-,-,-,-,-,-,-,-,-,-,-,-,-,-,-,-,-,-,-,-,-,-,-,-,-,-,-,-,0,0,0,0,0,0.00,0.00,0.00,,0.00,0,0
114,,04861/25-26,Demo-JB-UP-FS-3644-0326,Knits - Kids,Style fashion,12/03/26,,1500,0,0,0,Yes,True,1500.00,,SAYANTANI NANDI,30/07/26,0,1,14,Yes,No,14,14,,1500,0,0,0,-,-,-,-,-,-,-,,-,-,-,-,-,-,-,-,-,-,-,-,-,-,-,-,-,-,-,-,-,-,-,-,-,-,-,-,-,-,-,-,-,-,-,-,-,-,-,-,-,-,-,-,-,-,-,-,-,-,-,-,-,-,-,-,-,-,-,-,-,-,-,-,-,-,-,-,-,-,-,0,0,0,0,0,0.00,0.00,0.00,,0.00,0,0
84,,04871/25-26,SS-SR-UP-HS-3670-0326,Knits - Kids,Shpping lmtd,12/03/26,249.00,2200,0,0,0,Yes,True,275000.00,,RIA PAUL,30/06/26,0,1,1,Yes,Yes,1,5,,2200,0,0,0,-,-,-,-,-,-,-,,-,-,-,-,-,-,-,-,-,-,-,-,-,-,-,-,-,-,-,-,-,-,-,-,-,-,-,-,-,-,-,-,-,-,-,-,-,-,-,-,-,-,-,-,-,-,-,-,-,-,-,-,-,-,-,-,-,-,-,-,-,-,-,-,-,-,-,-,-,-,-,0,16,0,0,0,0.00,0.00,0.00,,0.00,0,0
84,,04877/25-26,Demo-Demo-WO-CA-SH-HS-RF-01190-0326,Woven,Raju mega amrt,12/03/26,179.00,5900,0,0,0,Yes,True,719800.00,,MD SAMIM SK,30/06/26,0,1,5,Yes,No,5,5,,5900,0,0,0,-,-,-,-,-,-,-,,-,-,-,-,-,-,-,-,-,-,-,-,-,-,-,-,-,-,-,-,-,-,-,-,-,-,-,-,-,-,-,-,-,-,-,-,-,-,-,-,-,-,-,-,-,-,-,-,-,-,-,-,-,-,-,-,-,-,-,-,-,-,-,-,-,-,-,-,-,-,-,19,0,0,0,0,0.00,0.00,0.00,,0.00,0,0
74,,04879/25-26,Demo-Demo-UP-HS-3672-0326,Knits - Kids,market lmtd,12/03/26,229.00,3000,0,0,0,Yes,True,390000.00,,Ananya Sen,20/06/26,0,1,0,Yes,No,0,0,,3000,0,0,0,-,-,-,-,-,-,-,,-,-,-,-,-,-,-,-,-,-,-,-,-,-,-,-,-,-,-,-,-,-,-,-,-,-,-,-,-,-,-,-,-,-,-,-,-,-,-,-,-,-,-,-,-,-,-,-,-,-,-,-,-,-,-,-,-,-,-,-,-,-,-,-,-,-,-,-,-,-,-,0,0,0,0,0,0.00,0.00,0.00,,0.00,0,0
114,,04867/25-26,Demo-Demo-UP-FS-3650-0326,Knits - Kids,Style fashion,12/03/26,,1500,0,0,0,Yes,True,1500.00,,SAYANTANI NANDI,30/07/26,0,1,14,Yes,No,14,14,,1500,0,0,0,-,-,-,-,-,-,-,,-,-,-,-,-,-,-,-,-,-,-,-,-,-,-,-,-,-,-,-,-,-,-,-,-,-,-,-,-,-,-,-,-,-,-,-,-,-,-,-,-,-,-,-,-,-,-,-,-,-,-,-,-,-,-,-,-,-,-,-,-,-,-,-,-,-,-,-,-,-,-,0,0,0,0,0,0.00,0.00,0.00,,0.00,0,0
25,,04875/25-26,Demo-LU-KN-CA-TS-HS-OS-0157-0326,Knits - Men,Raju mega amrt,12/03/26,169.00,5500,5500,0,0,Yes,True,599500.00,,Saikat Kr Das,02/05/26,1,1,0,Yes,Yes,0,0,,5500,0,0,0,-,-,-,-,-,-,-,,-,-,-,-,-,-,-,-,-,-,-,-,-,-,-,-,-,-,-,-,-,-,-,-,-,-,-,-,-,-,-,-,-,-,-,-,-,-,-,-,-,-,-,-,-,-,-,-,-,-,-,-,-,-,-,-,-,-,-,-,-,-,-,-,-,-,-,-,-,-,-,19,18,0,0,0,0.00,0.00,0.00,,0.00,0,0
74,,04887/25-26,Demo-Demo-UP-HS-3675-0326,Knits - Kids,market lmtd,12/03/26,229.00,3000,0,0,0,Yes,True,390000.00,,Ananya Sen,20/06/26,0,1,21,Yes,No,21,21,,3000,0,0,0,-,-,-,-,-,-,-,,-,-,-,-,-,-,-,-,-,-,-,-,-,-,-,-,-,-,-,-,-,-,-,-,-,-,-,-,-,-,-,-,-,-,-,-,-,-,-,-,-,-,-,-,-,-,-,-,-,-,-,-,-,-,-,-,-,-,-,-,-,-,-,-,-,-,-,-,-,-,-,0,0,0,0,0,0.00,0.00,0.00,,0.00,0,0
114,,04889/25-26,Demo-JB-SET-HS-3700-0326,Knits - Kids,Style fashion,12/03/26,299.00,2400,0,0,0,Yes,True,2400.00,,SAYANTANI NANDI,30/07/26,0,2,,No,No,,0,,2400,0,0,0,-,-,-,-,-,-,-,,-,-,-,-,-,-,-,-,-,-,-,-,-,-,-,-,-,-,-,-,-,-,-,-,-,-,-,-,-,-,-,-,-,-,-,-,-,-,-,-,-,-,-,-,-,-,-,-,-,-,-,-,-,-,-,-,-,-,-,-,-,-,-,-,-,-,-,-,-,-,-,0,0,0,0,0,0.00,0.00,0.00,,0.00,0,0
35,,04905/25-26,Demo-JB-WO-CA-SH-HS-RF-01195-0326,Woven,market lmtd,12/03/26,199.00,2500,0,0,0,Yes,True,305000.00,,Ananya Ghosh,12/05/26,0,1,4,Yes,Yes,4,15,,2500,0,0,0,-,-,-,-,-,-,-,,-,-,-,-,-,-,-,-,-,-,-,-,-,-,-,-,-,-,-,-,-,-,-,-,-,-,-,-,-,-,-,-,-,-,-,-,-,-,-,-,-,-,-,-,-,-,-,-,-,-,-,-,-,-,-,-,-,-,-,-,-,-,-,-,-,-,-,-,-,-,-,0,13,0,0,0,0.00,0.00,0.00,,0.00,0,0
69,,04897/25-26,Demo-Demo-UP-HS-3681-0326,Knits - Kids,market lmtd,12/03/26,229.00,2000,0,0,0,Yes,True,260000.00,,Ananya Sen,15/06/26,0,1,0,Yes,No,0,0,,2000,0,0,0,-,-,-,-,-,-,-,,-,-,-,-,-,-,-,-,-,-,-,-,-,-,-,-,-,-,-,-,-,-,-,-,-,-,-,-,-,-,-,-,-,-,-,-,-,-,-,-,-,-,-,-,-,-,-,-,-,-,-,-,-,-,-,-,-,-,-,-,-,-,-,-,-,-,-,-,-,-,-,0,0,0,0,0,0.00,0.00,0.00,,0.00,0,0
69,,04894/25-26,Demo-JB-UP-HS-3678-0326,Knits - Kids,market lmtd,12/03/26,249.00,2500,0,0,0,Yes,True,275000.00,,Ananya Sen,15/06/26,0,1,0,Yes,No,0,0,,2500,0,0,0,-,-,-,-,-,-,-,,-,-,-,-,-,-,-,-,-,-,-,-,-,-,-,-,-,-,-,-,-,-,-,-,-,-,-,-,-,-,-,-,-,-,-,-,-,-,-,-,-,-,-,-,-,-,-,-,-,-,-,-,-,-,-,-,-,-,-,-,-,-,-,-,-,-,-,-,-,-,-,0,0,0,0,0,0.00,0.00,0.00,,0.00,0,0
28,,04915/25-26,FU-JB-WO-CA-SH-HS-RF-01208-0326,Woven,Bihar fashion,13/03/26,299.00,1312,1312,0,0,Yes,True,229600.00,,Ananya Ghosh,05/05/26,1,1,-45,Yes,No,-45,-45,,1312,0,0,0,,,,,,,636.4,,,,,,,,117734,1312.00,0.00,27/03/2026,-,-,TIPL- LINE NO-6,1312,12,-,-,-,-,-,-,0,0,-,-,-,-,-,-,0,0,-,-,-,-,-,-,0,0,-,-,-,-,-,-,0,0,-,-,-,-,-,-,0,0,-,-,-,-,-,-,0,0,-,-,-,-,-,-,0,0,6,0,0,12,-12,117734.00,0.00,117734.00,89.74,0.00,-117734.00,0
35,,04907/25-26,Demo-Demo-WO-CA-SH-HS-RF-01200-0326,Woven,market lmtd,13/03/26,249.00,2500,0,0,0,Yes,True,370000.00,,Ananya Ghosh,12/05/26,0,1,3,Yes,Yes,3,14,,2500,0,0,0,-,-,-,-,-,-,-,,-,-,-,-,-,-,-,-,-,-,-,-,-,-,-,-,-,-,-,-,-,-,-,-,-,-,-,-,-,-,-,-,-,-,-,-,-,-,-,-,-,-,-,-,-,-,-,-,-,-,-,-,-,-,-,-,-,-,-,-,-,-,-,-,-,-,-,-,-,-,-,0,12,0,0,0,0.00,0.00,0.00,,0.00,0,0
35,,04910/25-26,Demo-JB-WO-CA-SH-HS-RF-01203-0326,Woven,market lmtd,13/03/26,299.00,2400,0,0,0,Yes,True,412800.00,,Ananya Ghosh,12/05/26,0,1,3,Yes,Yes,3,14,,2400,0,0,0,-,-,-,-,-,-,-,,-,-,-,-,-,-,-,-,-,-,-,-,-,-,-,-,-,-,-,-,-,-,-,-,-,-,-,-,-,-,-,-,-,-,-,-,-,-,-,-,-,-,-,-,-,-,-,-,-,-,-,-,-,-,-,-,-,-,-,-,-,-,-,-,-,-,-,-,-,-,-,0,12,0,0,0,0.00,0.00,0.00,,0.00,0,0
28,,04916/25-26,FU-Demo-WO-CA-SH-HS-RF-01209-0326,Woven,Bihar fashion,13/03/26,349.00,440,440,0,0,Yes,True,89320.00,,Ananya Ghosh,05/05/26,1,1,-45,Yes,No,-45,-45,,440,0,0,0,,,,,,,377,,,,,,,,377,440.00,0.00,27/03/2026,-,-,TIPL- LINE NO-6,440,12,-,-,-,-,-,-,0,0,-,-,-,-,-,-,0,0,-,-,-,-,-,-,0,0,-,-,-,-,-,-,0,0,-,-,-,-,-,-,0,0,-,-,-,-,-,-,0,0,-,-,-,-,-,-,0,0,6,0,0,12,-12,377.00,0.00,377.00,0.00,0.00,-377.00,0
27,,04913/25-26,FU-JB-WO-CA-SH-HS-RF-01206-0326,Woven,Bihar fashion,13/03/26,349.00,668,668,0,0,Yes,True,136940.00,,Ananya Ghosh,04/05/26,1,1,-45,Yes,No,-45,-45,,668,0,0,0,,,,,,,848,,,,,,,,156880,668.00,0.00,27/03/2026,-,-,TIPL- LINE NO-6,668,12,-,-,-,-,-,-,0,0,-,-,-,-,-,-,0,0,-,-,-,-,-,-,0,0,-,-,-,-,-,-,0,0,-,-,-,-,-,-,0,0,-,-,-,-,-,-,0,0,-,-,-,-,-,-,0,0,6,0,0,12,-12,156880.00,0.00,156880.00,234.85,0.00,-156880.00,0
35,,04909/25-26,Demo-JB-WO-CA-SH-HS-RF-01202-0326,Woven,market lmtd,13/03/26,299.00,2400,0,0,0,Yes,True,412800.00,,Ananya Ghosh,12/05/26,0,1,3,Yes,Yes,3,14,,2400,0,0,0,-,-,-,-,-,-,-,,-,-,-,-,-,-,-,-,-,-,-,-,-,-,-,-,-,-,-,-,-,-,-,-,-,-,-,-,-,-,-,-,-,-,-,-,-,-,-,-,-,-,-,-,-,-,-,-,-,-,-,-,-,-,-,-,-,-,-,-,-,-,-,-,-,-,-,-,-,-,-,0,12,0,0,0,0.00,0.00,0.00,,0.00,0,0
28,,04912/25-26,FU-Demo-WO-CA-SH-HS-RF-01205-0326,Woven,Bihar fashion,13/03/26,399.00,412,412,0,0,Yes,True,92700.00,,Ananya Ghosh,05/05/26,1,1,,No,No,,0,,412,0,0,0,-,-,-,-,-,-,-,,-,-,-,-,-,-,-,-,-,-,-,-,-,-,-,-,-,-,-,-,-,-,-,-,-,-,-,-,-,-,-,-,-,-,-,-,-,-,-,-,-,-,-,-,-,-,-,-,-,-,-,-,-,-,-,-,-,-,-,-,-,-,-,-,-,-,-,-,-,-,-,0,0,0,0,0,0.00,0.00,0.00,,0.00,0,0
35,,04908/25-26,Demo-Demo-WO-CA-SH-HS-RF-01201-0326,Woven,market lmtd,13/03/26,249.00,3000,0,0,0,Yes,True,444000.00,,Ananya Ghosh,12/05/26,0,1,3,Yes,Yes,3,14,,3000,0,0,0,-,-,-,-,-,-,-,,-,-,-,-,-,-,-,-,-,-,-,-,-,-,-,-,-,-,-,-,-,-,-,-,-,-,-,-,-,-,-,-,-,-,-,-,-,-,-,-,-,-,-,-,-,-,-,-,-,-,-,-,-,-,-,-,-,-,-,-,-,-,-,-,-,-,-,-,-,-,-,0,12,0,0,0,0.00,0.00,0.00,,0.00,0,0
28,,04914/25-26,FU-Demo-WO-CA-SH-HS-RF-01207-0326,Woven,Bihar fashion,13/03/26,399.00,464,464,0,0,Yes,True,104400.00,,Ananya Ghosh,05/05/26,1,1,-45,Yes,No,-45,-45,,464,0,0,0,,,,,,,393.25,,,,,,,,393.25,464.00,0.00,27/03/2026,-,-,TIPL- LINE NO-6,464,12,-,-,-,-,-,-,0,0,-,-,-,-,-,-,0,0,-,-,-,-,-,-,0,0,-,-,-,-,-,-,0,0,-,-,-,-,-,-,0,0,-,-,-,-,-,-,0,0,-,-,-,-,-,-,0,0,6,0,0,12,-12,393.25,0.00,393.25,0.00,0.00,-393.25,0
35,,04911/25-26,Demo-JB-WO-CA-SH-HS-RF-01204-0326,Woven,market lmtd,13/03/26,299.00,2000,0,0,0,Yes,True,350000.00,,Ananya Ghosh,12/05/26,0,1,3,Yes,Yes,3,13,,2000,0,0,0,-,-,-,-,-,-,-,,-,-,-,-,-,-,-,-,-,-,-,-,-,-,-,-,-,-,-,-,-,-,-,-,-,-,-,-,-,-,-,-,-,-,-,-,-,-,-,-,-,-,-,-,-,-,-,-,-,-,-,-,-,-,-,-,-,-,-,-,-,-,-,-,-,-,-,-,-,-,-,0,12,0,0,0,0.00,0.00,0.00,,0.00,0,0
5,,04917/25-26,Demo-LU-KN-CA-TS-HS-SF-0158-0326,Knits - Men,C2 ltd,14/03/26,199.00,9000,9000,0,0,Yes,True,1017000.00,,KARTIK DAS,12/04/26,1,1,1,Yes,Yes,1,1,,9000,0,0,0,19,,,,,,,,5797,,,662202.55,,,,9000.00,0.00,31/03/2026,-,-,BUMBLE BEE GARMENTS PVT. LTD.,9000,8,-,-,-,-,-,-,0,0,-,-,-,-,-,-,0,0,-,-,-,-,-,-,0,0,-,-,-,-,-,-,0,0,-,-,-,-,-,-,0,0,-,-,-,-,-,-,0,0,-,-,-,-,-,-,0,0,1,14,0,8,-8,667999.55,0.00,667999.55,74.22,0.00,-667999.55,0
5,,04920/25-26,Demo-LU-KN-CA-TS-HS-SF-0161-0326,Knits - Men,g mart,14/03/26,249.00,1600,1600,0,0,Yes,True,180800.00,,KARTIK DAS,12/04/26,1,1,1,Yes,Yes,1,1,,1600,0,0,0,2000,,,,,,,0.175,1600,,,122210,,,,1600.00,1600.00,31/03/2026,07/04/2026,1600.00,BUMBLE BEE GARMENTS PVT. LTD.,0,7,-,-,-,-,-,-,0,0,-,-,-,-,-,-,0,0,-,-,-,-,-,-,0,0,1600.00,0.00,04/04/2026,-,-,BUMBLE BEE GARMENTS PVT. LTD.,1600,4,-,-,-,-,-,-,0,0,-,-,-,-,-,-,0,0,-,-,-,-,-,-,0,0,1,14,7,11,-4,123810.00,1600.00,125410.00,78.38,0.00,-125410.00,0
5,,04918/25-26,Demo-LU-KN-CA-TS-HS-SF-0159-0326,Knits - Men,g mart,14/03/26,249.00,2800,1600,0,0,Yes,True,316400.00,,KARTIK DAS,12/04/26,1,1,1,Yes,Yes,1,1,,2800,0,0,0,2000,,,,,,,0.175,900,,,111300,,,,1600.00,1600.00,31/03/2026,07/04/2026,1600.00,BUMBLE BEE GARMENTS PVT. LTD.,0,7,-,-,-,-,-,-,0,0,-,-,-,-,-,-,0,0,-,-,-,-,-,-,0,0,1600.00,0.00,07/04/2026,-,-,BUMBLE BEE GARMENTS PVT. LTD.,1600,1,-,-,-,-,-,-,0,0,-,-,-,-,-,-,0,0,-,-,-,-,-,-,0,0,1,14,7,8,-1,112200.00,1600.00,113800.00,71.13,0.00,-113800.00,0
5,,04919/25-26,Demo-LU-KN-CA-TS-HS-SF-0160-0326,Knits - Men,g mart,14/03/26,199.00,9000,9000,0,0,Yes,True,1017000.00,,KARTIK DAS,12/04/26,1,1,1,Yes,Yes,1,1,,9000,0,0,0,20200,,,,,,,,14920,,,725831.53,,,,9000.00,0.00,31/03/2026,-,-,BUMBLE BEE GARMENTS PVT. LTD.,9000,8,-,-,-,-,-,-,0,0,-,-,-,-,-,-,0,0,-,-,-,-,-,-,0,0,-,-,-,-,-,-,0,0,-,-,-,-,-,-,0,0,-,-,-,-,-,-,0,0,-,-,-,-,-,-,0,0,1,14,0,8,-8,740751.53,0.00,740751.53,82.31,0.00,-740751.53,0
35,,04924/25-26,Demo-JB-WO-CA-SH-HS-RF-01196-0326,Woven,market lmtd,16/03/26,199.00,2500,0,0,0,Yes,True,305000.00,,Ananya Ghosh,12/05/26,0,1,0,Yes,Yes,0,11,,2500,0,0,0,-,-,-,-,-,-,-,,-,-,-,-,-,-,-,-,-,-,-,-,-,-,-,-,-,-,-,-,-,-,-,-,-,-,-,-,-,-,-,-,-,-,-,-,-,-,-,-,-,-,-,-,-,-,-,-,-,-,-,-,-,-,-,-,-,-,-,-,-,-,-,-,-,-,-,-,-,-,-,0,9,0,0,0,0.00,0.00,0.00,,0.00,0,0
28,,04922/25-26,FU-Demo-WO-CA-SH-HS-RF-01211-0326,Woven,Bihar fashion,16/03/26,399.00,216,216,0,0,Yes,True,49680.00,,Ananya Ghosh,05/05/26,1,1,-48,Yes,No,-48,-48,,216,0,0,0,,,,,,,209,,,,,,,,38665,216.00,0.00,27/03/2026,-,-,TIPL- LINE NO-6,216,12,-,-,-,-,-,-,0,0,-,-,-,-,-,-,0,0,-,-,-,-,-,-,0,0,-,-,-,-,-,-,0,0,-,-,-,-,-,-,0,0,-,-,-,-,-,-,0,0,-,-,-,-,-,-,0,0,3,0,0,12,-12,38665.00,0.00,38665.00,179.00,0.00,-38665.00,0
28,,04923/25-26,FU-Demo-WO-CA-SH-HS-RF-01212-0326,Woven,Bihar fashion,16/03/26,399.00,752,752,0,0,Yes,True,173712.00,,Ananya Ghosh,05/05/26,1,1,-48,Yes,No,-48,-48,,752,0,0,0,,,,,,,639.5,,,,,,,,639.5,752.00,0.00,27/03/2026,-,-,TIPL- LINE NO-6,752,12,-,-,-,-,-,-,0,0,-,-,-,-,-,-,0,0,-,-,-,-,-,-,0,0,-,-,-,-,-,-,0,0,-,-,-,-,-,-,0,0,-,-,-,-,-,-,0,0,-,-,-,-,-,-,0,0,3,0,0,12,-12,639.50,0.00,639.50,0.00,0.00,-639.50,0
28,,04921/25-26,FU-JB-WO-CA-SH-HS-RF-01210-0326,Woven,Bihar fashion,16/03/26,299.00,371,371,0,0,Yes,True,64925.00,,Ananya Ghosh,05/05/26,1,1,-48,Yes,No,-48,-48,,371,0,0,0,,,,,,,243,,,,,,,,44955,371.00,0.00,27/03/2026,-,-,TIPL- LINE NO-6,371,12,-,-,-,-,-,-,0,0,-,-,-,-,-,-,0,0,-,-,-,-,-,-,0,0,-,-,-,-,-,-,0,0,-,-,-,-,-,-,0,0,-,-,-,-,-,-,0,0,-,-,-,-,-,-,0,0,3,0,0,12,-12,44955.00,0.00,44955.00,121.17,0.00,-44955.00,0
53,,04949/25-26,Demo-SG-UP-HS-3726-0326,Knits - Kids,market lmtd,17/03/26,129.00,2400,0,0,0,Yes,True,0.00,,RIA PAUL,30/05/26,0,1,8,Yes,No,8,8,,2400,0,0,0,-,-,-,-,-,-,-,,-,-,-,-,-,-,-,-,-,-,-,-,-,-,-,-,-,-,-,-,-,-,-,-,-,-,-,-,-,-,-,-,-,-,-,-,-,-,-,-,-,-,-,-,-,-,-,-,-,-,-,-,-,-,-,-,-,-,-,-,-,-,-,-,-,-,-,-,-,-,-,0,0,0,0,0,0.00,0.00,0.00,,0.00,0,0
53,,04926/25-26,Demo-JG-UP-HS-3703-0326,Knits - Kids,market lmtd,17/03/26,99.00,3000,0,0,0,Yes,True,198000.00,,RIA PAUL,30/05/26,0,1,8,Yes,No,8,8,,3000,0,0,0,-,-,-,-,-,-,-,,-,-,-,-,-,-,-,-,-,-,-,-,-,-,-,-,-,-,-,-,-,-,-,-,-,-,-,-,-,-,-,-,-,-,-,-,-,-,-,-,-,-,-,-,-,-,-,-,-,-,-,-,-,-,-,-,-,-,-,-,-,-,-,-,-,-,-,-,-,-,-,0,0,0,0,0,0.00,0.00,0.00,,0.00,0,0
53,,04946/25-26,Demo-SG-UP-HS-3723-0326,Knits - Kids,market lmtd,17/03/26,129.00,2400,0,0,0,Yes,True,0.00,,RIA PAUL,30/05/26,0,1,8,Yes,No,8,8,,2400,0,0,0,-,-,-,-,-,-,-,,-,-,-,-,-,-,-,-,-,-,-,-,-,-,-,-,-,-,-,-,-,-,-,-,-,-,-,-,-,-,-,-,-,-,-,-,-,-,-,-,-,-,-,-,-,-,-,-,-,-,-,-,-,-,-,-,-,-,-,-,-,-,-,-,-,-,-,-,-,-,-,0,0,0,0,0,0.00,0.00,0.00,,0.00,0,0
53,,04940/25-26,Demo-SG-UP-HS-3717-0326,Knits - Kids,market lmtd,17/03/26,129.00,2400,0,0,0,Yes,True,0.00,,RIA PAUL,30/05/26,0,1,8,Yes,No,8,8,,2400,0,0,0,-,-,-,-,-,-,-,,-,-,-,-,-,-,-,-,-,-,-,-,-,-,-,-,-,-,-,-,-,-,-,-,-,-,-,-,-,-,-,-,-,-,-,-,-,-,-,-,-,-,-,-,-,-,-,-,-,-,-,-,-,-,-,-,-,-,-,-,-,-,-,-,-,-,-,-,-,-,-,0,0,0,0,0,0.00,0.00,0.00,,0.00,0,0
53,,04937/25-26,Demo-JG-UP-HS-3714-0326,Knits - Kids,market lmtd,17/03/26,99.00,3000,0,0,0,Yes,True,198000.00,,RIA PAUL,30/05/26,0,1,8,Yes,No,8,8,,3000,0,0,0,-,-,-,-,-,-,-,,-,-,-,-,-,-,-,-,-,-,-,-,-,-,-,-,-,-,-,-,-,-,-,-,-,-,-,-,-,-,-,-,-,-,-,-,-,-,-,-,-,-,-,-,-,-,-,-,-,-,-,-,-,-,-,-,-,-,-,-,-,-,-,-,-,-,-,-,-,-,-,0,0,0,0,0,0.00,0.00,0.00,,0.00,0,0
53,,04943/25-26,Demo-SG-UP-HS-3720-0326,Knits - Kids,market lmtd,17/03/26,129.00,2400,0,0,0,Yes,True,0.00,,RIA PAUL,30/05/26,0,1,8,Yes,No,8,8,,2400,0,0,0,-,-,-,-,-,-,-,,-,-,-,-,-,-,-,-,-,-,-,-,-,-,-,-,-,-,-,-,-,-,-,-,-,-,-,-,-,-,-,-,-,-,-,-,-,-,-,-,-,-,-,-,-,-,-,-,-,-,-,-,-,-,-,-,-,-,-,-,-,-,-,-,-,-,-,-,-,-,-,0,0,0,0,0,0.00,0.00,0.00,,0.00,0,0
53,,04929/25-26,Demo-JG-UP-HS-3706-0326,Knits - Kids,market lmtd,17/03/26,99.00,3000,0,0,0,Yes,True,198000.00,,RIA PAUL,30/05/26,0,1,8,Yes,No,8,8,,3000,0,0,0,-,-,-,-,-,-,-,,-,-,-,-,-,-,-,-,-,-,-,-,-,-,-,-,-,-,-,-,-,-,-,-,-,-,-,-,-,-,-,-,-,-,-,-,-,-,-,-,-,-,-,-,-,-,-,-,-,-,-,-,-,-,-,-,-,-,-,-,-,-,-,-,-,-,-,-,-,-,-,0,0,0,0,0,0.00,0.00,0.00,,0.00,0,0
53,,04938/25-26,Demo-JG-UP-HS-3715-0326,Knits - Kids,market lmtd,17/03/26,99.00,3000,0,0,0,Yes,True,198000.00,,RIA PAUL,30/05/26,0,1,8,Yes,No,8,8,,3000,0,0,0,-,-,-,-,-,-,-,,-,-,-,-,-,-,-,-,-,-,-,-,-,-,-,-,-,-,-,-,-,-,-,-,-,-,-,-,-,-,-,-,-,-,-,-,-,-,-,-,-,-,-,-,-,-,-,-,-,-,-,-,-,-,-,-,-,-,-,-,-,-,-,-,-,-,-,-,-,-,-,0,0,0,0,0,0.00,0.00,0.00,,0.00,0,0
53,,04932/25-26,Demo-JG-UP-HS-3709-0326,Knits - Kids,market lmtd,17/03/26,99.00,3000,0,0,0,Yes,True,198000.00,,RIA PAUL,30/05/26,0,1,8,Yes,No,8,8,,3000,0,0,0,-,-,-,-,-,-,-,,-,-,-,-,-,-,-,-,-,-,-,-,-,-,-,-,-,-,-,-,-,-,-,-,-,-,-,-,-,-,-,-,-,-,-,-,-,-,-,-,-,-,-,-,-,-,-,-,-,-,-,-,-,-,-,-,-,-,-,-,-,-,-,-,-,-,-,-,-,-,-,0,0,0,0,0,0.00,0.00,0.00,,0.00,0,0
53,,04944/25-26,Demo-SG-UP-HS-3721-0326,Knits - Kids,market lmtd,17/03/26,129.00,2400,0,0,0,Yes,True,0.00,,RIA PAUL,30/05/26,0,1,,No,No,,0,,2400,0,0,0,-,-,-,-,-,-,-,,-,-,-,-,-,-,-,-,-,-,-,-,-,-,-,-,-,-,-,-,-,-,-,-,-,-,-,-,-,-,-,-,-,-,-,-,-,-,-,-,-,-,-,-,-,-,-,-,-,-,-,-,-,-,-,-,-,-,-,-,-,-,-,-,-,-,-,-,-,-,-,0,0,0,0,0,0.00,0.00,0.00,,0.00,0,0
53,,04941/25-26,Demo-SG-UP-HS-3718-0326,Knits - Kids,market lmtd,17/03/26,129.00,2400,0,0,0,Yes,True,0.00,,RIA PAUL,30/05/26,0,1,8,Yes,No,8,8,,2400,0,0,0,-,-,-,-,-,-,-,,-,-,-,-,-,-,-,-,-,-,-,-,-,-,-,-,-,-,-,-,-,-,-,-,-,-,-,-,-,-,-,-,-,-,-,-,-,-,-,-,-,-,-,-,-,-,-,-,-,-,-,-,-,-,-,-,-,-,-,-,-,-,-,-,-,-,-,-,-,-,-,0,0,0,0,0,0.00,0.00,0.00,,0.00,0,0
53,,04935/25-26,Demo-JG-UP-HS-3712-0326,Knits - Kids,market lmtd,17/03/26,99.00,3000,0,0,0,Yes,True,198000.00,,RIA PAUL,30/05/26,0,1,8,Yes,No,8,8,,3000,0,0,0,-,-,-,-,-,-,-,,-,-,-,-,-,-,-,-,-,-,-,-,-,-,-,-,-,-,-,-,-,-,-,-,-,-,-,-,-,-,-,-,-,-,-,-,-,-,-,-,-,-,-,-,-,-,-,-,-,-,-,-,-,-,-,-,-,-,-,-,-,-,-,-,-,-,-,-,-,-,-,0,0,0,0,0,0.00,0.00,0.00,,0.00,0,0
53,,04952/25-26,Demo-SG-UP-HS-3729-0326,Knits - Kids,market lmtd,17/03/26,,2300,0,0,0,Yes,True,0.00,,RIA PAUL,30/05/26,0,1,17,Yes,No,17,17,,2300,0,0,0,-,-,-,-,-,-,-,,-,-,-,-,-,-,-,-,-,-,-,-,-,-,-,-,-,-,-,-,-,-,-,-,-,-,-,-,-,-,-,-,-,-,-,-,-,-,-,-,-,-,-,-,-,-,-,-,-,-,-,-,-,-,-,-,-,-,-,-,-,-,-,-,-,-,-,-,-,-,-,0,0,0,0,0,0.00,0.00,0.00,,0.00,0,0
53,,04942/25-26,Demo-SG-UP-HS-3719-0326,Knits - Kids,market lmtd,17/03/26,129.00,2400,0,0,0,Yes,True,0.00,,RIA PAUL,30/05/26,0,1,8,Yes,No,8,8,,2400,0,0,0,-,-,-,-,-,-,-,,-,-,-,-,-,-,-,-,-,-,-,-,-,-,-,-,-,-,-,-,-,-,-,-,-,-,-,-,-,-,-,-,-,-,-,-,-,-,-,-,-,-,-,-,-,-,-,-,-,-,-,-,-,-,-,-,-,-,-,-,-,-,-,-,-,-,-,-,-,-,-,0,0,0,0,0,0.00,0.00,0.00,,0.00,0,0
53,,04931/25-26,Demo-JG-UP-HS-3708-0326,Knits - Kids,market lmtd,17/03/26,99.00,3000,0,0,0,Yes,True,198000.00,,RIA PAUL,30/05/26,0,1,8,Yes,No,8,8,,3000,0,0,0,-,-,-,-,-,-,-,,-,-,-,-,-,-,-,-,-,-,-,-,-,-,-,-,-,-,-,-,-,-,-,-,-,-,-,-,-,-,-,-,-,-,-,-,-,-,-,-,-,-,-,-,-,-,-,-,-,-,-,-,-,-,-,-,-,-,-,-,-,-,-,-,-,-,-,-,-,-,-,0,0,0,0,0,0.00,0.00,0.00,,0.00,0,0
53,,04928/25-26,Demo-JG-UP-HS-3705-0326,Knits - Kids,market lmtd,17/03/26,99.00,3000,0,0,0,Yes,True,198000.00,,RIA PAUL,30/05/26,0,1,8,Yes,No,8,8,,3000,0,0,0,-,-,-,-,-,-,-,,-,-,-,-,-,-,-,-,-,-,-,-,-,-,-,-,-,-,-,-,-,-,-,-,-,-,-,-,-,-,-,-,-,-,-,-,-,-,-,-,-,-,-,-,-,-,-,-,-,-,-,-,-,-,-,-,-,-,-,-,-,-,-,-,-,-,-,-,-,-,-,0,0,0,0,0,0.00,0.00,0.00,,0.00,0,0
53,,04934/25-26,Demo-JG-UP-HS-3711-0326,Knits - Kids,market lmtd,17/03/26,99.00,3000,0,0,0,Yes,True,198000.00,,RIA PAUL,30/05/26,0,1,8,Yes,No,8,8,,3000,0,0,0,-,-,-,-,-,-,-,,-,-,-,-,-,-,-,-,-,-,-,-,-,-,-,-,-,-,-,-,-,-,-,-,-,-,-,-,-,-,-,-,-,-,-,-,-,-,-,-,-,-,-,-,-,-,-,-,-,-,-,-,-,-,-,-,-,-,-,-,-,-,-,-,-,-,-,-,-,-,-,0,0,0,0,0,0.00,0.00,0.00,,0.00,0,0
53,,04948/25-26,Demo-SG-UP-HS-3725-0326,Knits - Kids,market lmtd,17/03/26,129.00,2400,0,0,0,Yes,True,0.00,,RIA PAUL,30/05/26,0,1,8,Yes,No,8,8,,2400,0,0,0,-,-,-,-,-,-,-,,-,-,-,-,-,-,-,-,-,-,-,-,-,-,-,-,-,-,-,-,-,-,-,-,-,-,-,-,-,-,-,-,-,-,-,-,-,-,-,-,-,-,-,-,-,-,-,-,-,-,-,-,-,-,-,-,-,-,-,-,-,-,-,-,-,-,-,-,-,-,-,0,0,0,0,0,0.00,0.00,0.00,,0.00,0,0
53,,04951/25-26,Demo-SG-UP-HS-3728-0326,Knits - Kids,market lmtd,17/03/26,,2300,0,0,0,Yes,True,0.00,,RIA PAUL,30/05/26,0,1,17,Yes,No,17,17,,2300,0,0,0,-,-,-,-,-,-,-,,-,-,-,-,-,-,-,-,-,-,-,-,-,-,-,-,-,-,-,-,-,-,-,-,-,-,-,-,-,-,-,-,-,-,-,-,-,-,-,-,-,-,-,-,-,-,-,-,-,-,-,-,-,-,-,-,-,-,-,-,-,-,-,-,-,-,-,-,-,-,-,0,0,0,0,0,0.00,0.00,0.00,,0.00,0,0
53,,04945/25-26,Demo-SG-UP-HS-3722-0326,Knits - Kids,market lmtd,17/03/26,129.00,2400,0,0,0,Yes,True,0.00,,RIA PAUL,30/05/26,0,1,8,Yes,No,8,8,,2400,0,0,0,-,-,-,-,-,-,-,,-,-,-,-,-,-,-,-,-,-,-,-,-,-,-,-,-,-,-,-,-,-,-,-,-,-,-,-,-,-,-,-,-,-,-,-,-,-,-,-,-,-,-,-,-,-,-,-,-,-,-,-,-,-,-,-,-,-,-,-,-,-,-,-,-,-,-,-,-,-,-,0,0,0,0,0,0.00,0.00,0.00,,0.00,0,0
53,,04954/25-26,Demo-SG-UP-HS-3731-0326,Knits - Kids,market lmtd,17/03/26,,2300,0,0,0,Yes,True,0.00,,RIA PAUL,30/05/26,0,1,,No,No,,0,,2300,0,0,0,-,-,-,-,-,-,-,,-,-,-,-,-,-,-,-,-,-,-,-,-,-,-,-,-,-,-,-,-,-,-,-,-,-,-,-,-,-,-,-,-,-,-,-,-,-,-,-,-,-,-,-,-,-,-,-,-,-,-,-,-,-,-,-,-,-,-,-,-,-,-,-,-,-,-,-,-,-,-,0,0,0,0,0,0.00,0.00,0.00,,0.00,0,0
53,,04930/25-26,Demo-JG-UP-HS-3707-0326,Knits - Kids,market lmtd,17/03/26,99.00,3000,0,0,0,Yes,True,198000.00,,RIA PAUL,30/05/26,0,1,8,Yes,No,8,8,,3000,0,0,0,-,-,-,-,-,-,-,,-,-,-,-,-,-,-,-,-,-,-,-,-,-,-,-,-,-,-,-,-,-,-,-,-,-,-,-,-,-,-,-,-,-,-,-,-,-,-,-,-,-,-,-,-,-,-,-,-,-,-,-,-,-,-,-,-,-,-,-,-,-,-,-,-,-,-,-,-,-,-,0,0,0,0,0,0.00,0.00,0.00,,0.00,0,0
9,,04936/25-26,Demo-JG-UP-HS-3713-0326,Knits - Kids,market lmtd,17/03/26,99.00,3000,0,0,0,Yes,True,198000.00,,RIA PAUL,16/04/26,0,1,8,Yes,No,8,8,,3000,0,0,0,-,-,-,-,-,-,-,,-,-,-,-,-,-,-,-,-,-,-,-,-,-,-,-,-,-,-,-,-,-,-,-,-,-,-,-,-,-,-,-,-,-,-,-,-,-,-,-,-,-,-,-,-,-,-,-,-,-,-,-,-,-,-,-,-,-,-,-,-,-,-,-,-,-,-,-,-,-,-,0,0,0,0,0,0.00,0.00,0.00,,0.00,0,0
53,,04927/25-26,Demo-JG-UP-HS-3704-0326,Knits - Kids,market lmtd,17/03/26,99.00,3000,0,0,0,Yes,True,198000.00,,RIA PAUL,30/05/26,0,1,8,Yes,No,8,8,,3000,0,0,0,-,-,-,-,-,-,-,,-,-,-,-,-,-,-,-,-,-,-,-,-,-,-,-,-,-,-,-,-,-,-,-,-,-,-,-,-,-,-,-,-,-,-,-,-,-,-,-,-,-,-,-,-,-,-,-,-,-,-,-,-,-,-,-,-,-,-,-,-,-,-,-,-,-,-,-,-,-,-,0,0,0,0,0,0.00,0.00,0.00,,0.00,0,0
53,,04939/25-26,Demo-SG-UP-HS-3716-0326,Knits - Kids,market lmtd,17/03/26,129.00,2400,0,0,0,Yes,True,0.00,,RIA PAUL,30/05/26,0,1,8,Yes,No,8,8,,2400,0,0,0,-,-,-,-,-,-,-,,-,-,-,-,-,-,-,-,-,-,-,-,-,-,-,-,-,-,-,-,-,-,-,-,-,-,-,-,-,-,-,-,-,-,-,-,-,-,-,-,-,-,-,-,-,-,-,-,-,-,-,-,-,-,-,-,-,-,-,-,-,-,-,-,-,-,-,-,-,-,-,0,0,0,0,0,0.00,0.00,0.00,,0.00,0,0
53,,04933/25-26,Demo-JG-UP-HS-3710-0326,Knits - Kids,market lmtd,17/03/26,99.00,3000,0,0,0,Yes,True,198000.00,,RIA PAUL,30/05/26,0,1,8,Yes,No,8,8,,3000,0,0,0,-,-,-,-,-,-,-,,-,-,-,-,-,-,-,-,-,-,-,-,-,-,-,-,-,-,-,-,-,-,-,-,-,-,-,-,-,-,-,-,-,-,-,-,-,-,-,-,-,-,-,-,-,-,-,-,-,-,-,-,-,-,-,-,-,-,-,-,-,-,-,-,-,-,-,-,-,-,-,0,0,0,0,0,0.00,0.00,0.00,,0.00,0,0
53,,04950/25-26,Demo-SG-UP-HS-3727-0326,Knits - Kids,market lmtd,17/03/26,129.00,2400,0,0,0,Yes,True,0.00,,RIA PAUL,30/05/26,0,1,8,Yes,No,8,8,,2400,0,0,0,-,-,-,-,-,-,-,,-,-,-,-,-,-,-,-,-,-,-,-,-,-,-,-,-,-,-,-,-,-,-,-,-,-,-,-,-,-,-,-,-,-,-,-,-,-,-,-,-,-,-,-,-,-,-,-,-,-,-,-,-,-,-,-,-,-,-,-,-,-,-,-,-,-,-,-,-,-,-,0,0,0,0,0,0.00,0.00,0.00,,0.00,0,0
53,,04953/25-26,Demo-SG-UP-HS-3730-0326,Knits - Kids,market lmtd,17/03/26,,2300,0,0,0,Yes,True,0.00,,RIA PAUL,30/05/26,0,1,17,Yes,No,17,17,,2300,0,0,0,-,-,-,-,-,-,-,,-,-,-,-,-,-,-,-,-,-,-,-,-,-,-,-,-,-,-,-,-,-,-,-,-,-,-,-,-,-,-,-,-,-,-,-,-,-,-,-,-,-,-,-,-,-,-,-,-,-,-,-,-,-,-,-,-,-,-,-,-,-,-,-,-,-,-,-,-,-,-,0,0,0,0,0,0.00,0.00,0.00,,0.00,0,0
53,,04947/25-26,Demo-SG-UP-HS-3724-0326,Knits - Kids,market lmtd,17/03/26,129.00,2400,0,0,0,Yes,True,0.00,,RIA PAUL,30/05/26,0,1,8,Yes,No,8,8,,2400,0,0,0,-,-,-,-,-,-,-,,-,-,-,-,-,-,-,-,-,-,-,-,-,-,-,-,-,-,-,-,-,-,-,-,-,-,-,-,-,-,-,-,-,-,-,-,-,-,-,-,-,-,-,-,-,-,-,-,-,-,-,-,-,-,-,-,-,-,-,-,-,-,-,-,-,-,-,-,-,-,-,0,0,0,0,0,0.00,0.00,0.00,,0.00,0,0
8,,04957/25-26,Demo-JB-WO-CA-SH-HS-RF-01215-0326,Woven,market lmtd,18/03/26,199.00,1200,0,0,0,Yes,True,146400.00,,Ananya Ghosh,15/04/26,0,1,6,No,Yes,6,0,,1200,0,0,0,-,-,-,-,-,-,-,,-,-,-,-,-,-,-,-,-,-,-,-,-,-,-,-,-,-,-,-,-,-,-,-,-,-,-,-,-,-,-,-,-,-,-,-,-,-,-,-,-,-,-,-,-,-,-,-,-,-,-,-,-,-,-,-,-,-,-,-,-,-,-,-,-,-,-,-,-,-,-,0,13,0,0,0,0.00,0.00,0.00,,0.00,0,0
8,,04955/25-26,Demo-JB-WO-CA-SH-HS-RF-01213-0326,Woven,market lmtd,18/03/26,199.00,2500,0,0,0,Yes,True,305000.00,,Ananya Ghosh,15/04/26,0,1,6,No,Yes,6,0,,2500,0,0,0,-,-,-,-,-,-,-,,-,-,-,-,-,-,-,-,-,-,-,-,-,-,-,-,-,-,-,-,-,-,-,-,-,-,-,-,-,-,-,-,-,-,-,-,-,-,-,-,-,-,-,-,-,-,-,-,-,-,-,-,-,-,-,-,-,-,-,-,-,-,-,-,-,-,-,-,-,-,-,0,13,0,0,0,0.00,0.00,0.00,,0.00,0,0
8,,04958/25-26,Demo-JB-WO-CA-SH-HS-RF-01216-0326,Woven,market lmtd,18/03/26,199.00,1800,0,0,0,Yes,True,219600.00,,Ananya Ghosh,15/04/26,0,1,6,No,Yes,6,0,,1800,0,0,0,-,-,-,-,-,-,-,,-,-,-,-,-,-,-,-,-,-,-,-,-,-,-,-,-,-,-,-,-,-,-,-,-,-,-,-,-,-,-,-,-,-,-,-,-,-,-,-,-,-,-,-,-,-,-,-,-,-,-,-,-,-,-,-,-,-,-,-,-,-,-,-,-,-,-,-,-,-,-,0,13,0,0,0,0.00,0.00,0.00,,0.00,0,0
8,,04956/25-26,Demo-JB-WO-CA-SH-HS-RF-01214-0326,Woven,market lmtd,18/03/26,199.00,3200,0,0,0,Yes,True,390400.00,,Ananya Ghosh,15/04/26,0,1,6,No,Yes,6,0,,3200,0,0,0,-,-,-,-,-,-,-,,-,-,-,-,-,-,-,-,-,-,-,-,-,-,-,-,-,-,-,-,-,-,-,-,-,-,-,-,-,-,-,-,-,-,-,-,-,-,-,-,-,-,-,-,-,-,-,-,-,-,-,-,-,-,-,-,-,-,-,-,-,-,-,-,-,-,-,-,-,-,-,0,13,0,0,0,0.00,0.00,0.00,,0.00,0,0
54,,04984/25-26,Demo-Demo-WO-CA-SH-HS-RF-01234-0326,Woven,market lmtd,19/03/26,299.00,2000,0,0,0,Yes,True,360000.00,,Ananya Ghosh,31/05/26,0,2,1,Yes,No,1,1,,2000,0,0,0,-,-,-,-,-,-,-,,-,-,-,-,-,-,-,-,-,-,-,-,-,-,-,-,-,-,-,-,-,-,-,-,-,-,-,-,-,-,-,-,-,-,-,-,-,-,-,-,-,-,-,-,-,-,-,-,-,-,-,-,-,-,-,-,-,-,-,-,-,-,-,-,-,-,-,-,-,-,-,0,0,0,0,0,0.00,0.00,0.00,,0.00,0,0
46,,04978/25-26,TT-Demo-WO-CA-SH-HS-RF-01228-0326,Woven,kolkata 2,19/03/26,399.00,15000,0,0,0,Yes,True,3150000.00,,Md Shahzada,23/05/26,0,1,8,Yes,Yes,8,11,,15000,0,0,0,-,-,-,-,-,-,-,,-,-,-,-,-,-,-,-,-,-,-,-,-,-,-,-,-,-,-,-,-,-,-,-,-,-,-,-,-,-,-,-,-,-,-,-,-,-,-,-,-,-,-,-,-,-,-,-,-,-,-,-,-,-,-,-,-,-,-,-,-,-,-,-,-,-,-,-,-,-,-,0,0,0,0,0,0.00,0.00,0.00,,0.00,0,0
50,,04966/25-26,TT-JB-WO-CA-SH-HS-RF-01224-0326,Woven,kolkata 2,19/03/26,299.00,15503,0,0,0,Yes,True,2480480.00,,Md Shahzada,27/05/26,0,1,8,Yes,Yes,8,16,,15503,0,0,0,-,-,-,-,-,-,-,,-,-,-,-,-,-,-,-,-,-,-,-,-,-,-,-,-,-,-,-,-,-,-,-,-,-,-,-,-,-,-,-,-,-,-,-,-,-,-,-,-,-,-,-,-,-,-,-,-,-,-,-,-,-,-,-,-,-,-,-,-,-,-,-,-,-,-,-,-,-,-,0,0,0,0,0,0.00,0.00,0.00,,0.00,0,0
54,,04990/25-26,Demo-Demo-WO-CA-SH-HS-RF-01240-0326,Woven,market lmtd,19/03/26,299.00,2000,0,0,0,Yes,True,360000.00,,Ananya Ghosh,31/05/26,0,2,1,Yes,No,1,1,,2000,0,0,0,-,-,-,-,-,-,-,,-,-,-,-,-,-,-,-,-,-,-,-,-,-,-,-,-,-,-,-,-,-,-,-,-,-,-,-,-,-,-,-,-,-,-,-,-,-,-,-,-,-,-,-,-,-,-,-,-,-,-,-,-,-,-,-,-,-,-,-,-,-,-,-,-,-,-,-,-,-,-,0,0,0,0,0,0.00,0.00,0.00,,0.00,0,0
32,,04960/25-26,TT-JB-WO-CA-SH-HS-RF-01218-0326,Woven,kolkata 2,19/03/26,299.00,21260,0,0,0,Yes,True,3337820.00,,Md Shahzada,09/05/26,0,1,0,Yes,Yes,0,0,,21260,0,0,0,-,-,-,-,-,-,-,,-,-,-,-,-,-,-,-,-,-,-,-,-,-,-,-,-,-,-,-,-,-,-,-,-,-,-,-,-,-,-,-,-,-,-,-,-,-,-,-,-,-,-,-,-,-,-,-,-,-,-,-,-,-,-,-,-,-,-,-,-,-,-,-,-,-,-,-,-,-,-,0,0,0,0,0,0.00,0.00,0.00,,0.00,0,0
50,,04963/25-26,TT-JB-WO-CA-SH-HS-RF-01221-0326,Woven,kolkata 2,19/03/26,499.00,11793,0,0,0,Yes,True,2653425.00,,Md Shahzada,27/05/26,0,1,7,Yes,Yes,7,11,,11793,0,0,0,-,-,-,-,-,-,-,,-,-,-,-,-,-,-,-,-,-,-,-,-,-,-,-,-,-,-,-,-,-,-,-,-,-,-,-,-,-,-,-,-,-,-,-,-,-,-,-,-,-,-,-,-,-,-,-,-,-,-,-,-,-,-,-,-,-,-,-,-,-,-,-,-,-,-,-,-,-,-,0,0,0,0,0,0.00,0.00,0.00,,0.00,0,0
84,,04969/25-26,SS-JR-UP-HS-3733-0326,Knits - Kids,Shpping lmtd,19/03/26,199.00,2400,0,0,0,Yes,True,211200.00,,RIA PAUL,30/06/26,0,1,1,Yes,Yes,1,13,,2400,0,0,0,-,-,-,-,-,-,-,,-,-,-,-,-,-,-,-,-,-,-,-,-,-,-,-,-,-,-,-,-,-,-,-,-,-,-,-,-,-,-,-,-,-,-,-,-,-,-,-,-,-,-,-,-,-,-,-,-,-,-,-,-,-,-,-,-,-,-,-,-,-,-,-,-,-,-,-,-,-,-,0,9,0,0,0,0.00,0.00,0.00,,0.00,0,0
54,,04987/25-26,Demo-Demo-WO-CA-SH-HS-RF-01237-0326,Woven,market lmtd,19/03/26,299.00,2000,0,0,0,Yes,True,360000.00,,Ananya Ghosh,31/05/26,0,2,6,Yes,No,6,6,,2000,0,0,0,-,-,-,-,-,-,-,,-,-,-,-,-,-,-,-,-,-,-,-,-,-,-,-,-,-,-,-,-,-,-,-,-,-,-,-,-,-,-,-,-,-,-,-,-,-,-,-,-,-,-,-,-,-,-,-,-,-,-,-,-,-,-,-,-,-,-,-,-,-,-,-,-,-,-,-,-,-,-,0,0,0,0,0,0.00,0.00,0.00,,0.00,0,0
54,,04981/25-26,Demo-Demo-WO-CA-SH-HS-RF-01231-0326,Woven,market lmtd,19/03/26,299.00,2000,0,0,0,Yes,True,360000.00,,Ananya Ghosh,31/05/26,0,2,1,Yes,No,1,1,,2000,0,0,0,-,-,-,-,-,-,-,,-,-,-,-,-,-,-,-,-,-,-,-,-,-,-,-,-,-,-,-,-,-,-,-,-,-,-,-,-,-,-,-,-,-,-,-,-,-,-,-,-,-,-,-,-,-,-,-,-,-,-,-,-,-,-,-,-,-,-,-,-,-,-,-,-,-,-,-,-,-,-,0,0,0,0,0,0.00,0.00,0.00,,0.00,0,0
46,,04961/25-26,TT-JB-WO-CA-SH-HS-RF-01219-0326,Woven,kolkata 2,19/03/26,299.00,17016,0,0,0,Yes,True,2722560.00,,Md Shahzada,23/05/26,0,1,7,Yes,Yes,7,7,,17016,0,0,0,-,-,-,-,-,-,-,,-,-,-,-,-,-,-,-,-,-,-,-,-,-,-,-,-,-,-,-,-,-,-,-,-,-,-,-,-,-,-,-,-,-,-,-,-,-,-,-,-,-,-,-,-,-,-,-,-,-,-,-,-,-,-,-,-,-,-,-,-,-,-,-,-,-,-,-,-,-,-,0,0,0,0,0,0.00,0.00,0.00,,0.00,0,0
50,,04964/25-26,TT-JB-WO-CA-SH-HS-RF-01222-0326,Woven,kolkata 2,19/03/26,499.00,14152,0,0,0,Yes,True,3679520.00,,Md Shahzada,27/05/26,0,2,5,Yes,Yes,5,5,,14152,0,0,0,-,-,-,-,-,-,-,,-,-,-,-,-,-,-,-,-,-,-,-,-,-,-,-,-,-,-,-,-,-,-,-,-,-,-,-,-,-,-,-,-,-,-,-,-,-,-,-,-,-,-,-,-,-,-,-,-,-,-,-,-,-,-,-,-,-,-,-,-,-,-,-,-,-,-,-,-,-,-,0,0,0,0,0,0.00,0.00,0.00,,0.00,0,0
84,,04972/25-26,SS-JR-UP-HS-3736-0326,Knits - Kids,Shpping lmtd,19/03/26,199.00,1600,0,0,0,Yes,True,140800.00,,RIA PAUL,30/06/26,0,1,1,Yes,Yes,1,13,,1600,0,0,0,-,-,-,-,-,-,-,,-,-,-,-,-,-,-,-,-,-,-,-,-,-,-,-,-,-,-,-,-,-,-,-,-,-,-,-,-,-,-,-,-,-,-,-,-,-,-,-,-,-,-,-,-,-,-,-,-,-,-,-,-,-,-,-,-,-,-,-,-,-,-,-,-,-,-,-,-,-,-,0,9,0,0,0,0.00,0.00,0.00,,0.00,0,0
46,,04974/25-26,TT-Demo-WO-CA-SH-HS-RF-01226-0326,Woven,kolkata 2,19/03/26,499.00,15000,0,0,0,Yes,True,3600000.00,,Md Shahzada,23/05/26,0,1,5,Yes,Yes,5,7,,15000,0,0,0,-,-,-,-,-,-,-,,-,-,-,-,-,-,-,-,-,-,-,-,-,-,-,-,-,-,-,-,-,-,-,-,-,-,-,-,-,-,-,-,-,-,-,-,-,-,-,-,-,-,-,-,-,-,-,-,-,-,-,-,-,-,-,-,-,-,-,-,-,-,-,-,-,-,-,-,-,-,-,0,0,0,0,0,0.00,0.00,0.00,,0.00,0,0
84,,04977/25-26,SS-JR-UP-HS-3739-0326,Knits - Kids,Shpping lmtd,19/03/26,199.00,2400,0,0,0,Yes,True,211200.00,,RIA PAUL,30/06/26,0,1,1,Yes,Yes,1,13,,2400,0,0,0,-,-,-,-,-,-,-,,-,-,-,-,-,-,-,-,-,-,-,-,-,-,-,-,-,-,-,-,-,-,-,-,-,-,-,-,-,-,-,-,-,-,-,-,-,-,-,-,-,-,-,-,-,-,-,-,-,-,-,-,-,-,-,-,-,-,-,-,-,-,-,-,-,-,-,-,-,-,-,0,9,0,0,0,0.00,0.00,0.00,,0.00,0,0
46,,04979/25-26,TT-Demo-WO-CA-SH-HS-RF-01229-0326,Woven,kolkata 2,19/03/26,399.00,12000,0,0,0,Yes,True,2520000.00,,Md Shahzada,23/05/26,0,1,8,Yes,Yes,8,11,,12000,0,0,0,-,-,-,-,-,-,-,,-,-,-,-,-,-,-,-,-,-,-,-,-,-,-,-,-,-,-,-,-,-,-,-,-,-,-,-,-,-,-,-,-,-,-,-,-,-,-,-,-,-,-,-,-,-,-,-,-,-,-,-,-,-,-,-,-,-,-,-,-,-,-,-,-,-,-,-,-,-,-,0,0,0,0,0,0.00,0.00,0.00,,0.00,0,0
54,,04985/25-26,Demo-Demo-WO-CA-SH-HS-RF-01235-0326,Woven,market lmtd,19/03/26,299.00,2000,0,0,0,Yes,True,398000.00,,Ananya Ghosh,31/05/26,0,2,1,Yes,No,1,1,,2000,0,0,0,-,-,-,-,-,-,-,,-,-,-,-,-,-,-,-,-,-,-,-,-,-,-,-,-,-,-,-,-,-,-,-,-,-,-,-,-,-,-,-,-,-,-,-,-,-,-,-,-,-,-,-,-,-,-,-,-,-,-,-,-,-,-,-,-,-,-,-,-,-,-,-,-,-,-,-,-,-,-,0,0,0,0,0,0.00,0.00,0.00,,0.00,0,0
54,,04982/25-26,Demo-Demo-WO-CA-SH-HS-RF-01232-0326,Woven,market lmtd,19/03/26,299.00,2000,0,0,0,Yes,True,360000.00,,Ananya Ghosh,31/05/26,0,2,1,Yes,No,1,1,,2000,0,0,0,-,-,-,-,-,-,-,,-,-,-,-,-,-,-,-,-,-,-,-,-,-,-,-,-,-,-,-,-,-,-,-,-,-,-,-,-,-,-,-,-,-,-,-,-,-,-,-,-,-,-,-,-,-,-,-,-,-,-,-,-,-,-,-,-,-,-,-,-,-,-,-,-,-,-,-,-,-,-,0,0,0,0,0,0.00,0.00,0.00,,0.00,0,0
46,,04962/25-26,TT-JB-WO-CA-SH-HS-RF-01220-0326,Woven,kolkata 2,19/03/26,299.00,21269,0,0,0,Yes,True,3403040.00,,Md Shahzada,23/05/26,0,1,7,Yes,Yes,7,7,,21269,0,0,0,-,-,-,-,-,-,-,,-,-,-,-,-,-,-,-,-,-,-,-,-,-,-,-,-,-,-,-,-,-,-,-,-,-,-,-,-,-,-,-,-,-,-,-,-,-,-,-,-,-,-,-,-,-,-,-,-,-,-,-,-,-,-,-,-,-,-,-,-,-,-,-,-,-,-,-,-,-,-,0,0,0,0,0,0.00,0.00,0.00,,0.00,0,0
84,,04971/25-26,SS-JR-UP-HS-3735-0326,Knits - Kids,Shpping lmtd,19/03/26,199.00,2000,0,0,0,Yes,True,176000.00,,RIA PAUL,30/06/26,0,1,1,Yes,Yes,1,13,,2000,0,0,0,-,-,-,-,-,-,-,,-,-,-,-,-,-,-,-,-,-,-,-,-,-,-,-,-,-,-,-,-,-,-,-,-,-,-,-,-,-,-,-,-,-,-,-,-,-,-,-,-,-,-,-,-,-,-,-,-,-,-,-,-,-,-,-,-,-,-,-,-,-,-,-,-,-,-,-,-,-,-,0,9,0,0,0,0.00,0.00,0.00,,0.00,0,0
84,,04968/25-26,SS-JR-UP-HS-3732-0326,Knits - Kids,Shpping lmtd,19/03/26,,2000,0,0,0,Yes,True,180000.00,,RIA PAUL,30/06/26,0,1,1,Yes,Yes,1,13,,2000,0,0,0,-,-,-,-,-,-,-,,-,-,-,-,-,-,-,-,-,-,-,-,-,-,-,-,-,-,-,-,-,-,-,-,-,-,-,-,-,-,-,-,-,-,-,-,-,-,-,-,-,-,-,-,-,-,-,-,-,-,-,-,-,-,-,-,-,-,-,-,-,-,-,-,-,-,-,-,-,-,-,0,9,0,0,0,0.00,0.00,0.00,,0.00,0,0
50,,04965/25-26,TT-JB-WO-CA-SH-HS-RF-01223-0326,Woven,kolkata 2,19/03/26,399.00,10630,0,0,0,Yes,True,2338600.00,,Md Shahzada,27/05/26,0,2,5,Yes,Yes,5,5,,10630,0,0,0,-,-,-,-,-,-,-,,-,-,-,-,-,-,-,-,-,-,-,-,-,-,-,-,-,-,-,-,-,-,-,-,-,-,-,-,-,-,-,-,-,-,-,-,-,-,-,-,-,-,-,-,-,-,-,-,-,-,-,-,-,-,-,-,-,-,-,-,-,-,-,-,-,-,-,-,-,-,-,0,0,0,0,0,0.00,0.00,0.00,,0.00,0,0
84,,04975/25-26,SS-JR-UP-HS-3738-0326,Knits - Kids,Shpping lmtd,19/03/26,199.00,2400,0,0,0,Yes,True,211200.00,,RIA PAUL,30/06/26,0,1,1,Yes,Yes,1,13,,2400,0,0,0,-,-,-,-,-,-,-,,-,-,-,-,-,-,-,-,-,-,-,-,-,-,-,-,-,-,-,-,-,-,-,-,-,-,-,-,-,-,-,-,-,-,-,-,-,-,-,-,-,-,-,-,-,-,-,-,-,-,-,-,-,-,-,-,-,-,-,-,-,-,-,-,-,-,-,-,-,-,-,0,9,0,0,0,0.00,0.00,0.00,,0.00,0,0
54,,04983/25-26,Demo-Demo-WO-CA-SH-HS-RF-01233-0326,Woven,market lmtd,19/03/26,299.00,2000,0,0,0,Yes,True,360000.00,,Ananya Ghosh,31/05/26,0,2,1,Yes,No,1,1,,2000,0,0,0,-,-,-,-,-,-,-,,-,-,-,-,-,-,-,-,-,-,-,-,-,-,-,-,-,-,-,-,-,-,-,-,-,-,-,-,-,-,-,-,-,-,-,-,-,-,-,-,-,-,-,-,-,-,-,-,-,-,-,-,-,-,-,-,-,-,-,-,-,-,-,-,-,-,-,-,-,-,-,0,0,0,0,0,0.00,0.00,0.00,,0.00,0,0
54,,04986/25-26,Demo-Demo-WO-CA-SH-HS-RF-01236-0326,Woven,market lmtd,19/03/26,299.00,2000,0,0,0,Yes,True,360000.00,,Ananya Ghosh,31/05/26,0,2,1,Yes,No,1,1,,2000,0,0,0,-,-,-,-,-,-,-,,-,-,-,-,-,-,-,-,-,-,-,-,-,-,-,-,-,-,-,-,-,-,-,-,-,-,-,-,-,-,-,-,-,-,-,-,-,-,-,-,-,-,-,-,-,-,-,-,-,-,-,-,-,-,-,-,-,-,-,-,-,-,-,-,-,-,-,-,-,-,-,0,0,0,0,0,0.00,0.00,0.00,,0.00,0,0
-14,,04992/25-26,ME-UP-HS-R/N-3740-0326,Knits - Men,HOME2,19/03/26,0.00,10,10,0,0,Yes,True,2500.00,,Pratima Banerjee,24/03/26,1,1,,No,No,,0,,10,0,0,0,,,,3.5,,,,0.292,,,,1225,,,,12.00,12.00,24/03/2026,24/03/2026,12.00,"KNITS CUTTING (BLOCK- 4, 1ST FLOOR)",0,1,-,-,-,-,-,-,0,0,-,-,-,-,-,-,0,0,-,-,-,-,-,-,0,0,-,-,-,-,-,-,0,0,-,-,-,-,-,-,0,0,-,-,-,-,-,-,0,0,-,-,-,-,-,-,0,0,0,0,0,1,-1,1225.00,12.00,1237.00,103.08,0.00,-1237.00,0
54,,04989/25-26,Demo-Demo-WO-CA-SH-HS-RF-01239-0326,Woven,market lmtd,19/03/26,299.00,1998,0,0,0,Yes,True,359640.00,,Ananya Ghosh,31/05/26,0,2,1,Yes,No,1,1,,1998,0,0,0,-,-,-,-,-,-,-,,-,-,-,-,-,-,-,-,-,-,-,-,-,-,-,-,-,-,-,-,-,-,-,-,-,-,-,-,-,-,-,-,-,-,-,-,-,-,-,-,-,-,-,-,-,-,-,-,-,-,-,-,-,-,-,-,-,-,-,-,-,-,-,-,-,-,-,-,-,-,-,0,0,0,0,0,0.00,0.00,0.00,,0.00,0,0
46,,04976/25-26,TT-Demo-WO-CA-SH-HS-RF-01227-0326,Woven,kolkata 2,19/03/26,499.00,18000,0,0,0,Yes,True,4320000.00,,Md Shahzada,23/05/26,0,1,5,No,Yes,5,0,,18000,0,0,0,-,-,-,-,-,-,-,,-,-,-,-,-,-,-,-,-,-,-,-,-,-,-,-,-,-,-,-,-,-,-,-,-,-,-,-,-,-,-,-,-,-,-,-,-,-,-,-,-,-,-,-,-,-,-,-,-,-,-,-,-,-,-,-,-,-,-,-,-,-,-,-,-,-,-,-,-,-,-,0,6,0,0,0,0.00,0.00,0.00,,0.00,0,0
32,,04959/25-26,TT-JB-WO-CA-SH-HS-RF-01217-0326,Woven,kolkata 2,19/03/26,299.00,25523,0,0,0,Yes,True,4007111.00,,Md Shahzada,09/05/26,0,1,0,Yes,Yes,0,0,,25523,0,0,0,-,-,-,-,-,-,-,,-,-,-,-,-,-,-,-,-,-,-,-,-,-,-,-,-,-,-,-,-,-,-,-,-,-,-,-,-,-,-,-,-,-,-,-,-,-,-,-,-,-,-,-,-,-,-,-,-,-,-,-,-,-,-,-,-,-,-,-,-,-,-,-,-,-,-,-,-,-,-,0,0,0,0,0,0.00,0.00,0.00,,0.00,0,0
50,,04967/25-26,TT-JB-WO-CA-SH-HS-RF-01225-0326,Woven,kolkata 2,19/03/26,299.00,15503,0,0,0,Yes,True,2480480.00,,Md Shahzada,27/05/26,0,1,8,Yes,Yes,8,16,,15503,0,0,0,-,-,-,-,-,-,-,,-,-,-,-,-,-,-,-,-,-,-,-,-,-,-,-,-,-,-,-,-,-,-,-,-,-,-,-,-,-,-,-,-,-,-,-,-,-,-,-,-,-,-,-,-,-,-,-,-,-,-,-,-,-,-,-,-,-,-,-,-,-,-,-,-,-,-,-,-,-,-,0,0,0,0,0,0.00,0.00,0.00,,0.00,0,0
84,,04970/25-26,SS-JR-UP-HS-3734-0326,Knits - Kids,Shpping lmtd,19/03/26,199.00,2400,0,0,0,Yes,True,211200.00,,RIA PAUL,30/06/26,0,1,1,Yes,Yes,1,13,,2400,0,0,0,-,-,-,-,-,-,-,,-,-,-,-,-,-,-,-,-,-,-,-,-,-,-,-,-,-,-,-,-,-,-,-,-,-,-,-,-,-,-,-,-,-,-,-,-,-,-,-,-,-,-,-,-,-,-,-,-,-,-,-,-,-,-,-,-,-,-,-,-,-,-,-,-,-,-,-,-,-,-,0,9,0,0,0,0.00,0.00,0.00,,0.00,0,0
84,,04973/25-26,SS-JR-UP-HS-3737-0326,Knits - Kids,Shpping lmtd,19/03/26,199.00,1600,0,0,0,Yes,True,140800.00,,RIA PAUL,30/06/26,0,1,1,Yes,Yes,1,13,,1600,0,0,0,-,-,-,-,-,-,-,,-,-,-,-,-,-,-,-,-,-,-,-,-,-,-,-,-,-,-,-,-,-,-,-,-,-,-,-,-,-,-,-,-,-,-,-,-,-,-,-,-,-,-,-,-,-,-,-,-,-,-,-,-,-,-,-,-,-,-,-,-,-,-,-,-,-,-,-,-,-,-,0,9,0,0,0,0.00,0.00,0.00,,0.00,0,0
54,,04988/25-26,Demo-Demo-WO-CA-SH-HS-RF-01238-0326,Woven,market lmtd,19/03/26,299.00,2000,0,0,0,Yes,True,360000.00,,Ananya Ghosh,31/05/26,0,2,1,Yes,No,1,1,,2000,0,0,0,-,-,-,-,-,-,-,,-,-,-,-,-,-,-,-,-,-,-,-,-,-,-,-,-,-,-,-,-,-,-,-,-,-,-,-,-,-,-,-,-,-,-,-,-,-,-,-,-,-,-,-,-,-,-,-,-,-,-,-,-,-,-,-,-,-,-,-,-,-,-,-,-,-,-,-,-,-,-,0,0,0,0,0,0.00,0.00,0.00,,0.00,0,0
54,,04980/25-26,Demo-Demo-WO-CA-SH-HS-RF-01230-0326,Woven,market lmtd,19/03/26,299.00,2000,0,0,0,Yes,True,360000.00,,Ananya Ghosh,31/05/26,0,2,1,Yes,No,1,1,,2000,0,0,0,-,-,-,-,-,-,-,,-,-,-,-,-,-,-,-,-,-,-,-,-,-,-,-,-,-,-,-,-,-,-,-,-,-,-,-,-,-,-,-,-,-,-,-,-,-,-,-,-,-,-,-,-,-,-,-,-,-,-,-,-,-,-,-,-,-,-,-,-,-,-,-,-,-,-,-,-,-,-,0,0,0,0,0,0.00,0.00,0.00,,0.00,0,0
54,,04991/25-26,Demo-Demo-WO-CA-SH-HS-RF-01241-0326,Woven,market lmtd,19/03/26,299.00,2000,0,0,0,Yes,True,360000.00,,Ananya Ghosh,31/05/26,0,2,1,Yes,No,1,1,,2000,0,0,0,-,-,-,-,-,-,-,,-,-,-,-,-,-,-,-,-,-,-,-,-,-,-,-,-,-,-,-,-,-,-,-,-,-,-,-,-,-,-,-,-,-,-,-,-,-,-,-,-,-,-,-,-,-,-,-,-,-,-,-,-,-,-,-,-,-,-,-,-,-,-,-,-,-,-,-,-,-,-,0,0,0,0,0,0.00,0.00,0.00,,0.00,0,0
69,,05004/25-26,Demo-IB-SET-HS-3744-0326,Knits - Kids,Style fashion,20/03/26,0.00,2100,0,0,0,Yes,True,262500.00,,SAYANTANI NANDI,15/06/26,0,2,,No,No,,0,,2100,0,0,0,-,-,-,-,-,-,-,,-,-,-,-,-,-,-,-,-,-,-,-,-,-,-,-,-,-,-,-,-,-,-,-,-,-,-,-,-,-,-,-,-,-,-,-,-,-,-,-,-,-,-,-,-,-,-,-,-,-,-,-,-,-,-,-,-,-,-,-,-,-,-,-,-,-,-,-,-,-,-,0,0,0,0,0,0.00,0.00,0.00,,0.00,0,0
43,,04993/25-26,Demo-JB-UP-HS-3760-0326,Knits - Kids,Opee,20/03/26,280.00,2400,2400,0,0,Yes,True,324000.00,,Kausik Mitra,20/05/26,1,1,0,Yes,Yes,0,0,,2400,0,0,0,-,-,-,-,-,-,-,,-,-,-,-,-,-,-,-,-,-,-,-,-,-,-,-,-,-,-,-,-,-,-,-,-,-,-,-,-,-,-,-,-,-,-,-,-,-,-,-,-,-,-,-,-,-,-,-,-,-,-,-,-,-,-,-,-,-,-,-,-,-,-,-,-,-,-,-,-,-,-,0,0,0,0,0,0.00,0.00,0.00,,83.90,0,0
69,,05001/25-26,Demo-IB-SET-HS-3741-0326,Knits - Kids,Style fashion,20/03/26,0.00,2100,0,0,0,Yes,True,262500.00,,SAYANTANI NANDI,15/06/26,0,2,,No,No,,0,,2100,0,0,0,-,-,-,-,-,-,-,,-,-,-,-,-,-,-,-,-,-,-,-,-,-,-,-,-,-,-,-,-,-,-,-,-,-,-,-,-,-,-,-,-,-,-,-,-,-,-,-,-,-,-,-,-,-,-,-,-,-,-,-,-,-,-,-,-,-,-,-,-,-,-,-,-,-,-,-,-,-,-,0,0,0,0,0,0.00,0.00,0.00,,0.00,0,0
43,,04996/25-26,Demo-Demo-UP-HS-3763-0326,Knits - Kids,Opee,20/03/26,340.00,2400,2400,0,0,Yes,True,391200.00,,Kausik Mitra,20/05/26,1,1,0,Yes,Yes,0,0,,2400,0,0,0,-,-,-,-,-,-,-,,-,-,-,-,-,-,-,-,-,-,-,-,-,-,-,-,-,-,-,-,-,-,-,-,-,-,-,-,-,-,-,-,-,-,-,-,-,-,-,-,-,-,-,-,-,-,-,-,-,-,-,-,-,-,-,-,-,-,-,-,-,-,-,-,-,-,-,-,-,-,-,0,0,0,0,0,0.00,0.00,0.00,,108.20,0,0
69,,05005/25-26,Demo-IB-SET-HS-3745-0326,Knits - Kids,Style fashion,20/03/26,0.00,2100,0,0,0,Yes,True,262500.00,,SAYANTANI NANDI,15/06/26,0,2,,No,No,,0,,2100,0,0,0,-,-,-,-,-,-,-,,-,-,-,-,-,-,-,-,-,-,-,-,-,-,-,-,-,-,-,-,-,-,-,-,-,-,-,-,-,-,-,-,-,-,-,-,-,-,-,-,-,-,-,-,-,-,-,-,-,-,-,-,-,-,-,-,-,-,-,-,-,-,-,-,-,-,-,-,-,-,-,0,0,0,0,0,0.00,0.00,0.00,,0.00,0,0
38,,05002/25-26,Demo-IB-SET-HS-3742-0326,Knits - Kids,Style fashion,20/03/26,0.00,2100,0,0,0,Yes,True,262500.00,,SAYANTANI NANDI,15/05/26,0,2,,No,No,,0,,2100,0,0,0,-,-,-,-,-,-,-,,-,-,-,-,-,-,-,-,-,-,-,-,-,-,-,-,-,-,-,-,-,-,-,-,-,-,-,-,-,-,-,-,-,-,-,-,-,-,-,-,-,-,-,-,-,-,-,-,-,-,-,-,-,-,-,-,-,-,-,-,-,-,-,-,-,-,-,-,-,-,-,0,0,0,0,0,0.00,0.00,0.00,,0.00,0,0
43,,04999/25-26,Demo-JG-UP-HS-3766-0326,Knits - Kids,Opee,20/03/26,280.00,2400,2400,0,0,Yes,True,324000.00,,Kausik Mitra,20/05/26,1,1,0,Yes,Yes,0,0,,2400,0,0,0,-,-,-,-,-,-,-,,-,-,-,-,-,-,-,-,-,-,-,-,-,-,-,-,-,-,-,-,-,-,-,-,-,-,-,-,-,-,-,-,-,-,-,-,-,-,-,-,-,-,-,-,-,-,-,-,-,-,-,-,-,-,-,-,-,-,-,-,-,-,-,-,-,-,-,-,-,-,-,0,0,0,0,0,0.00,0.00,0.00,,82.55,0,0
43,,04995/25-26,Demo-JB-UP-HS-3762-0326,Knits - Kids,Opee,20/03/26,280.00,2400,2400,0,0,Yes,True,324000.00,,Kausik Mitra,20/05/26,1,1,0,Yes,Yes,0,0,,2400,0,0,0,-,-,-,-,-,-,-,,-,-,-,-,-,-,-,-,-,-,-,-,-,-,-,-,-,-,-,-,-,-,-,-,-,-,-,-,-,-,-,-,-,-,-,-,-,-,-,-,-,-,-,-,-,-,-,-,-,-,-,-,-,-,-,-,-,-,-,-,-,-,-,-,-,-,-,-,-,-,-,0,0,0,0,0,0.00,0.00,0.00,,83.90,0,0
43,,04998/25-26,Demo-SG-UP-HS-3765-0326,Knits - Kids,Opee,20/03/26,340.00,2400,2400,0,0,Yes,True,391200.00,,Kausik Mitra,20/05/26,1,1,0,Yes,Yes,0,0,,2400,0,0,0,-,-,-,-,-,-,-,,-,-,-,-,-,-,-,-,-,-,-,-,-,-,-,-,-,-,-,-,-,-,-,-,-,-,-,-,-,-,-,-,-,-,-,-,-,-,-,-,-,-,-,-,-,-,-,-,-,-,-,-,-,-,-,-,-,-,-,-,-,-,-,-,-,-,-,-,-,-,-,0,0,0,0,0,0.00,0.00,0.00,,106.18,0,0
43,,04994/25-26,Demo-Demo-UP-HS-3761-0326,Knits - Kids,Opee,20/03/26,340.00,2400,2400,0,0,Yes,True,391200.00,,Kausik Mitra,20/05/26,1,1,0,Yes,Yes,0,0,,2400,0,0,0,-,-,-,-,-,-,-,,-,-,-,-,-,-,-,-,-,-,-,-,-,-,-,-,-,-,-,-,-,-,-,-,-,-,-,-,-,-,-,-,-,-,-,-,-,-,-,-,-,-,-,-,-,-,-,-,-,-,-,-,-,-,-,-,-,-,-,-,-,-,-,-,-,-,-,-,-,-,-,0,0,0,0,0,0.00,0.00,0.00,,108.20,0,0
43,,05000/25-26,Demo-SG-UP-HS-3767-0326,Knits - Kids,Opee,20/03/26,340.00,2400,2400,0,0,Yes,True,391200.00,,Kausik Mitra,20/05/26,1,1,0,Yes,Yes,0,0,,2400,0,0,0,-,-,-,-,-,-,-,,-,-,-,-,-,-,-,-,-,-,-,-,-,-,-,-,-,-,-,-,-,-,-,-,-,-,-,-,-,-,-,-,-,-,-,-,-,-,-,-,-,-,-,-,-,-,-,-,-,-,-,-,-,-,-,-,-,-,-,-,-,-,-,-,-,-,-,-,-,-,-,0,0,0,0,0,0.00,0.00,0.00,,106.18,0,0
43,,04997/25-26,Demo-JG-UP-HS-3764-0326,Knits - Kids,Opee,20/03/26,280.00,2400,2400,0,0,Yes,True,324000.00,,Kausik Mitra,20/05/26,1,1,0,Yes,Yes,0,0,,2400,0,0,0,-,-,-,-,-,-,-,,-,-,-,-,-,-,-,-,-,-,-,-,-,-,-,-,-,-,-,-,-,-,-,-,-,-,-,-,-,-,-,-,-,-,-,-,-,-,-,-,-,-,-,-,-,-,-,-,-,-,-,-,-,-,-,-,-,-,-,-,-,-,-,-,-,-,-,-,-,-,-,0,0,0,0,0,0.00,0.00,0.00,,82.55,0,0
38,,05003/25-26,Demo-IB-SET-HS-3743-0326,Knits - Kids,Style fashion,20/03/26,0.00,2100,0,0,0,Yes,True,262500.00,,SAYANTANI NANDI,15/05/26,0,2,,No,No,,0,,2100,0,0,0,-,-,-,-,-,-,-,,-,-,-,-,-,-,-,-,-,-,-,-,-,-,-,-,-,-,-,-,-,-,-,-,-,-,-,-,-,-,-,-,-,-,-,-,-,-,-,-,-,-,-,-,-,-,-,-,-,-,-,-,-,-,-,-,-,-,-,-,-,-,-,-,-,-,-,-,-,-,-,0,0,0,0,0,0.00,0.00,0.00,,0.00,0,0
99,,05008/25-26,Demo-IB-UP-FS-3747-0326,Knits - Kids,Style fashion,21/03/26,0.00,2400,0,0,0,Yes,True,2400.00,,SAYANTANI NANDI,15/07/26,0,1,,No,No,,0,,2400,0,0,0,-,-,-,-,-,-,-,,-,-,-,-,-,-,-,-,-,-,-,-,-,-,-,-,-,-,-,-,-,-,-,-,-,-,-,-,-,-,-,-,-,-,-,-,-,-,-,-,-,-,-,-,-,-,-,-,-,-,-,-,-,-,-,-,-,-,-,-,-,-,-,-,-,-,-,-,-,-,-,0,0,0,0,0,0.00,0.00,0.00,,0.00,0,0
99,,05014/25-26,Demo-IB-UP-FS-3753-0326,Knits - Kids,Style fashion,21/03/26,0.00,1800,0,0,0,Yes,True,1800.00,,SAYANTANI NANDI,15/07/26,0,1,,No,No,,0,,1800,0,0,0,-,-,-,-,-,-,-,,-,-,-,-,-,-,-,-,-,-,-,-,-,-,-,-,-,-,-,-,-,-,-,-,-,-,-,-,-,-,-,-,-,-,-,-,-,-,-,-,-,-,-,-,-,-,-,-,-,-,-,-,-,-,-,-,-,-,-,-,-,-,-,-,-,-,-,-,-,-,-,0,0,0,0,0,0.00,0.00,0.00,,0.00,0,0
99,,05011/25-26,Demo-IB-SET-FS-3750-0326,Knits - Kids,Style fashion,21/03/26,0.00,2400,0,0,0,Yes,True,2400.00,,SAYANTANI NANDI,15/07/26,0,2,,No,No,,0,,2400,0,0,0,-,-,-,-,-,-,-,,-,-,-,-,-,-,-,-,-,-,-,-,-,-,-,-,-,-,-,-,-,-,-,-,-,-,-,-,-,-,-,-,-,-,-,-,-,-,-,-,-,-,-,-,-,-,-,-,-,-,-,-,-,-,-,-,-,-,-,-,-,-,-,-,-,-,-,-,-,-,-,0,0,0,0,0,0.00,0.00,0.00,,0.00,0,0
99,,05009/25-26,Demo-IB-UP-FS-3748-0326,Knits - Kids,Style fashion,21/03/26,0.00,2400,0,0,0,Yes,True,2400.00,,SAYANTANI NANDI,15/07/26,0,1,,No,No,,0,,2400,0,0,0,-,-,-,-,-,-,-,,-,-,-,-,-,-,-,-,-,-,-,-,-,-,-,-,-,-,-,-,-,-,-,-,-,-,-,-,-,-,-,-,-,-,-,-,-,-,-,-,-,-,-,-,-,-,-,-,-,-,-,-,-,-,-,-,-,-,-,-,-,-,-,-,-,-,-,-,-,-,-,0,0,0,0,0,0.00,0.00,0.00,,0.00,0,0
99,,05007/25-26,Demo-IB-UP-FS-3746-0326,Knits - Kids,Style fashion,21/03/26,0.00,2100,0,0,0,Yes,True,2100.00,,SAYANTANI NANDI,15/07/26,0,2,,No,No,,0,,2100,0,0,0,-,-,-,-,-,-,-,,-,-,-,-,-,-,-,-,-,-,-,-,-,-,-,-,-,-,-,-,-,-,-,-,-,-,-,-,-,-,-,-,-,-,-,-,-,-,-,-,-,-,-,-,-,-,-,-,-,-,-,-,-,-,-,-,-,-,-,-,-,-,-,-,-,-,-,-,-,-,-,0,0,0,0,0,0.00,0.00,0.00,,0.00,0,0
99,,05010/25-26,Demo-IB-SET-FS-3749-0326,Knits - Kids,Style fashion,21/03/26,0.00,2400,0,0,0,Yes,True,2400.00,,SAYANTANI NANDI,15/07/26,0,2,,No,No,,0,,2400,0,0,0,-,-,-,-,-,-,-,,-,-,-,-,-,-,-,-,-,-,-,-,-,-,-,-,-,-,-,-,-,-,-,-,-,-,-,-,-,-,-,-,-,-,-,-,-,-,-,-,-,-,-,-,-,-,-,-,-,-,-,-,-,-,-,-,-,-,-,-,-,-,-,-,-,-,-,-,-,-,-,0,0,0,0,0,0.00,0.00,0.00,,0.00,0,0
99,,05013/25-26,Demo-IB-UP-FS-3752-0326,Knits - Kids,Style fashion,21/03/26,0.00,1800,0,0,0,Yes,True,1800.00,,SAYANTANI NANDI,15/07/26,0,1,,No,No,,0,,1800,0,0,0,-,-,-,-,-,-,-,,-,-,-,-,-,-,-,-,-,-,-,-,-,-,-,-,-,-,-,-,-,-,-,-,-,-,-,-,-,-,-,-,-,-,-,-,-,-,-,-,-,-,-,-,-,-,-,-,-,-,-,-,-,-,-,-,-,-,-,-,-,-,-,-,-,-,-,-,-,-,-,0,0,0,0,0,0.00,0.00,0.00,,0.00,0,0
99,,05015/25-26,Demo-IB-UP-FS-3754-0326,Knits - Kids,Style fashion,21/03/26,0.00,1800,0,0,0,Yes,True,1800.00,,SAYANTANI NANDI,15/07/26,0,1,,No,No,,0,,1800,0,0,0,-,-,-,-,-,-,-,,-,-,-,-,-,-,-,-,-,-,-,-,-,-,-,-,-,-,-,-,-,-,-,-,-,-,-,-,-,-,-,-,-,-,-,-,-,-,-,-,-,-,-,-,-,-,-,-,-,-,-,-,-,-,-,-,-,-,-,-,-,-,-,-,-,-,-,-,-,-,-,0,0,0,0,0,0.00,0.00,0.00,,0.00,0,0
99,,05012/25-26,Demo-IB-SET-FS-3751-0326,Knits - Kids,Style fashion,21/03/26,0.00,2400,0,0,0,Yes,True,2400.00,,SAYANTANI NANDI,15/07/26,0,2,,No,No,,0,,2400,0,0,0,-,-,-,-,-,-,-,,-,-,-,-,-,-,-,-,-,-,-,-,-,-,-,-,-,-,-,-,-,-,-,-,-,-,-,-,-,-,-,-,-,-,-,-,-,-,-,-,-,-,-,-,-,-,-,-,-,-,-,-,-,-,-,-,-,-,-,-,-,-,-,-,-,-,-,-,-,-,-,0,0,0,0,0,0.00,0.00,0.00,,0.00,0,0
38,,05023/25-26,Demo-JB-WO-CA-SH-HS-RF-01249-0326,Woven,market lmtd,23/03/26,249.00,2400,0,0,0,Yes,True,376800.00,,Ananya Ghosh,15/05/26,0,2,2,Yes,No,2,2,,2400,0,0,0,-,-,-,-,-,-,-,,-,-,-,-,-,-,-,-,-,-,-,-,-,-,-,-,-,-,-,-,-,-,-,-,-,-,-,-,-,-,-,-,-,-,-,-,-,-,-,-,-,-,-,-,-,-,-,-,-,-,-,-,-,-,-,-,-,-,-,-,-,-,-,-,-,-,-,-,-,-,-,0,0,0,0,0,0.00,0.00,0.00,,0.00,0,0
3,,05029/25-26,Demo-JB-WO-CA-SH-HS-RF-01259-0326,Woven,market lmtd,23/03/26,199.00,800,800,0,0,Yes,True,97600.00,,Ananya Ghosh,10/04/26,1,1,5,No,Yes,5,0,,800,0,0,0,-,-,-,-,-,-,-,,-,-,-,-,-,-,-,-,-,-,-,-,-,-,-,-,-,-,-,-,-,-,-,-,-,-,-,-,-,-,-,-,-,-,-,-,-,-,-,-,-,-,-,-,-,-,-,-,-,-,-,-,-,-,-,-,-,-,-,-,-,-,-,-,-,-,-,-,-,-,-,0,0,0,0,0,0.00,0.00,0.00,,0.00,0,0
38,,05026/25-26,Demo-JB-WO-CA-SH-HS-RF-01252-0326,Woven,market lmtd,23/03/26,249.00,2400,0,0,0,Yes,True,376800.00,,Ananya Ghosh,15/05/26,0,2,2,Yes,No,2,2,,2400,0,0,0,-,-,-,-,-,-,-,,-,-,-,-,-,-,-,-,-,-,-,-,-,-,-,-,-,-,-,-,-,-,-,-,-,-,-,-,-,-,-,-,-,-,-,-,-,-,-,-,-,-,-,-,-,-,-,-,-,-,-,-,-,-,-,-,-,-,-,-,-,-,-,-,-,-,-,-,-,-,-,0,0,0,0,0,0.00,0.00,0.00,,0.00,0,0
38,,05020/25-26,Demo-JB-WO-CA-SH-HS-RF-01246-0326,Woven,market lmtd,23/03/26,249.00,2400,0,0,0,Yes,True,376800.00,,Ananya Ghosh,15/05/26,0,2,,No,No,,0,,2400,0,0,0,-,-,-,-,-,-,-,,-,-,-,-,-,-,-,-,-,-,-,-,-,-,-,-,-,-,-,-,-,-,-,-,-,-,-,-,-,-,-,-,-,-,-,-,-,-,-,-,-,-,-,-,-,-,-,-,-,-,-,-,-,-,-,-,-,-,-,-,-,-,-,-,-,-,-,-,-,-,-,0,0,0,0,0,0.00,0.00,0.00,,0.00,0,0
3,,05032/25-26,Demo-JB-WO-CA-SH-HS-RF-012562-0326,Woven,market lmtd,23/03/26,199.00,1200,1200,0,0,Yes,True,146400.00,,Ananya Ghosh,10/04/26,1,1,5,No,Yes,5,0,,1200,0,0,0,640,,,,,,,0.097,1448,,,22800,,,,1200.00,616.00,03/04/2026,03/04/2026,1848.00,DILIP,584,1,-,-,-,-,-,-,0,0,-,-,-,-,-,-,0,0,616.00,0.00,03/04/2026,-,-,SABIR GARMENTS AND TAILORS,616,5,-,-,-,-,-,-,0,0,-,-,-,-,-,-,0,0,-,-,-,-,-,-,0,0,-,-,-,-,-,-,0,0,0,0,0,6,-6,24248.00,1848.00,26096.00,42.36,0.00,-26096.00,0
38,,05018/25-26,Demo-JB-WO-CA-SH-HS-RF-01244-0326,Woven,market lmtd,23/03/26,249.00,2400,0,0,0,Yes,True,376800.00,,Ananya Ghosh,15/05/26,0,2,2,Yes,No,2,2,,2400,0,0,0,-,-,-,-,-,-,-,,-,-,-,-,-,-,-,-,-,-,-,-,-,-,-,-,-,-,-,-,-,-,-,-,-,-,-,-,-,-,-,-,-,-,-,-,-,-,-,-,-,-,-,-,-,-,-,-,-,-,-,-,-,-,-,-,-,-,-,-,-,-,-,-,-,-,-,-,-,-,-,0,0,0,0,0,0.00,0.00,0.00,,0.00,0,0
38,,05021/25-26,Demo-JB-WO-CA-SH-HS-RF-01247-0326,Woven,market lmtd,23/03/26,249.00,2400,0,0,0,Yes,True,376800.00,,Ananya Ghosh,15/05/26,0,2,2,Yes,No,2,2,,2400,0,0,0,-,-,-,-,-,-,-,,-,-,-,-,-,-,-,-,-,-,-,-,-,-,-,-,-,-,-,-,-,-,-,-,-,-,-,-,-,-,-,-,-,-,-,-,-,-,-,-,-,-,-,-,-,-,-,-,-,-,-,-,-,-,-,-,-,-,-,-,-,-,-,-,-,-,-,-,-,-,-,0,0,0,0,0,0.00,0.00,0.00,,0.00,0,0
38,,05027/25-26,Demo-JB-WO-CA-SH-HS-RF-01253-0326,Woven,market lmtd,23/03/26,249.00,2400,0,0,0,Yes,True,376800.00,,Ananya Ghosh,15/05/26,0,2,2,Yes,No,2,2,,2400,0,0,0,-,-,-,-,-,-,-,,-,-,-,-,-,-,-,-,-,-,-,-,-,-,-,-,-,-,-,-,-,-,-,-,-,-,-,-,-,-,-,-,-,-,-,-,-,-,-,-,-,-,-,-,-,-,-,-,-,-,-,-,-,-,-,-,-,-,-,-,-,-,-,-,-,-,-,-,-,-,-,0,0,0,0,0,0.00,0.00,0.00,,0.00,0,0
38,,05024/25-26,Demo-JB-WO-CA-SH-HS-RF-01250-0326,Woven,market lmtd,23/03/26,249.00,2400,0,0,0,Yes,True,376800.00,,Ananya Ghosh,15/05/26,0,2,2,Yes,No,2,2,,2400,0,0,0,-,-,-,-,-,-,-,,-,-,-,-,-,-,-,-,-,-,-,-,-,-,-,-,-,-,-,-,-,-,-,-,-,-,-,-,-,-,-,-,-,-,-,-,-,-,-,-,-,-,-,-,-,-,-,-,-,-,-,-,-,-,-,-,-,-,-,-,-,-,-,-,-,-,-,-,-,-,-,0,0,0,0,0,0.00,0.00,0.00,,0.00,0,0
3,,05038/25-26,Demo-JB-WO-CA-SH-HS-RF-01258-0326,Woven,market lmtd,23/03/26,199.00,998,0,0,0,Yes,True,121756.00,,Ananya Ghosh,10/04/26,0,1,1,No,Yes,1,0,,998,0,0,0,-,-,-,-,-,-,-,,-,-,-,-,-,-,-,-,-,-,-,-,-,-,-,-,-,-,-,-,-,-,-,-,-,-,-,-,-,-,-,-,-,-,-,-,-,-,-,-,-,-,-,-,-,-,-,-,-,-,-,-,-,-,-,-,-,-,-,-,-,-,-,-,-,-,-,-,-,-,-,0,8,0,0,0,0.00,0.00,0.00,,0.00,0,0
3,,05035/25-26,Demo-JB-WO-CA-SH-HS-RF-01256-0326,Woven,market lmtd,23/03/26,199.00,1600,0,0,0,Yes,True,195200.00,,Ananya Ghosh,10/04/26,0,1,1,No,Yes,1,0,,1600,0,0,0,-,-,-,-,-,-,-,,-,-,-,-,-,-,-,-,-,-,-,-,-,-,-,-,-,-,-,-,-,-,-,-,-,-,-,-,-,-,-,-,-,-,-,-,-,-,-,-,-,-,-,-,-,-,-,-,-,-,-,-,-,-,-,-,-,-,-,-,-,-,-,-,-,-,-,-,-,-,-,0,8,0,0,0,0.00,0.00,0.00,,0.00,0,0
38,,05017/25-26,Demo-JB-WO-CA-SH-HS-RF-01243-0326,Woven,market lmtd,23/03/26,249.00,2400,0,0,0,Yes,True,376800.00,,Ananya Ghosh,15/05/26,0,2,2,Yes,No,2,2,,2400,0,0,0,-,-,-,-,-,-,-,,-,-,-,-,-,-,-,-,-,-,-,-,-,-,-,-,-,-,-,-,-,-,-,-,-,-,-,-,-,-,-,-,-,-,-,-,-,-,-,-,-,-,-,-,-,-,-,-,-,-,-,-,-,-,-,-,-,-,-,-,-,-,-,-,-,-,-,-,-,-,-,0,0,0,0,0,0.00,0.00,0.00,,0.00,0,0
1,,05028/25-26,Demo-JB-WO-CA-SH-HS-RF-01254-0326,Woven,market lmtd,23/03/26,199.00,1500,0,0,0,Yes,True,183000.00,,Ananya Ghosh,08/04/26,0,1,1,No,Yes,1,0,,1500,0,0,0,-,-,-,-,-,-,-,,-,-,-,-,-,-,-,-,-,-,-,-,-,-,-,-,-,-,-,-,-,-,-,-,-,-,-,-,-,-,-,-,-,-,-,-,-,-,-,-,-,-,-,-,-,-,-,-,-,-,-,-,-,-,-,-,-,-,-,-,-,-,-,-,-,-,-,-,-,-,-,0,8,0,0,0,0.00,0.00,0.00,,0.00,0,0
38,,05025/25-26,Demo-JB-WO-CA-SH-HS-RF-01251-0326,Woven,market lmtd,23/03/26,249.00,2400,0,0,0,Yes,True,376800.00,,Ananya Ghosh,15/05/26,0,2,2,Yes,No,2,2,,2400,0,0,0,-,-,-,-,-,-,-,,-,-,-,-,-,-,-,-,-,-,-,-,-,-,-,-,-,-,-,-,-,-,-,-,-,-,-,-,-,-,-,-,-,-,-,-,-,-,-,-,-,-,-,-,-,-,-,-,-,-,-,-,-,-,-,-,-,-,-,-,-,-,-,-,-,-,-,-,-,-,-,0,0,0,0,0,0.00,0.00,0.00,,0.00,0,0
84,,05034/25-26,HM-IB-HP-3760-0326,Knits - Kids,HOME2,23/03/26,55.00,40000,40000,0,0,Yes,True,1120000.00,,MALOTI RIKIASON,30/06/26,1,1,10,No,Yes,10,0,,40000,0,0,0,232,,,,,,,0,35666.5,,,,,,,40000.00,38570.00,26/03/2026,26/03/2026,38570.00,"KNITS CUTTING (BLOCK- 4, 1ST FLOOR)",1430,1,-,-,-,-,-,-,0,0,-,-,-,-,-,-,0,0,38652.00,5955.00,26/03/2026,04/04/2026,44662.50,"ARCHAIC APPARDemo (PINTU SHEE), DINESH BARUI, HOSSAIN FASHION ( AJIBAR HOSSAIN ), SHIB ENTERPRISE (SHIB SHANKAR GAIN)",32697,9,-,-,-,-,-,-,0,0,-,-,-,-,-,-,0,0,-,-,-,-,-,-,0,0,-,-,-,-,-,-,0,0,0,12,9,10,-1,35666.50,83232.50,118899.00,3.11,0.00,-118899.00,0
3,,05031/25-26,Demo-JB-WO-CA-SH-HS-RF-01261-0326,Woven,market lmtd,23/03/26,199.00,1200,1200,0,0,Yes,True,146400.00,,Ananya Ghosh,10/04/26,1,1,5,No,Yes,5,0,,1200,0,0,0,600,,,,,,,0.106,1416,,,22800,,,,1200.00,568.00,03/04/2026,03/04/2026,1704.00,DILIP,632,1,-,-,-,-,-,-,0,0,-,-,-,-,-,-,0,0,568.00,0.00,03/04/2026,-,-,SABIR GARMENTS AND TAILORS,568,5,-,-,-,-,-,-,0,0,-,-,-,-,-,-,0,0,-,-,-,-,-,-,0,0,-,-,-,-,-,-,0,0,0,0,0,6,-6,24216.00,1704.00,25920.00,45.63,0.00,-25920.00,0
3,,05037/25-26,Demo-JB-WO-CA-SH-HS-RF-01257-0326,Woven,market lmtd,23/03/26,199.00,1400,0,0,0,Yes,True,170800.00,,Ananya Ghosh,10/04/26,0,1,1,No,Yes,1,0,,1400,0,0,0,-,-,-,-,-,-,-,,-,-,-,-,-,-,-,-,-,-,-,-,-,-,-,-,-,-,-,-,-,-,-,-,-,-,-,-,-,-,-,-,-,-,-,-,-,-,-,-,-,-,-,-,-,-,-,-,-,-,-,-,-,-,-,-,-,-,-,-,-,-,-,-,-,-,-,-,-,-,-,0,8,0,0,0,0.00,0.00,0.00,,0.00,0,0
38,,05022/25-26,Demo-JB-WO-CA-SH-HS-RF-01248-0326,Woven,market lmtd,23/03/26,249.00,2400,0,0,0,Yes,True,376800.00,,Ananya Ghosh,15/05/26,0,2,2,Yes,No,2,2,,2400,0,0,0,-,-,-,-,-,-,-,,-,-,-,-,-,-,-,-,-,-,-,-,-,-,-,-,-,-,-,-,-,-,-,-,-,-,-,-,-,-,-,-,-,-,-,-,-,-,-,-,-,-,-,-,-,-,-,-,-,-,-,-,-,-,-,-,-,-,-,-,-,-,-,-,-,-,-,-,-,-,-,0,0,0,0,0,0.00,0.00,0.00,,0.00,0,0
38,,05016/25-26,Demo-JB-WO-CA-SH-HS-RF-01242-0326,Woven,market lmtd,23/03/26,249.00,2400,0,0,0,Yes,True,376800.00,,Ananya Ghosh,15/05/26,0,2,2,Yes,No,2,2,,2400,0,0,0,-,-,-,-,-,-,-,,-,-,-,-,-,-,-,-,-,-,-,-,-,-,-,-,-,-,-,-,-,-,-,-,-,-,-,-,-,-,-,-,-,-,-,-,-,-,-,-,-,-,-,-,-,-,-,-,-,-,-,-,-,-,-,-,-,-,-,-,-,-,-,-,-,-,-,-,-,-,-,0,0,0,0,0,0.00,0.00,0.00,,0.00,0,0
3,,05030/25-26,Demo-JB-WO-CA-SH-HS-RF-01260-0326,Woven,market lmtd,23/03/26,199.00,1800,1800,0,0,Yes,True,219600.00,,Ananya Ghosh,10/04/26,1,1,5,No,Yes,5,0,,1800,0,0,0,-,-,-,-,-,-,-,,-,-,-,-,-,-,-,-,-,-,-,-,-,-,-,-,-,-,-,-,-,-,-,-,-,-,-,-,-,-,-,-,-,-,-,-,-,-,-,-,-,-,-,-,-,-,-,-,-,-,-,-,-,-,-,-,-,-,-,-,-,-,-,-,-,-,-,-,-,-,-,0,0,0,0,0,0.00,0.00,0.00,,0.00,0,0
38,,05019/25-26,Demo-JB-WO-CA-SH-HS-RF-01245-0326,Woven,market lmtd,23/03/26,249.00,2400,0,0,0,Yes,True,376800.00,,Ananya Ghosh,15/05/26,0,2,2,Yes,No,2,2,,2400,0,0,0,-,-,-,-,-,-,-,,-,-,-,-,-,-,-,-,-,-,-,-,-,-,-,-,-,-,-,-,-,-,-,-,-,-,-,-,-,-,-,-,-,-,-,-,-,-,-,-,-,-,-,-,-,-,-,-,-,-,-,-,-,-,-,-,-,-,-,-,-,-,-,-,-,-,-,-,-,-,-,0,0,0,0,0,0.00,0.00,0.00,,0.00,0,0
3,,05033/25-26,Demo-JB-WO-CA-SH-HS-RF-01255-0326,Woven,market lmtd,23/03/26,199.00,1400,0,0,0,Yes,True,170800.00,,Ananya Ghosh,10/04/26,0,1,1,No,Yes,1,0,,1400,0,0,0,-,-,-,-,-,-,-,,-,-,-,-,-,-,-,-,-,-,-,-,-,-,-,-,-,-,-,-,-,-,-,-,-,-,-,-,-,-,-,-,-,-,-,-,-,-,-,-,-,-,-,-,-,-,-,-,-,-,-,-,-,-,-,-,-,-,-,-,-,-,-,-,-,-,-,-,-,-,-,0,8,0,0,0,0.00,0.00,0.00,,0.00,0,0
84,,05036/25-26,HM-JB-HP-3761-0326,Knits - Kids,HOME2,23/03/26,100.00,5000,5000,0,0,Yes,True,325000.00,,MALOTI RIKIASON,30/06/26,1,1,2,No,Yes,2,0,,5000,0,0,0,,,,97,,,,0.144,,,,,,,,5000.00,672.00,27/03/2026,27/03/2026,672.00,"KNITS CUTTING (BLOCK- 4, 1ST FLOOR)",4328,1,-,-,-,-,-,-,0,0,-,-,-,-,-,-,0,0,-,-,-,-,-,-,0,0,-,-,-,-,-,-,0,0,-,-,-,-,-,-,0,0,-,-,-,-,-,-,0,0,-,-,-,-,-,-,0,0,0,11,0,1,-1,0.00,672.00,672.00,1.00,0.00,-672.00,0
115,,05041/25-26,Demo-MU-KN-CA-HS-TS-SF-0165-0326,Knits - Men,HOME2,24/03/26,249.00,2400,2400,0,0,Yes,True,348000.00,,Priya Das Chowdhury,31/07/26,1,1,6,No,Yes,6,0,,2400,0,0,0,7400,,,,,,,,3138,,,262338.9,,,,2400.00,0.00,26/03/2026,-,-,KAYA APPARDemoS,2400,13,-,-,-,-,-,-,0,0,-,-,-,-,-,-,0,0,-,-,-,-,-,-,0,0,-,-,-,-,-,-,0,0,-,-,-,-,-,-,0,0,-,-,-,-,-,-,0,0,-,-,-,-,-,-,0,0,0,0,0,13,-13,265476.90,0.00,265476.90,110.62,0.00,-265476.90,0
33,,05042/25-26,Demo-MU-KN-CA-TS-RN-HS-RF-CS-0170-0326,Knits - Men,Dhannu life,24/03/26,0.00,2701,0,0,0,Yes,True,318718.00,,Priya Das Chowdhury,10/05/26,0,1,2,Yes,Yes,2,2,,2701,0,0,0,-,-,-,-,-,-,-,,-,-,-,-,-,-,-,-,-,-,-,-,-,-,-,-,-,-,-,-,-,-,-,-,-,-,-,-,-,-,-,-,-,-,-,-,-,-,-,-,-,-,-,-,-,-,-,-,-,-,-,-,-,-,-,-,-,-,-,-,-,-,-,-,-,-,-,-,-,-,-,0,0,0,0,0,0.00,0.00,0.00,,0.00,0,0
115,,05039/25-26,Demo-MU-KN-CA-HS-TS-SF-0163-0326,Knits - Men,HOME2,24/03/26,249.00,2400,2400,0,0,Yes,True,348000.00,,Priya Das Chowdhury,31/07/26,1,1,10,No,Yes,10,0,,2400,0,0,0,7400,,,,,,,,3138,,,260447.9,,,,2400.00,0.00,26/03/2026,-,-,KAYA APPARDemoS,2400,13,-,-,-,-,-,-,0,0,-,-,-,-,-,-,0,0,-,-,-,-,-,-,0,0,-,-,-,-,-,-,0,0,-,-,-,-,-,-,0,0,-,-,-,-,-,-,0,0,-,-,-,-,-,-,0,0,0,0,0,13,-13,263585.90,0.00,263585.90,109.83,0.00,-263585.90,0
115,,05040/25-26,Demo-MU-KN-CA-HS-TS-SF-0164-0326,Knits - Men,HOME2,24/03/26,249.00,2400,2400,0,0,Yes,True,348000.00,,Priya Das Chowdhury,31/07/26,1,1,10,No,Yes,10,0,,2400,0,0,0,7700,,,,,,,,3438,,,264035.1,,,,2400.00,0.00,26/03/2026,-,-,KAYA APPARDemoS,2400,13,-,-,-,-,-,-,0,0,-,-,-,-,-,-,0,0,-,-,-,-,-,-,0,0,-,-,-,-,-,-,0,0,-,-,-,-,-,-,0,0,-,-,-,-,-,-,0,0,-,-,-,-,-,-,0,0,0,0,0,13,-13,267473.10,0.00,267473.10,111.45,0.00,-267473.10,0
33,,05047/25-26,Demo-MU-KN-CA-TS-RN-HS-RF-CS-0175-0326,Knits - Men,Dhannu life,25/03/26,0.00,2701,0,0,0,Yes,True,318718.00,,Priya Das Chowdhury,10/05/26,0,1,1,Yes,Yes,1,1,,2701,0,0,0,-,-,-,-,-,-,-,,-,-,-,-,-,-,-,-,-,-,-,-,-,-,-,-,-,-,-,-,-,-,-,-,-,-,-,-,-,-,-,-,-,-,-,-,-,-,-,-,-,-,-,-,-,-,-,-,-,-,-,-,-,-,-,-,-,-,-,-,-,-,-,-,-,-,-,-,-,-,-,0,0,0,0,0,0.00,0.00,0.00,,0.00,0,0
48,,05054/25-26,Demo-JB-SET-HS-3804-0326,Knits - Kids,Opee,25/03/26,1.00,1800,0,0,0,Yes,True,450000.00,,Kausik Mitra,25/05/26,0,2,2,Yes,No,2,2,,1800,0,0,0,-,-,-,-,-,-,-,,-,-,-,-,-,-,-,-,-,-,-,-,-,-,-,-,-,-,-,-,-,-,-,-,-,-,-,-,-,-,-,-,-,-,-,-,-,-,-,-,-,-,-,-,-,-,-,-,-,-,-,-,-,-,-,-,-,-,-,-,-,-,-,-,-,-,-,-,-,-,-,0,0,0,0,0,0.00,0.00,0.00,,157.04,0,0
23,,05063/25-26,Demo-MU-KN-CA-TS-RN-HS-RF-CS-0181-0326,Knits - Men,Dhannu life,25/03/26,0.00,2800,0,0,0,Yes,True,294000.00,,Priya Das Chowdhury,30/04/26,0,1,1,Yes,Yes,1,1,,2800,0,0,0,-,-,-,-,-,-,-,,-,-,-,-,-,-,-,-,-,-,-,-,-,-,-,-,-,-,-,-,-,-,-,-,-,-,-,-,-,-,-,-,-,-,-,-,-,-,-,-,-,-,-,-,-,-,-,-,-,-,-,-,-,-,-,-,-,-,-,-,-,-,-,-,-,-,-,-,-,-,-,0,0,0,0,0,0.00,0.00,0.00,,0.00,0,0
48,,05060/25-26,Demo-JG-SET-HS-3810-0326,Knits - Kids,Opee,25/03/26,1.00,1800,0,0,0,Yes,True,450000.00,,Kausik Mitra,25/05/26,0,2,2,Yes,No,2,2,,1800,0,0,0,-,-,-,-,-,-,-,,-,-,-,-,-,-,-,-,-,-,-,-,-,-,-,-,-,-,-,-,-,-,-,-,-,-,-,-,-,-,-,-,-,-,-,-,-,-,-,-,-,-,-,-,-,-,-,-,-,-,-,-,-,-,-,-,-,-,-,-,-,-,-,-,-,-,-,-,-,-,-,0,0,0,0,0,0.00,0.00,0.00,,157.04,0,0
23,,05050/25-26,Demo-MU-KN-CA-TS-RN-HS-RF-CS-0178-0326,Knits - Men,Dhannu life,25/03/26,0.00,2701,0,0,0,Yes,True,318718.00,,Priya Das Chowdhury,30/04/26,0,1,1,Yes,Yes,1,1,,2701,0,0,0,-,-,-,-,-,-,-,,-,-,-,-,-,-,-,-,-,-,-,-,-,-,-,-,-,-,-,-,-,-,-,-,-,-,-,-,-,-,-,-,-,-,-,-,-,-,-,-,-,-,-,-,-,-,-,-,-,-,-,-,-,-,-,-,-,-,-,-,-,-,-,-,-,-,-,-,-,-,-,0,0,0,0,0,0.00,0.00,0.00,,0.00,0,0
23,,05071/25-26,Demo-MU-KN-CA-TS-RN-HS-RF-CS-0189-0326,Knits - Men,Dhannu life,25/03/26,0.00,2800,0,0,0,Yes,True,294000.00,,Priya Das Chowdhury,30/04/26,0,1,1,Yes,Yes,1,1,,2800,0,0,0,-,-,-,-,-,-,-,,-,-,-,-,-,-,-,-,-,-,-,-,-,-,-,-,-,-,-,-,-,-,-,-,-,-,-,-,-,-,-,-,-,-,-,-,-,-,-,-,-,-,-,-,-,-,-,-,-,-,-,-,-,-,-,-,-,-,-,-,-,-,-,-,-,-,-,-,-,-,-,0,0,0,0,0,0.00,0.00,0.00,,0.00,0,0
33,,05044/25-26,Demo-MU-KN-CA-TS-RN-HS-RF-CS-0172-0326,Knits - Men,Dhannu life,25/03/26,0.00,2701,0,0,0,Yes,True,318718.00,,Priya Das Chowdhury,10/05/26,0,1,1,Yes,Yes,1,1,,2701,0,0,0,-,-,-,-,-,-,-,,-,-,-,-,-,-,-,-,-,-,-,-,-,-,-,-,-,-,-,-,-,-,-,-,-,-,-,-,-,-,-,-,-,-,-,-,-,-,-,-,-,-,-,-,-,-,-,-,-,-,-,-,-,-,-,-,-,-,-,-,-,-,-,-,-,-,-,-,-,-,-,0,0,0,0,0,0.00,0.00,0.00,,0.00,0,0
48,,05057/25-26,Demo-Demo-SET-HS-3807-0326,Knits - Kids,Opee,25/03/26,1.00,1800,0,0,0,Yes,True,450000.00,,Kausik Mitra,25/05/26,0,2,2,Yes,No,2,2,,1800,0,0,0,-,-,-,-,-,-,-,,-,-,-,-,-,-,-,-,-,-,-,-,-,-,-,-,-,-,-,-,-,-,-,-,-,-,-,-,-,-,-,-,-,-,-,-,-,-,-,-,-,-,-,-,-,-,-,-,-,-,-,-,-,-,-,-,-,-,-,-,-,-,-,-,-,-,-,-,-,-,-,0,0,0,0,0,0.00,0.00,0.00,,220.40,0,0
14,,05073/25-26,EB-SG-LO-FP-3756-0326,Knits - Kids,intrn lmtd,25/03/26,249.00,1800,0,0,0,Yes,True,243000.00,,MALOTI RIKIASON,21/04/26,0,1,5,Yes,No,5,5,,1800,0,0,0,-,-,-,-,-,-,-,,-,-,-,-,-,-,-,-,-,-,-,-,-,-,-,-,-,-,-,-,-,-,-,-,-,-,-,-,-,-,-,-,-,-,-,-,-,-,-,-,-,-,-,-,-,-,-,-,-,-,-,-,-,-,-,-,-,-,-,-,-,-,-,-,-,-,-,-,-,-,-,0,0,0,0,0,0.00,0.00,0.00,,0.00,0,0
33,,05045/25-26,Demo-MU-KN-CA-TS-RN-HS-RF-CS-0173-0326,Knits - Men,Dhannu life,25/03/26,0.00,2701,0,0,0,Yes,True,318718.00,,Priya Das Chowdhury,10/05/26,0,1,1,Yes,Yes,1,1,,2701,0,0,0,-,-,-,-,-,-,-,,-,-,-,-,-,-,-,-,-,-,-,-,-,-,-,-,-,-,-,-,-,-,-,-,-,-,-,-,-,-,-,-,-,-,-,-,-,-,-,-,-,-,-,-,-,-,-,-,-,-,-,-,-,-,-,-,-,-,-,-,-,-,-,-,-,-,-,-,-,-,-,0,0,0,0,0,0.00,0.00,0.00,,0.00,0,0
48,,05058/25-26,Demo-JG-SET-HS-3808-0326,Knits - Kids,Opee,25/03/26,1.00,1800,0,0,0,Yes,True,450000.00,,Kausik Mitra,25/05/26,0,2,2,Yes,No,2,2,,1800,0,0,0,-,-,-,-,-,-,-,,-,-,-,-,-,-,-,-,-,-,-,-,-,-,-,-,-,-,-,-,-,-,-,-,-,-,-,-,-,-,-,-,-,-,-,-,-,-,-,-,-,-,-,-,-,-,-,-,-,-,-,-,-,-,-,-,-,-,-,-,-,-,-,-,-,-,-,-,-,-,-,0,0,0,0,0,0.00,0.00,0.00,,157.04,0,0
33,,05048/25-26,Demo-MU-KN-CA-TS-RN-HS-RF-CS-0176-0326,Knits - Men,Dhannu life,25/03/26,0.00,2701,0,0,0,Yes,True,318718.00,,Priya Das Chowdhury,10/05/26,0,1,1,Yes,Yes,1,1,,2701,0,0,0,-,-,-,-,-,-,-,,-,-,-,-,-,-,-,-,-,-,-,-,-,-,-,-,-,-,-,-,-,-,-,-,-,-,-,-,-,-,-,-,-,-,-,-,-,-,-,-,-,-,-,-,-,-,-,-,-,-,-,-,-,-,-,-,-,-,-,-,-,-,-,-,-,-,-,-,-,-,-,0,0,0,0,0,0.00,0.00,0.00,,0.00,0,0
48,,05055/25-26,Demo-Demo-SET-HS-3805-0326,Knits - Kids,Opee,25/03/26,1.00,1800,0,0,0,Yes,True,450000.00,,Kausik Mitra,25/05/26,0,2,2,Yes,No,2,2,,1800,0,0,0,-,-,-,-,-,-,-,,-,-,-,-,-,-,-,-,-,-,-,-,-,-,-,-,-,-,-,-,-,-,-,-,-,-,-,-,-,-,-,-,-,-,-,-,-,-,-,-,-,-,-,-,-,-,-,-,-,-,-,-,-,-,-,-,-,-,-,-,-,-,-,-,-,-,-,-,-,-,-,0,0,0,0,0,0.00,0.00,0.00,,220.40,0,0
48,,05052/25-26,Demo-JB-SET-HS-3802-0326,Knits - Kids,Opee,25/03/26,1.00,1800,0,0,0,Yes,True,450000.00,,Kausik Mitra,25/05/26,0,2,1,Yes,No,1,1,,1800,0,0,0,-,-,-,-,-,-,-,,-,-,-,-,-,-,-,-,-,-,-,-,-,-,-,-,-,-,-,-,-,-,-,-,-,-,-,-,-,-,-,-,-,-,-,-,-,-,-,-,-,-,-,-,-,-,-,-,-,-,-,-,-,-,-,-,-,-,-,-,-,-,-,-,-,-,-,-,-,-,-,0,0,0,0,0,0.00,0.00,0.00,,141.00,0,0
48,,05061/25-26,Demo-SG-SET-HS-3811-0326,Knits - Kids,Opee,25/03/26,1.00,1800,0,0,0,Yes,True,450000.00,,Kausik Mitra,25/05/26,0,2,2,Yes,No,2,2,,1800,0,0,0,-,-,-,-,-,-,-,,-,-,-,-,-,-,-,-,-,-,-,-,-,-,-,-,-,-,-,-,-,-,-,-,-,-,-,-,-,-,-,-,-,-,-,-,-,-,-,-,-,-,-,-,-,-,-,-,-,-,-,-,-,-,-,-,-,-,-,-,-,-,-,-,-,-,-,-,-,-,-,0,0,0,0,0,0.00,0.00,0.00,,220.40,0,0
23,,05066/25-26,Demo-MU-KN-CA-TS-RN-HS-RF-CS-0184-0326,Knits - Men,Dhannu life,25/03/26,0.00,2800,0,0,0,Yes,True,294000.00,,Priya Das Chowdhury,30/04/26,0,1,1,Yes,Yes,1,1,,2800,0,0,0,-,-,-,-,-,-,-,,-,-,-,-,-,-,-,-,-,-,-,-,-,-,-,-,-,-,-,-,-,-,-,-,-,-,-,-,-,-,-,-,-,-,-,-,-,-,-,-,-,-,-,-,-,-,-,-,-,-,-,-,-,-,-,-,-,-,-,-,-,-,-,-,-,-,-,-,-,-,-,0,0,0,0,0,0.00,0.00,0.00,,0.00,0,0
23,,05069/25-26,Demo-MU-KN-CA-TS-RN-HS-RF-CS-0187-0326,Knits - Men,Dhannu life,25/03/26,0.00,2800,0,0,0,Yes,True,294000.00,,Priya Das Chowdhury,30/04/26,0,1,1,Yes,Yes,1,1,,2800,0,0,0,-,-,-,-,-,-,-,,-,-,-,-,-,-,-,-,-,-,-,-,-,-,-,-,-,-,-,-,-,-,-,-,-,-,-,-,-,-,-,-,-,-,-,-,-,-,-,-,-,-,-,-,-,-,-,-,-,-,-,-,-,-,-,-,-,-,-,-,-,-,-,-,-,-,-,-,-,-,-,0,0,0,0,0,0.00,0.00,0.00,,0.00,0,0
33,,05046/25-26,Demo-MU-KN-CA-TS-RN-HS-RF-CS-0174-0326,Knits - Men,Dhannu life,25/03/26,0.00,2701,0,0,0,Yes,True,318718.00,,Priya Das Chowdhury,10/05/26,0,1,1,Yes,Yes,1,1,,2701,0,0,0,-,-,-,-,-,-,-,,-,-,-,-,-,-,-,-,-,-,-,-,-,-,-,-,-,-,-,-,-,-,-,-,-,-,-,-,-,-,-,-,-,-,-,-,-,-,-,-,-,-,-,-,-,-,-,-,-,-,-,-,-,-,-,-,-,-,-,-,-,-,-,-,-,-,-,-,-,-,-,0,0,0,0,0,0.00,0.00,0.00,,0.00,0,0
23,,05049/25-26,Demo-MU-KN-CA-TS-RN-HS-RF-CS-0177-0326,Knits - Men,Dhannu life,25/03/26,0.00,2701,0,0,0,Yes,True,318718.00,,Priya Das Chowdhury,30/04/26,0,1,1,Yes,Yes,1,1,,2701,0,0,0,-,-,-,-,-,-,-,,-,-,-,-,-,-,-,-,-,-,-,-,-,-,-,-,-,-,-,-,-,-,-,-,-,-,-,-,-,-,-,-,-,-,-,-,-,-,-,-,-,-,-,-,-,-,-,-,-,-,-,-,-,-,-,-,-,-,-,-,-,-,-,-,-,-,-,-,-,-,-,0,0,0,0,0,0.00,0.00,0.00,,0.00,0,0
48,,05056/25-26,Demo-JB-SET-HS-3806-0326,Knits - Kids,Opee,25/03/26,1.00,1800,0,0,0,Yes,True,450000.00,,Kausik Mitra,25/05/26,0,2,2,Yes,No,2,2,,1800,0,0,0,-,-,-,-,-,-,-,,-,-,-,-,-,-,-,-,-,-,-,-,-,-,-,-,-,-,-,-,-,-,-,-,-,-,-,-,-,-,-,-,-,-,-,-,-,-,-,-,-,-,-,-,-,-,-,-,-,-,-,-,-,-,-,-,-,-,-,-,-,-,-,-,-,-,-,-,-,-,-,0,0,0,0,0,0.00,0.00,0.00,,157.04,0,0
48,,05059/25-26,Demo-SG-SET-HS-3809-0326,Knits - Kids,Opee,25/03/26,1.00,1800,0,0,0,Yes,True,450000.00,,Kausik Mitra,25/05/26,0,2,2,Yes,No,2,2,,1800,0,0,0,-,-,-,-,-,-,-,,-,-,-,-,-,-,-,-,-,-,-,-,-,-,-,-,-,-,-,-,-,-,-,-,-,-,-,-,-,-,-,-,-,-,-,-,-,-,-,-,-,-,-,-,-,-,-,-,-,-,-,-,-,-,-,-,-,-,-,-,-,-,-,-,-,-,-,-,-,-,-,0,0,0,0,0,0.00,0.00,0.00,,220.40,0,0
23,,05062/25-26,Demo-MU-KN-CA-TS-RN-HS-RF-CS-0180-0326,Knits - Men,Dhannu life,25/03/26,0.00,2800,0,0,0,Yes,True,294000.00,,Priya Das Chowdhury,30/04/26,0,1,1,Yes,Yes,1,1,,2800,0,0,0,-,-,-,-,-,-,-,,-,-,-,-,-,-,-,-,-,-,-,-,-,-,-,-,-,-,-,-,-,-,-,-,-,-,-,-,-,-,-,-,-,-,-,-,-,-,-,-,-,-,-,-,-,-,-,-,-,-,-,-,-,-,-,-,-,-,-,-,-,-,-,-,-,-,-,-,-,-,-,0,0,0,0,0,0.00,0.00,0.00,,0.00,0,0
13,,05072/25-26,EB-JG-LO-FP-3755-0326,Knits - Kids,intrn lmtd,25/03/26,199.00,2000,0,0,0,Yes,True,226000.00,,MALOTI RIKIASON,20/04/26,0,1,5,Yes,No,5,5,,2000,0,0,0,-,-,-,-,-,-,-,,-,-,-,-,-,-,-,-,-,-,-,-,-,-,-,-,-,-,-,-,-,-,-,-,-,-,-,-,-,-,-,-,-,-,-,-,-,-,-,-,-,-,-,-,-,-,-,-,-,-,-,-,-,-,-,-,-,-,-,-,-,-,-,-,-,-,-,-,-,-,-,0,0,0,0,0,0.00,0.00,0.00,,0.00,0,0
23,,05065/25-26,Demo-MU-KN-CA-TS-RN-HS-RF-CS-0183-0326,Knits - Men,Dhannu life,25/03/26,0.00,2800,0,0,0,Yes,True,294000.00,,Priya Das Chowdhury,30/04/26,0,1,1,Yes,Yes,1,1,,2800,0,0,0,-,-,-,-,-,-,-,,-,-,-,-,-,-,-,-,-,-,-,-,-,-,-,-,-,-,-,-,-,-,-,-,-,-,-,-,-,-,-,-,-,-,-,-,-,-,-,-,-,-,-,-,-,-,-,-,-,-,-,-,-,-,-,-,-,-,-,-,-,-,-,-,-,-,-,-,-,-,-,0,0,0,0,0,0.00,0.00,0.00,,0.00,0,0
23,,05068/25-26,Demo-MU-KN-CA-TS-RN-HS-RF-CS-0186-0326,Knits - Men,Dhannu life,25/03/26,0.00,2800,0,0,0,Yes,True,294000.00,,Priya Das Chowdhury,30/04/26,0,1,1,Yes,Yes,1,1,,2800,0,0,0,-,-,-,-,-,-,-,,-,-,-,-,-,-,-,-,-,-,-,-,-,-,-,-,-,-,-,-,-,-,-,-,-,-,-,-,-,-,-,-,-,-,-,-,-,-,-,-,-,-,-,-,-,-,-,-,-,-,-,-,-,-,-,-,-,-,-,-,-,-,-,-,-,-,-,-,-,-,-,0,0,0,0,0,0.00,0.00,0.00,,0.00,0,0
33,,05043/25-26,Demo-MU-KN-CA-TS-RN-HS-RF-CS-0171-0326,Knits - Men,Dhannu life,25/03/26,0.00,2701,0,0,0,Yes,True,318718.00,,Priya Das Chowdhury,10/05/26,0,1,1,Yes,Yes,1,1,,2701,0,0,0,-,-,-,-,-,-,-,,-,-,-,-,-,-,-,-,-,-,-,-,-,-,-,-,-,-,-,-,-,-,-,-,-,-,-,-,-,-,-,-,-,-,-,-,-,-,-,-,-,-,-,-,-,-,-,-,-,-,-,-,-,-,-,-,-,-,-,-,-,-,-,-,-,-,-,-,-,-,-,0,0,0,0,0,0.00,0.00,0.00,,0.00,0,0
23,,05051/25-26,Demo-MU-KN-CA-TS-RN-HS-RF-CS-0179-0326,Knits - Men,Dhannu life,25/03/26,0.00,2701,0,0,0,Yes,True,318718.00,,Priya Das Chowdhury,30/04/26,0,1,1,Yes,Yes,1,1,,2701,0,0,0,-,-,-,-,-,-,-,,-,-,-,-,-,-,-,-,-,-,-,-,-,-,-,-,-,-,-,-,-,-,-,-,-,-,-,-,-,-,-,-,-,-,-,-,-,-,-,-,-,-,-,-,-,-,-,-,-,-,-,-,-,-,-,-,-,-,-,-,-,-,-,-,-,-,-,-,-,-,-,0,0,0,0,0,0.00,0.00,0.00,,0.00,0,0
23,,05064/25-26,Demo-MU-KN-CA-TS-RN-HS-RF-CS-0182-0326,Knits - Men,Dhannu life,25/03/26,0.00,2800,0,0,0,Yes,True,294000.00,,Priya Das Chowdhury,30/04/26,0,1,1,Yes,Yes,1,1,,2800,0,0,0,-,-,-,-,-,-,-,,-,-,-,-,-,-,-,-,-,-,-,-,-,-,-,-,-,-,-,-,-,-,-,-,-,-,-,-,-,-,-,-,-,-,-,-,-,-,-,-,-,-,-,-,-,-,-,-,-,-,-,-,-,-,-,-,-,-,-,-,-,-,-,-,-,-,-,-,-,-,-,0,0,0,0,0,0.00,0.00,0.00,,0.00,0,0
48,,05053/25-26,Demo-Demo-SET-HS-3803-0326,Knits - Kids,Opee,25/03/26,1.00,1800,0,0,0,Yes,True,450000.00,,Kausik Mitra,25/05/26,0,2,1,Yes,No,1,1,,1800,0,0,0,-,-,-,-,-,-,-,,-,-,-,-,-,-,-,-,-,-,-,-,-,-,-,-,-,-,-,-,-,-,-,-,-,-,-,-,-,-,-,-,-,-,-,-,-,-,-,-,-,-,-,-,-,-,-,-,-,-,-,-,-,-,-,-,-,-,-,-,-,-,-,-,-,-,-,-,-,-,-,0,0,0,0,0,0.00,0.00,0.00,,189.80,0,0
23,,05070/25-26,Demo-MU-KN-CA-TS-RN-HS-RF-CS-0188-0326,Knits - Men,Dhannu life,25/03/26,0.00,2800,0,0,0,Yes,True,294000.00,,Priya Das Chowdhury,30/04/26,0,1,1,Yes,Yes,1,1,,2800,0,0,0,-,-,-,-,-,-,-,,-,-,-,-,-,-,-,-,-,-,-,-,-,-,-,-,-,-,-,-,-,-,-,-,-,-,-,-,-,-,-,-,-,-,-,-,-,-,-,-,-,-,-,-,-,-,-,-,-,-,-,-,-,-,-,-,-,-,-,-,-,-,-,-,-,-,-,-,-,-,-,0,0,0,0,0,0.00,0.00,0.00,,0.00,0,0
23,,05074/25-26,CM-JG-UP-HS-3813-0326,Knits - Kids,Monjulika,25/03/26,0.00,829,829,0,0,Yes,True,82900.00,,MALOTI RIKIASON,30/04/26,1,1,,No,No,,0,,829,0,0,0,80,,,,,,,0.1,304,,,33401.8,,,,829.00,836.00,28/03/2026,30/03/2026,836.00,"KNITS CUTTING (BLOCK- 4, 1ST FLOOR)",0,2,-,-,-,-,-,-,0,0,-,-,-,-,-,-,0,0,836.00,0.00,31/03/2026,-,-,TAPARIA BLOCK 24 (L SUBRATA),836,8,-,-,-,-,-,-,0,0,-,-,-,-,-,-,0,0,-,-,-,-,-,-,0,0,-,-,-,-,-,-,0,0,0,0,2,10,-8,33705.80,836.00,34541.80,39.79,0.00,-34541.80,0
23,,05067/25-26,Demo-MU-KN-CA-TS-RN-HS-RF-CS-0185-0326,Knits - Men,Dhannu life,25/03/26,0.00,2800,0,0,0,Yes,True,294000.00,,Priya Das Chowdhury,30/04/26,0,1,1,Yes,Yes,1,1,,2800,0,0,0,-,-,-,-,-,-,-,,-,-,-,-,-,-,-,-,-,-,-,-,-,-,-,-,-,-,-,-,-,-,-,-,-,-,-,-,-,-,-,-,-,-,-,-,-,-,-,-,-,-,-,-,-,-,-,-,-,-,-,-,-,-,-,-,-,-,-,-,-,-,-,-,-,-,-,-,-,-,-,0,0,0,0,0,0.00,0.00,0.00,,0.00,0,0
74,,05096/25-26,Demo-JB-SET-HS-3824-0326,Knits - Kids,market lmtd,26/03/26,349.00,2500,0,0,0,Yes,True,575000.00,,Ananya Sen,20/06/26,0,2,7,Yes,No,7,7,,2500,0,0,0,-,-,-,-,-,-,-,,-,-,-,-,-,-,-,-,-,-,-,-,-,-,-,-,-,-,-,-,-,-,-,-,-,-,-,-,-,-,-,-,-,-,-,-,-,-,-,-,-,-,-,-,-,-,-,-,-,-,-,-,-,-,-,-,-,-,-,-,-,-,-,-,-,-,-,-,-,-,-,0,0,0,0,0,0.00,0.00,0.00,,0.00,0,0
84,,05082/25-26,EB-JB-UP-HS-3759-0326,Knits - Kids,intrn lmtd,26/03/26,199.00,4320,0,0,0,Yes,True,401760.00,,MALOTI RIKIASON,30/06/26,0,1,4,Yes,No,4,4,,4320,0,0,0,-,-,-,-,-,-,-,,-,-,-,-,-,-,-,-,-,-,-,-,-,-,-,-,-,-,-,-,-,-,-,-,-,-,-,-,-,-,-,-,-,-,-,-,-,-,-,-,-,-,-,-,-,-,-,-,-,-,-,-,-,-,-,-,-,-,-,-,-,-,-,-,-,-,-,-,-,-,-,0,0,0,0,0,0.00,0.00,0.00,,0.00,0,0
151,,05076/25-26,Demo-MU-KN-CA-TS-FS-SF-0167-0326,Knits - Men,Style fashion,26/03/26,499.00,2400,0,0,0,Yes,True,684000.00,,Saikat Kr Das,05/09/26,0,1,,No,No,,0,,2400,0,0,0,-,-,-,-,-,-,-,,-,-,-,-,-,-,-,-,-,-,-,-,-,-,-,-,-,-,-,-,-,-,-,-,-,-,-,-,-,-,-,-,-,-,-,-,-,-,-,-,-,-,-,-,-,-,-,-,-,-,-,-,-,-,-,-,-,-,-,-,-,-,-,-,-,-,-,-,-,-,-,0,0,0,0,0,0.00,0.00,0.00,,0.00,0,0
23,,05079/25-26,EB-JB-WO-CA-SH-HS-RF-01263-0326,Woven,intrn lmtd,26/03/26,299.00,2128,0,0,0,Yes,True,378784.00,,Samim Hossain,30/04/26,0,1,2,No,Yes,2,0,,2128,0,0,0,-,-,-,-,-,-,-,,-,-,-,-,-,-,-,-,-,-,-,-,-,-,-,-,-,-,-,-,-,-,-,-,-,-,-,-,-,-,-,-,-,-,-,-,-,-,-,-,-,-,-,-,-,-,-,-,-,-,-,-,-,-,-,-,-,-,-,-,-,-,-,-,-,-,-,-,-,-,-,0,0,0,0,0,0.00,0.00,0.00,,0.00,0,0
74,,05099/25-26,Demo-Demo-SET-HS-3827-0326,Knits - Kids,market lmtd,26/03/26,349.00,2500,0,0,0,Yes,True,575000.00,,Ananya Sen,20/06/26,0,2,7,Yes,No,7,7,,2500,0,0,0,-,-,-,-,-,-,-,,-,-,-,-,-,-,-,-,-,-,-,-,-,-,-,-,-,-,-,-,-,-,-,-,-,-,-,-,-,-,-,-,-,-,-,-,-,-,-,-,-,-,-,-,-,-,-,-,-,-,-,-,-,-,-,-,-,-,-,-,-,-,-,-,-,-,-,-,-,-,-,0,0,0,0,0,0.00,0.00,0.00,,0.00,0,0
151,,05078/25-26,Demo-MU-KN-CA-TS-FS-SF-0169-0326,Knits - Men,Style fashion,26/03/26,499.00,2400,0,0,0,Yes,True,684000.00,,Saikat Kr Das,05/09/26,0,1,,No,No,,0,,2400,0,0,0,-,-,-,-,-,-,-,,-,-,-,-,-,-,-,-,-,-,-,-,-,-,-,-,-,-,-,-,-,-,-,-,-,-,-,-,-,-,-,-,-,-,-,-,-,-,-,-,-,-,-,-,-,-,-,-,-,-,-,-,-,-,-,-,-,-,-,-,-,-,-,-,-,-,-,-,-,-,-,0,0,0,0,0,0.00,0.00,0.00,,0.00,0,0
151,,05075/25-26,Demo-MU-KN-CA-TS-FS-SF-0166-0326,Knits - Men,Style fashion,26/03/26,499.00,2400,0,0,0,Yes,True,684000.00,,Saikat Kr Das,05/09/26,0,1,,No,No,,0,,2400,0,0,0,-,-,-,-,-,-,-,,-,-,-,-,-,-,-,-,-,-,-,-,-,-,-,-,-,-,-,-,-,-,-,-,-,-,-,-,-,-,-,-,-,-,-,-,-,-,-,-,-,-,-,-,-,-,-,-,-,-,-,-,-,-,-,-,-,-,-,-,-,-,-,-,-,-,-,-,-,-,-,0,0,0,0,0,0.00,0.00,0.00,,0.00,0,0
74,,05095/25-26,Demo-JB-SET-HS-3823-0326,Knits - Kids,market lmtd,26/03/26,349.00,2500,0,0,0,Yes,True,575000.00,,Ananya Sen,20/06/26,0,2,7,Yes,No,7,7,,2500,0,0,0,-,-,-,-,-,-,-,,-,-,-,-,-,-,-,-,-,-,-,-,-,-,-,-,-,-,-,-,-,-,-,-,-,-,-,-,-,-,-,-,-,-,-,-,-,-,-,-,-,-,-,-,-,-,-,-,-,-,-,-,-,-,-,-,-,-,-,-,-,-,-,-,-,-,-,-,-,-,-,0,0,0,0,0,0.00,0.00,0.00,,0.00,0,0
84,,05081/25-26,EB-JB-UP-HS-3758-0326,Knits - Kids,intrn lmtd,26/03/26,199.00,4324,0,0,0,Yes,True,402132.00,,MALOTI RIKIASON,30/06/26,0,1,4,Yes,No,4,4,,4324,0,0,0,-,-,-,-,-,-,-,,-,-,-,-,-,-,-,-,-,-,-,-,-,-,-,-,-,-,-,-,-,-,-,-,-,-,-,-,-,-,-,-,-,-,-,-,-,-,-,-,-,-,-,-,-,-,-,-,-,-,-,-,-,-,-,-,-,-,-,-,-,-,-,-,-,-,-,-,-,-,-,0,0,0,0,0,0.00,0.00,0.00,,0.00,0,0
74,,05098/25-26,Demo-Demo-SET-HS-3826-0326,Knits - Kids,market lmtd,26/03/26,349.00,2500,0,0,0,Yes,True,575000.00,,Ananya Sen,20/06/26,0,2,7,Yes,No,7,7,,2500,0,0,0,-,-,-,-,-,-,-,,-,-,-,-,-,-,-,-,-,-,-,-,-,-,-,-,-,-,-,-,-,-,-,-,-,-,-,-,-,-,-,-,-,-,-,-,-,-,-,-,-,-,-,-,-,-,-,-,-,-,-,-,-,-,-,-,-,-,-,-,-,-,-,-,-,-,-,-,-,-,-,0,0,0,0,0,0.00,0.00,0.00,,0.00,0,0
151,,05077/25-26,Demo-MU-KN-CA-TS-FS-SF-0168-0326,Knits - Men,Style fashion,26/03/26,499.00,2400,0,0,0,Yes,True,684000.00,,Saikat Kr Das,05/09/26,0,1,,No,No,,0,,2400,0,0,0,-,-,-,-,-,-,-,,-,-,-,-,-,-,-,-,-,-,-,-,-,-,-,-,-,-,-,-,-,-,-,-,-,-,-,-,-,-,-,-,-,-,-,-,-,-,-,-,-,-,-,-,-,-,-,-,-,-,-,-,-,-,-,-,-,-,-,-,-,-,-,-,-,-,-,-,-,-,-,0,0,0,0,0,0.00,0.00,0.00,,0.00,0,0
74,,05094/25-26,Demo-JB-SET-HS-3822-0326,Knits - Kids,market lmtd,26/03/26,349.00,2500,0,0,0,Yes,True,575000.00,,Ananya Sen,20/06/26,0,2,7,Yes,No,7,7,,2500,0,0,0,-,-,-,-,-,-,-,,-,-,-,-,-,-,-,-,-,-,-,-,-,-,-,-,-,-,-,-,-,-,-,-,-,-,-,-,-,-,-,-,-,-,-,-,-,-,-,-,-,-,-,-,-,-,-,-,-,-,-,-,-,-,-,-,-,-,-,-,-,-,-,-,-,-,-,-,-,-,-,0,0,0,0,0,0.00,0.00,0.00,,0.00,0,0
84,,05080/25-26,EB-JB-UP-HS-3757-0326,Knits - Kids,intrn lmtd,26/03/26,159.00,4324,0,0,0,Yes,True,350244.00,,MALOTI RIKIASON,30/06/26,0,1,4,Yes,No,4,4,,4324,0,0,0,-,-,-,-,-,-,-,,-,-,-,-,-,-,-,-,-,-,-,-,-,-,-,-,-,-,-,-,-,-,-,-,-,-,-,-,-,-,-,-,-,-,-,-,-,-,-,-,-,-,-,-,-,-,-,-,-,-,-,-,-,-,-,-,-,-,-,-,-,-,-,-,-,-,-,-,-,-,-,0,0,0,0,0,0.00,0.00,0.00,,0.00,0,0
53,,05083/25-26,EB-Demo-WO-CA-SH-HS-RF-01191-0326,Woven,intrn lmtd,26/03/26,449.00,1500,0,0,0,Yes,True,375000.00,,Samim Hossain,30/05/26,0,1,1,Yes,No,1,1,,1500,0,0,0,-,-,-,-,-,-,-,,-,-,-,-,-,-,-,-,-,-,-,-,-,-,-,-,-,-,-,-,-,-,-,-,-,-,-,-,-,-,-,-,-,-,-,-,-,-,-,-,-,-,-,-,-,-,-,-,-,-,-,-,-,-,-,-,-,-,-,-,-,-,-,-,-,-,-,-,-,-,-,1,0,0,0,0,0.00,0.00,0.00,,0.00,0,0
74,,05097/25-26,Demo-JB-SET-HS-3825-0326,Knits - Kids,market lmtd,26/03/26,349.00,2500,0,0,0,Yes,True,575000.00,,Ananya Sen,20/06/26,0,2,7,Yes,No,7,7,,2500,0,0,0,-,-,-,-,-,-,-,,-,-,-,-,-,-,-,-,-,-,-,-,-,-,-,-,-,-,-,-,-,-,-,-,-,-,-,-,-,-,-,-,-,-,-,-,-,-,-,-,-,-,-,-,-,-,-,-,-,-,-,-,-,-,-,-,-,-,-,-,-,-,-,-,-,-,-,-,-,-,-,0,0,0,0,0,0.00,0.00,0.00,,0.00,0,0
84,,05093/25-26,Demo-Demo-WO-CA-SH-HS-RF-01272-0326,Woven,Style fashion,27/03/26,249.00,3000,0,0,0,Yes,True,435000.00,,Samim Hossain,30/06/26,0,1,,No,No,,0,,3000,0,0,0,-,-,-,-,-,-,-,,-,-,-,-,-,-,-,-,-,-,-,-,-,-,-,-,-,-,-,-,-,-,-,-,-,-,-,-,-,-,-,-,-,-,-,-,-,-,-,-,-,-,-,-,-,-,-,-,-,-,-,-,-,-,-,-,-,-,-,-,-,-,-,-,-,-,-,-,-,-,-,0,0,0,0,0,0.00,0.00,0.00,,0.00,0,0
54,,05084/25-26,EB-Demo-WO-CA-SH-FS-RF-01192-0326,Woven,intrn lmtd,27/03/26,499.00,1200,0,0,0,Yes,True,315600.00,,Samim Hossain,31/05/26,0,1,,No,No,,0,,1200,0,0,0,-,-,-,-,-,-,-,,-,-,-,-,-,-,-,-,-,-,-,-,-,-,-,-,-,-,-,-,-,-,-,-,-,-,-,-,-,-,-,-,-,-,-,-,-,-,-,-,-,-,-,-,-,-,-,-,-,-,-,-,-,-,-,-,-,-,-,-,-,-,-,-,-,-,-,-,-,-,-,0,0,0,0,0,0.00,0.00,0.00,,0.00,0,0
84,,05090/25-26,Demo-Demo-WO-CA-SH-HS-RF-01269-0326,Woven,Style fashion,27/03/26,249.00,3000,0,0,0,Yes,True,435000.00,,Samim Hossain,30/06/26,0,1,,No,No,,0,,3000,0,0,0,-,-,-,-,-,-,-,,-,-,-,-,-,-,-,-,-,-,-,-,-,-,-,-,-,-,-,-,-,-,-,-,-,-,-,-,-,-,-,-,-,-,-,-,-,-,-,-,-,-,-,-,-,-,-,-,-,-,-,-,-,-,-,-,-,-,-,-,-,-,-,-,-,-,-,-,-,-,-,0,0,0,0,0,0.00,0.00,0.00,,0.00,0,0
84,,05087/25-26,Demo-JB-WO-CA-SH-HS-RF-01266-0326,Woven,Style fashion,27/03/26,199.00,3600,0,0,0,Yes,True,432000.00,,Samim Hossain,30/06/26,0,1,,No,No,,0,,3600,0,0,0,-,-,-,-,-,-,-,,-,-,-,-,-,-,-,-,-,-,-,-,-,-,-,-,-,-,-,-,-,-,-,-,-,-,-,-,-,-,-,-,-,-,-,-,-,-,-,-,-,-,-,-,-,-,-,-,-,-,-,-,-,-,-,-,-,-,-,-,-,-,-,-,-,-,-,-,-,-,-,0,0,0,0,0,0.00,0.00,0.00,,0.00,0,0
84,,05088/25-26,Demo-JB-WO-CA-SH-HS-RF-01267-0326,Woven,Style fashion,27/03/26,199.00,3600,0,0,0,Yes,True,432000.00,,Samim Hossain,30/06/26,0,1,,No,No,,0,,3600,0,0,0,-,-,-,-,-,-,-,,-,-,-,-,-,-,-,-,-,-,-,-,-,-,-,-,-,-,-,-,-,-,-,-,-,-,-,-,-,-,-,-,-,-,-,-,-,-,-,-,-,-,-,-,-,-,-,-,-,-,-,-,-,-,-,-,-,-,-,-,-,-,-,-,-,-,-,-,-,-,-,0,0,0,0,0,0.00,0.00,0.00,,0.00,0,0
53,,05085/25-26,EB-Demo-WO-CA-SH-FS-RF-01264-0326,Woven,intrn lmtd,27/03/26,499.00,1200,0,0,0,Yes,True,315600.00,,Samim Hossain,30/05/26,0,1,,No,No,,0,,1200,0,0,0,-,-,-,-,-,-,-,,-,-,-,-,-,-,-,-,-,-,-,-,-,-,-,-,-,-,-,-,-,-,-,-,-,-,-,-,-,-,-,-,-,-,-,-,-,-,-,-,-,-,-,-,-,-,-,-,-,-,-,-,-,-,-,-,-,-,-,-,-,-,-,-,-,-,-,-,-,-,-,0,0,0,0,0,0.00,0.00,0.00,,0.00,0,0
84,,05091/25-26,Demo-Demo-WO-CA-SH-HS-RF-01270-0326,Woven,Style fashion,27/03/26,249.00,3000,0,0,0,Yes,True,435000.00,,Samim Hossain,30/06/26,0,1,,No,No,,0,,3000,0,0,0,-,-,-,-,-,-,-,,-,-,-,-,-,-,-,-,-,-,-,-,-,-,-,-,-,-,-,-,-,-,-,-,-,-,-,-,-,-,-,-,-,-,-,-,-,-,-,-,-,-,-,-,-,-,-,-,-,-,-,-,-,-,-,-,-,-,-,-,-,-,-,-,-,-,-,-,-,-,-,0,0,0,0,0,0.00,0.00,0.00,,0.00,0,0
84,,05089/25-26,Demo-JB-WO-CA-SH-HS-RF-01268-0326,Woven,intrn lmtd,27/03/26,199.00,3600,0,0,0,Yes,True,432000.00,,Samim Hossain,30/06/26,0,1,,No,No,,0,,3600,0,0,0,-,-,-,-,-,-,-,,-,-,-,-,-,-,-,-,-,-,-,-,-,-,-,-,-,-,-,-,-,-,-,-,-,-,-,-,-,-,-,-,-,-,-,-,-,-,-,-,-,-,-,-,-,-,-,-,-,-,-,-,-,-,-,-,-,-,-,-,-,-,-,-,-,-,-,-,-,-,-,0,0,0,0,0,0.00,0.00,0.00,,0.00,0,0
84,,05092/25-26,Demo-Demo-WO-CA-SH-HS-RF-01271-0326,Woven,Style fashion,27/03/26,249.00,3000,0,0,0,Yes,True,435000.00,,Samim Hossain,30/06/26,0,1,,No,No,,0,,3000,0,0,0,-,-,-,-,-,-,-,,-,-,-,-,-,-,-,-,-,-,-,-,-,-,-,-,-,-,-,-,-,-,-,-,-,-,-,-,-,-,-,-,-,-,-,-,-,-,-,-,-,-,-,-,-,-,-,-,-,-,-,-,-,-,-,-,-,-,-,-,-,-,-,-,-,-,-,-,-,-,-,0,0,0,0,0,0.00,0.00,0.00,,0.00,0,0
84,,05086/25-26,Demo-JB-WO-CA-SH-HS-RF-01265-0326,Woven,Style fashion,27/03/26,199.00,3600,0,0,0,Yes,True,432000.00,,Samim Hossain,30/06/26,0,1,,No,No,,0,,3600,0,0,0,-,-,-,-,-,-,-,,-,-,-,-,-,-,-,-,-,-,-,-,-,-,-,-,-,-,-,-,-,-,-,-,-,-,-,-,-,-,-,-,-,-,-,-,-,-,-,-,-,-,-,-,-,-,-,-,-,-,-,-,-,-,-,-,-,-,-,-,-,-,-,-,-,-,-,-,-,-,-,0,0,0,0,0,0.00,0.00,0.00,,0.00,0,0
84,,05110/25-26,Demo-JG-UP-HS-3772-0326,Knits - Kids,market lmtd,28/03/26,149.00,4000,0,0,0,Yes,True,336000.00,,RIA PAUL,30/06/26,0,1,6,Yes,No,6,6,,4000,0,0,0,-,-,-,-,-,-,-,,-,-,-,-,-,-,-,-,-,-,-,-,-,-,-,-,-,-,-,-,-,-,-,-,-,-,-,-,-,-,-,-,-,-,-,-,-,-,-,-,-,-,-,-,-,-,-,-,-,-,-,-,-,-,-,-,-,-,-,-,-,-,-,-,-,-,-,-,-,-,-,0,0,0,0,0,0.00,0.00,0.00,,0.00,0,0
69,,05147/25-26,Demo-JB-WO-CA-SH-HS-RF-01274-0326,Woven,Style fashion,28/03/26,299.00,2400,0,0,0,Yes,True,408000.00,,Samim Hossain,15/06/26,0,1,,No,No,,0,,2400,0,0,0,-,-,-,-,-,-,-,,-,-,-,-,-,-,-,-,-,-,-,-,-,-,-,-,-,-,-,-,-,-,-,-,-,-,-,-,-,-,-,-,-,-,-,-,-,-,-,-,-,-,-,-,-,-,-,-,-,-,-,-,-,-,-,-,-,-,-,-,-,-,-,-,-,-,-,-,-,-,-,0,0,0,0,0,0.00,0.00,0.00,,0.00,0,0
84,,05142/25-26,Demo-SG-UP-HS-3798-0326,Knits - Kids,market lmtd,28/03/26,199.00,4000,0,0,0,Yes,True,440000.00,,RIA PAUL,30/06/26,0,1,7,Yes,No,7,7,,4000,0,0,0,-,-,-,-,-,-,-,,-,-,-,-,-,-,-,-,-,-,-,-,-,-,-,-,-,-,-,-,-,-,-,-,-,-,-,-,-,-,-,-,-,-,-,-,-,-,-,-,-,-,-,-,-,-,-,-,-,-,-,-,-,-,-,-,-,-,-,-,-,-,-,-,-,-,-,-,-,-,-,0,0,0,0,0,0.00,0.00,0.00,,0.00,0,0
18,,05155/25-26,DH-JB-UP-HS-3855-0326,Knits - Kids,Dhannu life,28/03/26,149.00,3500,3500,0,0,Yes,True,290500.00,,Titly Paul,25/04/26,1,1,-3,Yes,No,-3,-3,,3500,0,0,0,-,-,-,-,-,-,-,,-,-,-,-,-,-,-,-,-,-,-,-,-,-,-,-,-,-,-,-,-,-,-,-,-,-,-,-,-,-,-,-,-,-,-,-,-,-,-,-,-,-,-,-,-,-,-,-,-,-,-,-,-,-,-,-,-,-,-,-,-,-,-,-,-,-,-,-,-,-,-,5,0,0,0,0,0.00,0.00,0.00,,0.00,0,0
84,,05104/25-26,Demo-JG-UP-HS-3766-0326,Knits - Kids,market lmtd,28/03/26,129.00,4000,0,0,0,Yes,True,320000.00,,RIA PAUL,30/06/26,0,1,6,Yes,No,6,6,,4000,0,0,0,-,-,-,-,-,-,-,,-,-,-,-,-,-,-,-,-,-,-,-,-,-,-,-,-,-,-,-,-,-,-,-,-,-,-,-,-,-,-,-,-,-,-,-,-,-,-,-,-,-,-,-,-,-,-,-,-,-,-,-,-,-,-,-,-,-,-,-,-,-,-,-,-,-,-,-,-,-,-,0,0,0,0,0,0.00,0.00,0.00,,0.00,0,0
84,,05113/25-26,Demo-JG-UP-HS-3775-0326,Knits - Kids,market lmtd,28/03/26,149.00,4000,0,0,0,Yes,True,336000.00,,RIA PAUL,30/06/26,0,1,6,Yes,No,6,6,,4000,0,0,0,-,-,-,-,-,-,-,,-,-,-,-,-,-,-,-,-,-,-,-,-,-,-,-,-,-,-,-,-,-,-,-,-,-,-,-,-,-,-,-,-,-,-,-,-,-,-,-,-,-,-,-,-,-,-,-,-,-,-,-,-,-,-,-,-,-,-,-,-,-,-,-,-,-,-,-,-,-,-,0,0,0,0,0,0.00,0.00,0.00,,0.00,0,0
84,,05107/25-26,Demo-JG-UP-HS-3769-0326,Knits - Kids,market lmtd,28/03/26,129.00,4000,0,0,0,Yes,True,320000.00,,RIA PAUL,30/06/26,0,1,6,Yes,No,6,6,,4000,0,0,0,-,-,-,-,-,-,-,,-,-,-,-,-,-,-,-,-,-,-,-,-,-,-,-,-,-,-,-,-,-,-,-,-,-,-,-,-,-,-,-,-,-,-,-,-,-,-,-,-,-,-,-,-,-,-,-,-,-,-,-,-,-,-,-,-,-,-,-,-,-,-,-,-,-,-,-,-,-,-,0,0,0,0,0,0.00,0.00,0.00,,0.00,0,0
21,,05163/25-26,DH-Demo-UP-HS-3861-0326,Knits - Kids,Dhannu life,28/03/26,179.00,1700,0,0,0,Yes,True,193800.00,,Titly Paul,28/04/26,0,1,-3,Yes,No,-3,-3,,1700,0,0,0,-,-,-,-,-,-,-,,-,-,-,-,-,-,-,-,-,-,-,-,-,-,-,-,-,-,-,-,-,-,-,-,-,-,-,-,-,-,-,-,-,-,-,-,-,-,-,-,-,-,-,-,-,-,-,-,-,-,-,-,-,-,-,-,-,-,-,-,-,-,-,-,-,-,-,-,-,-,-,0,0,0,0,0,0.00,0.00,0.00,,0.00,0,0
84,,05133/25-26,Demo-SG-UP-HS-3789-0326,Knits - Kids,market lmtd,28/03/26,179.00,4000,0,0,0,Yes,True,420000.00,,RIA PAUL,30/06/26,0,1,6,Yes,No,6,6,,4000,0,0,0,-,-,-,-,-,-,-,,-,-,-,-,-,-,-,-,-,-,-,-,-,-,-,-,-,-,-,-,-,-,-,-,-,-,-,-,-,-,-,-,-,-,-,-,-,-,-,-,-,-,-,-,-,-,-,-,-,-,-,-,-,-,-,-,-,-,-,-,-,-,-,-,-,-,-,-,-,-,-,0,0,0,0,0,0.00,0.00,0.00,,0.00,0,0
84,,05139/25-26,Demo-SG-UP-HS-3795-0326,Knits - Kids,market lmtd,28/03/26,199.00,4000,0,0,0,Yes,True,440000.00,,RIA PAUL,30/06/26,0,1,7,Yes,No,7,7,,4000,0,0,0,-,-,-,-,-,-,-,,-,-,-,-,-,-,-,-,-,-,-,-,-,-,-,-,-,-,-,-,-,-,-,-,-,-,-,-,-,-,-,-,-,-,-,-,-,-,-,-,-,-,-,-,-,-,-,-,-,-,-,-,-,-,-,-,-,-,-,-,-,-,-,-,-,-,-,-,-,-,-,0,0,0,0,0,0.00,0.00,0.00,,0.00,0,0
21,,05159/25-26,DH-Demo-UP-HS-3858-0326,Knits - Kids,Dhannu life,28/03/26,179.00,1700,0,0,0,Yes,True,193800.00,,Titly Paul,28/04/26,0,1,-3,Yes,No,-3,-3,,1700,0,0,0,-,-,-,-,-,-,-,,-,-,-,-,-,-,-,-,-,-,-,-,-,-,-,-,-,-,-,-,-,-,-,-,-,-,-,-,-,-,-,-,-,-,-,-,-,-,-,-,-,-,-,-,-,-,-,-,-,-,-,-,-,-,-,-,-,-,-,-,-,-,-,-,-,-,-,-,-,-,-,0,0,0,0,0,0.00,0.00,0.00,,0.00,0,0
18,,05148/25-26,DH-JB-UP-HS-3852-0326,Knits - Kids,Dhannu life,28/03/26,149.00,3500,3500,0,0,Yes,True,290500.00,,Titly Paul,25/04/26,1,1,-3,Yes,No,-3,-3,,3500,0,0,0,-,-,-,-,-,-,-,,-,-,-,-,-,-,-,-,-,-,-,-,-,-,-,-,-,-,-,-,-,-,-,-,-,-,-,-,-,-,-,-,-,-,-,-,-,-,-,-,-,-,-,-,-,-,-,-,-,-,-,-,-,-,-,-,-,-,-,-,-,-,-,-,-,-,-,-,-,-,-,5,0,0,0,0,0.00,0.00,0.00,,0.00,0,0
84,,05124/25-26,Demo-JG-UP-HS-3786-0326,Knits - Kids,market lmtd,28/03/26,149.00,4000,0,0,0,Yes,True,360000.00,,RIA PAUL,30/06/26,0,1,7,Yes,No,7,7,,4000,0,0,0,-,-,-,-,-,-,-,,-,-,-,-,-,-,-,-,-,-,-,-,-,-,-,-,-,-,-,-,-,-,-,-,-,-,-,-,-,-,-,-,-,-,-,-,-,-,-,-,-,-,-,-,-,-,-,-,-,-,-,-,-,-,-,-,-,-,-,-,-,-,-,-,-,-,-,-,-,-,-,0,0,0,0,0,0.00,0.00,0.00,,0.00,0,0
84,,05136/25-26,Demo-SG-UP-HS-3792-0326,Knits - Kids,market lmtd,28/03/26,199.00,4000,0,0,0,Yes,True,440000.00,,RIA PAUL,30/06/26,0,1,7,Yes,No,7,7,,4000,0,0,0,-,-,-,-,-,-,-,,-,-,-,-,-,-,-,-,-,-,-,-,-,-,-,-,-,-,-,-,-,-,-,-,-,-,-,-,-,-,-,-,-,-,-,-,-,-,-,-,-,-,-,-,-,-,-,-,-,-,-,-,-,-,-,-,-,-,-,-,-,-,-,-,-,-,-,-,-,-,-,0,0,0,0,0,0.00,0.00,0.00,,0.00,0,0
84,,05116/25-26,Demo-JG-UP-HS-3778-0326,Knits - Kids,market lmtd,28/03/26,149.00,4000,0,0,0,Yes,True,360000.00,,RIA PAUL,30/06/26,0,1,7,Yes,No,7,7,,4000,0,0,0,-,-,-,-,-,-,-,,-,-,-,-,-,-,-,-,-,-,-,-,-,-,-,-,-,-,-,-,-,-,-,-,-,-,-,-,-,-,-,-,-,-,-,-,-,-,-,-,-,-,-,-,-,-,-,-,-,-,-,-,-,-,-,-,-,-,-,-,-,-,-,-,-,-,-,-,-,-,-,0,0,0,0,0,0.00,0.00,0.00,,0.00,0,0
84,,05102/25-26,Demo-JG-UP-HS-3764-0326,Knits - Kids,market lmtd,28/03/26,129.00,4000,0,0,0,Yes,True,320000.00,,RIA PAUL,30/06/26,0,1,6,Yes,No,6,6,,4000,0,0,0,-,-,-,-,-,-,-,,-,-,-,-,-,-,-,-,-,-,-,-,-,-,-,-,-,-,-,-,-,-,-,-,-,-,-,-,-,-,-,-,-,-,-,-,-,-,-,-,-,-,-,-,-,-,-,-,-,-,-,-,-,-,-,-,-,-,-,-,-,-,-,-,-,-,-,-,-,-,-,0,0,0,0,0,0.00,0.00,0.00,,0.00,0,0
84,,05105/25-26,Demo-JG-UP-HS-3767-0326,Knits - Kids,market lmtd,28/03/26,129.00,4000,0,0,0,Yes,True,320000.00,,RIA PAUL,30/06/26,0,1,6,Yes,No,6,6,,4000,0,0,0,-,-,-,-,-,-,-,,-,-,-,-,-,-,-,-,-,-,-,-,-,-,-,-,-,-,-,-,-,-,-,-,-,-,-,-,-,-,-,-,-,-,-,-,-,-,-,-,-,-,-,-,-,-,-,-,-,-,-,-,-,-,-,-,-,-,-,-,-,-,-,-,-,-,-,-,-,-,-,0,0,0,0,0,0.00,0.00,0.00,,0.00,0,0
84,,05111/25-26,Demo-JG-UP-HS-3773-0326,Knits - Kids,market lmtd,28/03/26,149.00,4000,0,0,0,Yes,True,336000.00,,RIA PAUL,30/06/26,0,1,6,Yes,No,6,6,,4000,0,0,0,-,-,-,-,-,-,-,,-,-,-,-,-,-,-,-,-,-,-,-,-,-,-,-,-,-,-,-,-,-,-,-,-,-,-,-,-,-,-,-,-,-,-,-,-,-,-,-,-,-,-,-,-,-,-,-,-,-,-,-,-,-,-,-,-,-,-,-,-,-,-,-,-,-,-,-,-,-,-,0,0,0,0,0,0.00,0.00,0.00,,0.00,0,0
84,,05130/25-26,Demo-SG-UP-HS-3787-0326,Knits - Kids,market lmtd,28/03/26,179.00,4000,0,0,0,Yes,True,420000.00,,RIA PAUL,30/06/26,0,1,6,Yes,No,6,6,,4000,0,0,0,-,-,-,-,-,-,-,,-,-,-,-,-,-,-,-,-,-,-,-,-,-,-,-,-,-,-,-,-,-,-,-,-,-,-,-,-,-,-,-,-,-,-,-,-,-,-,-,-,-,-,-,-,-,-,-,-,-,-,-,-,-,-,-,-,-,-,-,-,-,-,-,-,-,-,-,-,-,-,0,0,0,0,0,0.00,0.00,0.00,,0.00,0,0
84,,05108/25-26,Demo-JG-UP-HS-3770-0326,Knits - Kids,market lmtd,28/03/26,129.00,4000,0,0,0,Yes,True,320000.00,,RIA PAUL,30/06/26,0,1,6,Yes,No,6,6,,4000,0,0,0,-,-,-,-,-,-,-,,-,-,-,-,-,-,-,-,-,-,-,-,-,-,-,-,-,-,-,-,-,-,-,-,-,-,-,-,-,-,-,-,-,-,-,-,-,-,-,-,-,-,-,-,-,-,-,-,-,-,-,-,-,-,-,-,-,-,-,-,-,-,-,-,-,-,-,-,-,-,-,0,0,0,0,0,0.00,0.00,0.00,,0.00,0,0
84,,05122/25-26,Demo-JG-UP-HS-3784-0326,Knits - Kids,market lmtd,28/03/26,149.00,4000,0,0,0,Yes,True,360000.00,,RIA PAUL,30/06/26,0,1,7,Yes,No,7,7,,4000,0,0,0,-,-,-,-,-,-,-,,-,-,-,-,-,-,-,-,-,-,-,-,-,-,-,-,-,-,-,-,-,-,-,-,-,-,-,-,-,-,-,-,-,-,-,-,-,-,-,-,-,-,-,-,-,-,-,-,-,-,-,-,-,-,-,-,-,-,-,-,-,-,-,-,-,-,-,-,-,-,-,0,0,0,0,0,0.00,0.00,0.00,,0.00,0,0
74,,05131/25-26,Demo-JB-UP-HS-3869-0326,Knits - Kids,market lmtd,28/03/26,179.00,3000,0,0,0,Yes,True,360000.00,,Ananya Sen,20/06/26,0,1,5,Yes,No,5,5,,3000,0,0,0,-,-,-,-,-,-,-,,-,-,-,-,-,-,-,-,-,-,-,-,-,-,-,-,-,-,-,-,-,-,-,-,-,-,-,-,-,-,-,-,-,-,-,-,-,-,-,-,-,-,-,-,-,-,-,-,-,-,-,-,-,-,-,-,-,-,-,-,-,-,-,-,-,-,-,-,-,-,-,0,0,0,0,0,0.00,0.00,0.00,,0.00,0,0
74,,05127/25-26,Demo-JB-UP-HS-3866-0326,Knits - Kids,market lmtd,28/03/26,179.00,3000,0,0,0,Yes,True,360000.00,,Ananya Sen,20/06/26,0,1,5,Yes,No,5,5,,3000,0,0,0,-,-,-,-,-,-,-,,-,-,-,-,-,-,-,-,-,-,-,-,-,-,-,-,-,-,-,-,-,-,-,-,-,-,-,-,-,-,-,-,-,-,-,-,-,-,-,-,-,-,-,-,-,-,-,-,-,-,-,-,-,-,-,-,-,-,-,-,-,-,-,-,-,-,-,-,-,-,-,0,0,0,0,0,0.00,0.00,0.00,,0.00,0,0
84,,05119/25-26,Demo-JG-UP-HS-3781-0326,Knits - Kids,market lmtd,28/03/26,149.00,4000,0,0,0,Yes,True,360000.00,,RIA PAUL,30/06/26,0,1,7,Yes,No,7,7,,4000,0,0,0,-,-,-,-,-,-,-,,-,-,-,-,-,-,-,-,-,-,-,-,-,-,-,-,-,-,-,-,-,-,-,-,-,-,-,-,-,-,-,-,-,-,-,-,-,-,-,-,-,-,-,-,-,-,-,-,-,-,-,-,-,-,-,-,-,-,-,-,-,-,-,-,-,-,-,-,-,-,-,0,0,0,0,0,0.00,0.00,0.00,,0.00,0,0
84,,05134/25-26,Demo-SG-UP-HS-3790-0326,Knits - Kids,market lmtd,28/03/26,179.00,4000,0,0,0,Yes,True,420000.00,,RIA PAUL,30/06/26,0,1,6,Yes,No,6,6,,4000,0,0,0,-,-,-,-,-,-,-,,-,-,-,-,-,-,-,-,-,-,-,-,-,-,-,-,-,-,-,-,-,-,-,-,-,-,-,-,-,-,-,-,-,-,-,-,-,-,-,-,-,-,-,-,-,-,-,-,-,-,-,-,-,-,-,-,-,-,-,-,-,-,-,-,-,-,-,-,-,-,-,0,0,0,0,0,0.00,0.00,0.00,,0.00,0,0
84,,05137/25-26,Demo-SG-UP-HS-3793-0326,Knits - Kids,market lmtd,28/03/26,199.00,4000,0,0,0,Yes,True,440000.00,,RIA PAUL,30/06/26,0,1,7,Yes,No,7,7,,4000,0,0,0,-,-,-,-,-,-,-,,-,-,-,-,-,-,-,-,-,-,-,-,-,-,-,-,-,-,-,-,-,-,-,-,-,-,-,-,-,-,-,-,-,-,-,-,-,-,-,-,-,-,-,-,-,-,-,-,-,-,-,-,-,-,-,-,-,-,-,-,-,-,-,-,-,-,-,-,-,-,-,0,0,0,0,0,0.00,0.00,0.00,,0.00,0,0
84,,05145/25-26,Demo-SG-UP-HS-3801-0326,Knits - Kids,market lmtd,28/03/26,199.00,4000,0,0,0,Yes,True,440000.00,,RIA PAUL,30/06/26,0,1,7,Yes,No,7,7,,4000,0,0,0,-,-,-,-,-,-,-,,-,-,-,-,-,-,-,-,-,-,-,-,-,-,-,-,-,-,-,-,-,-,-,-,-,-,-,-,-,-,-,-,-,-,-,-,-,-,-,-,-,-,-,-,-,-,-,-,-,-,-,-,-,-,-,-,-,-,-,-,-,-,-,-,-,-,-,-,-,-,-,0,0,0,0,0,0.00,0.00,0.00,,0.00,0,0
69,,05160/25-26,Demo-Demo-WO-CA-SH-FS-RF-01280-0326,Woven,Style fashion,28/03/26,349.00,1800,0,0,0,Yes,True,370800.00,,Samim Hossain,15/06/26,0,1,,No,No,,0,,1800,0,0,0,-,-,-,-,-,-,-,,-,-,-,-,-,-,-,-,-,-,-,-,-,-,-,-,-,-,-,-,-,-,-,-,-,-,-,-,-,-,-,-,-,-,-,-,-,-,-,-,-,-,-,-,-,-,-,-,-,-,-,-,-,-,-,-,-,-,-,-,-,-,-,-,-,-,-,-,-,-,-,0,0,0,0,0,0.00,0.00,0.00,,0.00,0,0
18,,05151/25-26,DH-JB-UP-HS-3853-0326,Knits - Kids,Dhannu life,28/03/26,149.00,3500,3500,0,0,Yes,True,290500.00,,Titly Paul,25/04/26,1,1,-3,Yes,No,-3,-3,,3500,0,0,0,,,,418,,,,,,,,167200,,,,-,-,-,-,-,-,-,-,-,-,-,-,-,-,-,-,-,-,-,-,-,-,-,-,-,-,-,-,-,-,-,-,-,-,-,-,-,-,-,-,-,-,-,-,-,-,-,-,-,-,-,-,-,-,-,-,-,-,-,-,-,-,-,-,5,0,0,0,0,167200.00,0.00,167200.00,,0.00,-167200.00,0
69,,05153/25-26,Demo-JB-WO-CA-SH-FS-RF-01277-0326,Woven,Style fashion,28/03/26,299.00,1800,0,0,0,Yes,True,320400.00,,Samim Hossain,15/06/26,0,1,,No,No,,0,,1800,0,0,0,-,-,-,-,-,-,-,,-,-,-,-,-,-,-,-,-,-,-,-,-,-,-,-,-,-,-,-,-,-,-,-,-,-,-,-,-,-,-,-,-,-,-,-,-,-,-,-,-,-,-,-,-,-,-,-,-,-,-,-,-,-,-,-,-,-,-,-,-,-,-,-,-,-,-,-,-,-,-,0,0,0,0,0,0.00,0.00,0.00,,0.00,0,0
18,,05157/25-26,DH-JB-UP-HS-3856-0326,Knits - Kids,Dhannu life,28/03/26,149.00,3500,3500,0,0,Yes,True,290500.00,,Titly Paul,25/04/26,1,1,-3,Yes,No,-3,-3,,3500,0,0,0,,,,417.4,,,,,,,,194091,,,,-,-,-,-,-,-,-,-,-,-,-,-,-,-,-,-,-,-,-,-,-,-,-,-,-,-,-,-,-,-,-,-,-,-,-,-,-,-,-,-,-,-,-,-,-,-,-,-,-,-,-,-,-,-,-,-,-,-,-,-,-,-,-,-,5,0,0,0,0,194091.00,0.00,194091.00,,0.00,-194091.00,0
21,,05161/25-26,DH-Demo-UP-HS-3859-0326,Knits - Kids,Dhannu life,28/03/26,179.00,1700,0,0,0,Yes,True,193800.00,,Titly Paul,28/04/26,0,1,-3,Yes,No,-3,-3,,1700,0,0,0,-,-,-,-,-,-,-,,-,-,-,-,-,-,-,-,-,-,-,-,-,-,-,-,-,-,-,-,-,-,-,-,-,-,-,-,-,-,-,-,-,-,-,-,-,-,-,-,-,-,-,-,-,-,-,-,-,-,-,-,-,-,-,-,-,-,-,-,-,-,-,-,-,-,-,-,-,-,-,0,0,0,0,0,0.00,0.00,0.00,,0.00,0,0
84,,05101/25-26,Demo-JG-UP-HS-3763-0326,Knits - Kids,market lmtd,28/03/26,129.00,4000,0,0,0,Yes,True,320000.00,,RIA PAUL,30/06/26,0,1,6,Yes,No,6,6,,4000,0,0,0,-,-,-,-,-,-,-,,-,-,-,-,-,-,-,-,-,-,-,-,-,-,-,-,-,-,-,-,-,-,-,-,-,-,-,-,-,-,-,-,-,-,-,-,-,-,-,-,-,-,-,-,-,-,-,-,-,-,-,-,-,-,-,-,-,-,-,-,-,-,-,-,-,-,-,-,-,-,-,0,0,0,0,0,0.00,0.00,0.00,,0.00,0,0
84,,05115/25-26,Demo-JG-UP-HS-3777-0326,Knits - Kids,market lmtd,28/03/26,149.00,4000,0,0,0,Yes,True,360000.00,,RIA PAUL,30/06/26,0,1,7,Yes,No,7,7,,4000,0,0,0,-,-,-,-,-,-,-,,-,-,-,-,-,-,-,-,-,-,-,-,-,-,-,-,-,-,-,-,-,-,-,-,-,-,-,-,-,-,-,-,-,-,-,-,-,-,-,-,-,-,-,-,-,-,-,-,-,-,-,-,-,-,-,-,-,-,-,-,-,-,-,-,-,-,-,-,-,-,-,0,0,0,0,0,0.00,0.00,0.00,,0.00,0,0
84,,05109/25-26,Demo-JG-UP-HS-3771-0326,Knits - Kids,market lmtd,28/03/26,129.00,4000,0,0,0,Yes,True,320000.00,,RIA PAUL,30/06/26,0,1,6,Yes,No,6,6,,4000,0,0,0,-,-,-,-,-,-,-,,-,-,-,-,-,-,-,-,-,-,-,-,-,-,-,-,-,-,-,-,-,-,-,-,-,-,-,-,-,-,-,-,-,-,-,-,-,-,-,-,-,-,-,-,-,-,-,-,-,-,-,-,-,-,-,-,-,-,-,-,-,-,-,-,-,-,-,-,-,-,-,0,0,0,0,0,0.00,0.00,0.00,,0.00,0,0
84,,05112/25-26,Demo-JG-UP-HS-3774-0326,Knits - Kids,market lmtd,28/03/26,149.00,4000,0,0,0,Yes,True,336000.00,,RIA PAUL,30/06/26,0,1,6,Yes,No,6,6,,4000,0,0,0,-,-,-,-,-,-,-,,-,-,-,-,-,-,-,-,-,-,-,-,-,-,-,-,-,-,-,-,-,-,-,-,-,-,-,-,-,-,-,-,-,-,-,-,-,-,-,-,-,-,-,-,-,-,-,-,-,-,-,-,-,-,-,-,-,-,-,-,-,-,-,-,-,-,-,-,-,-,-,0,0,0,0,0,0.00,0.00,0.00,,0.00,0,0
74,,05126/25-26,Demo-JB-UP-HS-3865-0326,Knits - Kids,market lmtd,28/03/26,179.00,3000,0,0,0,Yes,True,360000.00,,Ananya Sen,20/06/26,0,1,5,Yes,No,5,5,,3000,0,0,0,-,-,-,-,-,-,-,,-,-,-,-,-,-,-,-,-,-,-,-,-,-,-,-,-,-,-,-,-,-,-,-,-,-,-,-,-,-,-,-,-,-,-,-,-,-,-,-,-,-,-,-,-,-,-,-,-,-,-,-,-,-,-,-,-,-,-,-,-,-,-,-,-,-,-,-,-,-,-,0,0,0,0,0,0.00,0.00,0.00,,0.00,0,0
84,,05118/25-26,Demo-JG-UP-HS-3780-0326,Knits - Kids,market lmtd,28/03/26,149.00,4000,0,0,0,Yes,True,360000.00,,RIA PAUL,30/06/26,0,1,7,Yes,No,7,7,,4000,0,0,0,-,-,-,-,-,-,-,,-,-,-,-,-,-,-,-,-,-,-,-,-,-,-,-,-,-,-,-,-,-,-,-,-,-,-,-,-,-,-,-,-,-,-,-,-,-,-,-,-,-,-,-,-,-,-,-,-,-,-,-,-,-,-,-,-,-,-,-,-,-,-,-,-,-,-,-,-,-,-,0,0,0,0,0,0.00,0.00,0.00,,0.00,0,0
84,,05121/25-26,Demo-JG-UP-HS-3783-0326,Knits - Kids,market lmtd,28/03/26,149.00,4000,0,0,0,Yes,True,360000.00,,RIA PAUL,30/06/26,0,1,7,Yes,No,7,7,,4000,0,0,0,-,-,-,-,-,-,-,,-,-,-,-,-,-,-,-,-,-,-,-,-,-,-,-,-,-,-,-,-,-,-,-,-,-,-,-,-,-,-,-,-,-,-,-,-,-,-,-,-,-,-,-,-,-,-,-,-,-,-,-,-,-,-,-,-,-,-,-,-,-,-,-,-,-,-,-,-,-,-,0,0,0,0,0,0.00,0.00,0.00,,0.00,0,0
84,,05135/25-26,Demo-SG-UP-HS-3791-0326,Knits - Kids,market lmtd,28/03/26,179.00,4000,0,0,0,Yes,True,420000.00,,RIA PAUL,30/06/26,0,1,6,Yes,No,6,6,,4000,0,0,0,-,-,-,-,-,-,-,,-,-,-,-,-,-,-,-,-,-,-,-,-,-,-,-,-,-,-,-,-,-,-,-,-,-,-,-,-,-,-,-,-,-,-,-,-,-,-,-,-,-,-,-,-,-,-,-,-,-,-,-,-,-,-,-,-,-,-,-,-,-,-,-,-,-,-,-,-,-,-,0,0,0,0,0,0.00,0.00,0.00,,0.00,0,0
74,,05129/25-26,Demo-JB-UP-HS-3868-0326,Knits - Kids,market lmtd,28/03/26,179.00,3000,0,0,0,Yes,True,360000.00,,Ananya Sen,20/06/26,0,1,5,Yes,No,5,5,,3000,0,0,0,-,-,-,-,-,-,-,,-,-,-,-,-,-,-,-,-,-,-,-,-,-,-,-,-,-,-,-,-,-,-,-,-,-,-,-,-,-,-,-,-,-,-,-,-,-,-,-,-,-,-,-,-,-,-,-,-,-,-,-,-,-,-,-,-,-,-,-,-,-,-,-,-,-,-,-,-,-,-,0,0,0,0,0,0.00,0.00,0.00,,0.00,0,0
84,,05138/25-26,Demo-SG-UP-HS-3794-0326,Knits - Kids,market lmtd,28/03/26,199.00,4000,0,0,0,Yes,True,440000.00,,RIA PAUL,30/06/26,0,1,7,Yes,No,7,7,,4000,0,0,0,-,-,-,-,-,-,-,,-,-,-,-,-,-,-,-,-,-,-,-,-,-,-,-,-,-,-,-,-,-,-,-,-,-,-,-,-,-,-,-,-,-,-,-,-,-,-,-,-,-,-,-,-,-,-,-,-,-,-,-,-,-,-,-,-,-,-,-,-,-,-,-,-,-,-,-,-,-,-,0,0,0,0,0,0.00,0.00,0.00,,0.00,0,0
20,,05141/25-26,Demo-SG-UP-HS-3797-0326,Knits - Kids,market lmtd,28/03/26,199.00,4000,0,0,0,Yes,True,440000.00,,RIA PAUL,27/04/26,0,1,7,Yes,No,7,7,,4000,0,0,0,-,-,-,-,-,-,-,,-,-,-,-,-,-,-,-,-,-,-,-,-,-,-,-,-,-,-,-,-,-,-,-,-,-,-,-,-,-,-,-,-,-,-,-,-,-,-,-,-,-,-,-,-,-,-,-,-,-,-,-,-,-,-,-,-,-,-,-,-,-,-,-,-,-,-,-,-,-,-,0,0,0,0,0,0.00,0.00,0.00,,0.00,0,0
84,,05144/25-26,Demo-SG-UP-HS-3800-0326,Knits - Kids,market lmtd,28/03/26,199.00,4000,0,0,0,Yes,True,440000.00,,RIA PAUL,30/06/26,0,1,7,Yes,No,7,7,,4000,0,0,0,-,-,-,-,-,-,-,,-,-,-,-,-,-,-,-,-,-,-,-,-,-,-,-,-,-,-,-,-,-,-,-,-,-,-,-,-,-,-,-,-,-,-,-,-,-,-,-,-,-,-,-,-,-,-,-,-,-,-,-,-,-,-,-,-,-,-,-,-,-,-,-,-,-,-,-,-,-,-,0,0,0,0,0,0.00,0.00,0.00,,0.00,0,0
69,,05156/25-26,Demo-Demo-WO-CA-SH-FS-RF-01279-0326,Woven,Style fashion,28/03/26,349.00,1800,0,0,0,Yes,True,370800.00,,Samim Hossain,15/06/26,0,1,,No,No,,0,,1800,0,0,0,-,-,-,-,-,-,-,,-,-,-,-,-,-,-,-,-,-,-,-,-,-,-,-,-,-,-,-,-,-,-,-,-,-,-,-,-,-,-,-,-,-,-,-,-,-,-,-,-,-,-,-,-,-,-,-,-,-,-,-,-,-,-,-,-,-,-,-,-,-,-,-,-,-,-,-,-,-,-,0,0,0,0,0,0.00,0.00,0.00,,0.00,0,0
21,,05165/25-26,DH-Demo-UP-HS-3863-0326,Knits - Kids,Dhannu life,28/03/26,179.00,1700,0,0,0,Yes,True,193800.00,,Titly Paul,28/04/26,0,1,-3,Yes,No,-3,-3,,1700,0,0,0,-,-,-,-,-,-,-,,-,-,-,-,-,-,-,-,-,-,-,-,-,-,-,-,-,-,-,-,-,-,-,-,-,-,-,-,-,-,-,-,-,-,-,-,-,-,-,-,-,-,-,-,-,-,-,-,-,-,-,-,-,-,-,-,-,-,-,-,-,-,-,-,-,-,-,-,-,-,-,0,0,0,0,0,0.00,0.00,0.00,,0.00,0,0
21,,05162/25-26,DH-Demo-UP-HS-3860-0326,Knits - Kids,Dhannu life,28/03/26,179.00,1700,0,0,0,Yes,True,193800.00,,Titly Paul,28/04/26,0,1,-3,Yes,No,-3,-3,,1700,0,0,0,-,-,-,-,-,-,-,,-,-,-,-,-,-,-,-,-,-,-,-,-,-,-,-,-,-,-,-,-,-,-,-,-,-,-,-,-,-,-,-,-,-,-,-,-,-,-,-,-,-,-,-,-,-,-,-,-,-,-,-,-,-,-,-,-,-,-,-,-,-,-,-,-,-,-,-,-,-,-,0,0,0,0,0,0.00,0.00,0.00,,0.00,0,0
69,,05150/25-26,Demo-Demo-WO-CA-SH-HS-RF-01276-0326,Woven,Style fashion,28/03/26,399.00,1800,0,0,0,Yes,True,428400.00,,Samim Hossain,15/06/26,0,1,,No,No,,0,,1800,0,0,0,-,-,-,-,-,-,-,,-,-,-,-,-,-,-,-,-,-,-,-,-,-,-,-,-,-,-,-,-,-,-,-,-,-,-,-,-,-,-,-,-,-,-,-,-,-,-,-,-,-,-,-,-,-,-,-,-,-,-,-,-,-,-,-,-,-,-,-,-,-,-,-,-,-,-,-,-,-,-,0,0,0,0,0,0.00,0.00,0.00,,0.00,0,0
18,,05158/25-26,DH-JB-UP-HS-3857-0326,Knits - Kids,Dhannu life,28/03/26,149.00,3500,3500,0,0,Yes,True,290500.00,,Titly Paul,25/04/26,1,1,-3,Yes,No,-3,-3,,3500,0,0,0,,,,409.1,,,,,,,,171822,,,,-,-,-,-,-,-,-,-,-,-,-,-,-,-,-,-,-,-,-,-,-,-,-,-,-,-,-,-,-,-,-,-,-,-,-,-,-,-,-,-,-,-,-,-,-,-,-,-,-,-,-,-,-,-,-,-,-,-,-,-,-,-,-,-,5,0,0,0,0,171822.00,0.00,171822.00,,0.00,-171822.00,0
84,,05100/25-26,Demo-JG-UP-HS-3762-0326,Knits - Kids,market lmtd,28/03/26,129.00,4000,0,0,0,Yes,True,320000.00,,RIA PAUL,30/06/26,0,1,6,Yes,No,6,6,,4000,0,0,0,-,-,-,-,-,-,-,,-,-,-,-,-,-,-,-,-,-,-,-,-,-,-,-,-,-,-,-,-,-,-,-,-,-,-,-,-,-,-,-,-,-,-,-,-,-,-,-,-,-,-,-,-,-,-,-,-,-,-,-,-,-,-,-,-,-,-,-,-,-,-,-,-,-,-,-,-,-,-,0,0,0,0,0,0.00,0.00,0.00,,0.00,0,0
84,,05103/25-26,Demo-JG-UP-HS-3765-0326,Knits - Kids,market lmtd,28/03/26,129.00,4000,0,0,0,Yes,True,320000.00,,RIA PAUL,30/06/26,0,1,6,Yes,No,6,6,,4000,0,0,0,-,-,-,-,-,-,-,,-,-,-,-,-,-,-,-,-,-,-,-,-,-,-,-,-,-,-,-,-,-,-,-,-,-,-,-,-,-,-,-,-,-,-,-,-,-,-,-,-,-,-,-,-,-,-,-,-,-,-,-,-,-,-,-,-,-,-,-,-,-,-,-,-,-,-,-,-,-,-,0,0,0,0,0,0.00,0.00,0.00,,0.00,0,0
84,,05106/25-26,Demo-JG-UP-HS-3768-0326,Knits - Kids,market lmtd,28/03/26,129.00,4000,0,0,0,Yes,True,320000.00,,RIA PAUL,30/06/26,0,1,6,Yes,No,6,6,,4000,0,0,0,-,-,-,-,-,-,-,,-,-,-,-,-,-,-,-,-,-,-,-,-,-,-,-,-,-,-,-,-,-,-,-,-,-,-,-,-,-,-,-,-,-,-,-,-,-,-,-,-,-,-,-,-,-,-,-,-,-,-,-,-,-,-,-,-,-,-,-,-,-,-,-,-,-,-,-,-,-,-,0,0,0,0,0,0.00,0.00,0.00,,0.00,0,0
84,,05132/25-26,Demo-SG-UP-HS-3788-0326,Knits - Kids,market lmtd,28/03/26,179.00,4000,0,0,0,Yes,True,420000.00,,RIA PAUL,30/06/26,0,1,6,Yes,No,6,6,,4000,0,0,0,-,-,-,-,-,-,-,,-,-,-,-,-,-,-,-,-,-,-,-,-,-,-,-,-,-,-,-,-,-,-,-,-,-,-,-,-,-,-,-,-,-,-,-,-,-,-,-,-,-,-,-,-,-,-,-,-,-,-,-,-,-,-,-,-,-,-,-,-,-,-,-,-,-,-,-,-,-,-,0,0,0,0,0,0.00,0.00,0.00,,0.00,0,0
84,,05120/25-26,Demo-JG-UP-HS-3782-0326,Knits - Kids,market lmtd,28/03/26,149.00,4000,0,0,0,Yes,True,360000.00,,RIA PAUL,30/06/26,0,1,7,Yes,No,7,7,,4000,0,0,0,-,-,-,-,-,-,-,,-,-,-,-,-,-,-,-,-,-,-,-,-,-,-,-,-,-,-,-,-,-,-,-,-,-,-,-,-,-,-,-,-,-,-,-,-,-,-,-,-,-,-,-,-,-,-,-,-,-,-,-,-,-,-,-,-,-,-,-,-,-,-,-,-,-,-,-,-,-,-,0,0,0,0,0,0.00,0.00,0.00,,0.00,0,0
84,,05114/25-26,Demo-JG-UP-HS-3776-0326,Knits - Kids,market lmtd,28/03/26,149.00,4000,0,0,0,Yes,True,336000.00,,RIA PAUL,30/06/26,0,1,6,Yes,No,6,6,,4000,0,0,0,-,-,-,-,-,-,-,,-,-,-,-,-,-,-,-,-,-,-,-,-,-,-,-,-,-,-,-,-,-,-,-,-,-,-,-,-,-,-,-,-,-,-,-,-,-,-,-,-,-,-,-,-,-,-,-,-,-,-,-,-,-,-,-,-,-,-,-,-,-,-,-,-,-,-,-,-,-,-,0,0,0,0,0,0.00,0.00,0.00,,0.00,0,0
84,,05117/25-26,Demo-JG-UP-HS-3779-0326,Knits - Kids,market lmtd,28/03/26,149.00,4000,0,0,0,Yes,True,360000.00,,RIA PAUL,30/06/26,0,1,7,Yes,No,7,7,,4000,0,0,0,-,-,-,-,-,-,-,,-,-,-,-,-,-,-,-,-,-,-,-,-,-,-,-,-,-,-,-,-,-,-,-,-,-,-,-,-,-,-,-,-,-,-,-,-,-,-,-,-,-,-,-,-,-,-,-,-,-,-,-,-,-,-,-,-,-,-,-,-,-,-,-,-,-,-,-,-,-,-,0,0,0,0,0,0.00,0.00,0.00,,0.00,0,0
74,,05128/25-26,Demo-JB-UP-HS-3867-0326,Knits - Kids,market lmtd,28/03/26,179.00,3000,0,0,0,Yes,True,360000.00,,Ananya Sen,20/06/26,0,1,5,Yes,No,5,5,,3000,0,0,0,-,-,-,-,-,-,-,,-,-,-,-,-,-,-,-,-,-,-,-,-,-,-,-,-,-,-,-,-,-,-,-,-,-,-,-,-,-,-,-,-,-,-,-,-,-,-,-,-,-,-,-,-,-,-,-,-,-,-,-,-,-,-,-,-,-,-,-,-,-,-,-,-,-,-,-,-,-,-,0,0,0,0,0,0.00,0.00,0.00,,0.00,0,0
74,,05125/25-26,Demo-JB-UP-HS-3864-0326,Knits - Kids,market lmtd,28/03/26,179.00,3000,0,0,0,Yes,True,360000.00,,Ananya Sen,20/06/26,0,1,5,Yes,No,5,5,,3000,0,0,0,-,-,-,-,-,-,-,,-,-,-,-,-,-,-,-,-,-,-,-,-,-,-,-,-,-,-,-,-,-,-,-,-,-,-,-,-,-,-,-,-,-,-,-,-,-,-,-,-,-,-,-,-,-,-,-,-,-,-,-,-,-,-,-,-,-,-,-,-,-,-,-,-,-,-,-,-,-,-,0,0,0,0,0,0.00,0.00,0.00,,0.00,0,0
69,,05146/25-26,Demo-JB-WO-CA-SH-FS-RF-01273-0326,Woven,Style fashion,28/03/26,349.00,1800,0,0,0,Yes,True,351000.00,,Samim Hossain,15/06/26,0,1,,No,No,,0,,1800,0,0,0,-,-,-,-,-,-,-,,-,-,-,-,-,-,-,-,-,-,-,-,-,-,-,-,-,-,-,-,-,-,-,-,-,-,-,-,-,-,-,-,-,-,-,-,-,-,-,-,-,-,-,-,-,-,-,-,-,-,-,-,-,-,-,-,-,-,-,-,-,-,-,-,-,-,-,-,-,-,-,0,0,0,0,0,0.00,0.00,0.00,,0.00,0,0
84,,05123/25-26,Demo-JG-UP-HS-3785-0326,Knits - Kids,market lmtd,28/03/26,149.00,4000,0,0,0,Yes,True,360000.00,,RIA PAUL,30/06/26,0,1,7,Yes,No,7,7,,4000,0,0,0,-,-,-,-,-,-,-,,-,-,-,-,-,-,-,-,-,-,-,-,-,-,-,-,-,-,-,-,-,-,-,-,-,-,-,-,-,-,-,-,-,-,-,-,-,-,-,-,-,-,-,-,-,-,-,-,-,-,-,-,-,-,-,-,-,-,-,-,-,-,-,-,-,-,-,-,-,-,-,0,0,0,0,0,0.00,0.00,0.00,,0.00,0,0
69,,05149/25-26,Demo-JB-WO-CA-SH-HS-RF-01275-0326,Woven,Style fashion,28/03/26,349.00,1800,0,0,0,Yes,True,351000.00,,Samim Hossain,15/06/26,0,1,,No,No,,0,,1800,0,0,0,-,-,-,-,-,-,-,,-,-,-,-,-,-,-,-,-,-,-,-,-,-,-,-,-,-,-,-,-,-,-,-,-,-,-,-,-,-,-,-,-,-,-,-,-,-,-,-,-,-,-,-,-,-,-,-,-,-,-,-,-,-,-,-,-,-,-,-,-,-,-,-,-,-,-,-,-,-,-,0,0,0,0,0,0.00,0.00,0.00,,0.00,0,0
21,,05164/25-26,DH-Demo-UP-HS-3862-0326,Knits - Kids,Dhannu life,28/03/26,179.00,1700,0,0,0,Yes,True,193800.00,,Titly Paul,28/04/26,0,1,-3,Yes,No,-3,-3,,1700,0,0,0,-,-,-,-,-,-,-,,-,-,-,-,-,-,-,-,-,-,-,-,-,-,-,-,-,-,-,-,-,-,-,-,-,-,-,-,-,-,-,-,-,-,-,-,-,-,-,-,-,-,-,-,-,-,-,-,-,-,-,-,-,-,-,-,-,-,-,-,-,-,-,-,-,-,-,-,-,-,-,0,0,0,0,0,0.00,0.00,0.00,,0.00,0,0
84,,05140/25-26,Demo-SG-UP-HS-3796-0326,Knits - Kids,market lmtd,28/03/26,199.00,4000,0,0,0,Yes,True,440000.00,,RIA PAUL,30/06/26,0,1,7,Yes,No,7,7,,4000,0,0,0,-,-,-,-,-,-,-,,-,-,-,-,-,-,-,-,-,-,-,-,-,-,-,-,-,-,-,-,-,-,-,-,-,-,-,-,-,-,-,-,-,-,-,-,-,-,-,-,-,-,-,-,-,-,-,-,-,-,-,-,-,-,-,-,-,-,-,-,-,-,-,-,-,-,-,-,-,-,-,0,0,0,0,0,0.00,0.00,0.00,,0.00,0,0
84,,05143/25-26,Demo-SG-UP-HS-3799-0326,Knits - Kids,market lmtd,28/03/26,199.00,4000,0,0,0,Yes,True,440000.00,,RIA PAUL,30/06/26,0,1,7,Yes,No,7,7,,4000,0,0,0,-,-,-,-,-,-,-,,-,-,-,-,-,-,-,-,-,-,-,-,-,-,-,-,-,-,-,-,-,-,-,-,-,-,-,-,-,-,-,-,-,-,-,-,-,-,-,-,-,-,-,-,-,-,-,-,-,-,-,-,-,-,-,-,-,-,-,-,-,-,-,-,-,-,-,-,-,-,-,0,0,0,0,0,0.00,0.00,0.00,,0.00,0,0
18,,05152/25-26,DH-JB-UP-HS-3854-0326,Knits - Kids,Dhannu life,28/03/26,149.00,3500,3500,0,0,Yes,True,290500.00,,Titly Paul,25/04/26,1,1,-3,Yes,No,-3,-3,,3500,0,0,0,-,-,-,-,-,-,-,,-,-,-,-,-,-,-,-,-,-,-,-,-,-,-,-,-,-,-,-,-,-,-,-,-,-,-,-,-,-,-,-,-,-,-,-,-,-,-,-,-,-,-,-,-,-,-,-,-,-,-,-,-,-,-,-,-,-,-,-,-,-,-,-,-,-,-,-,-,-,-,5,0,0,0,0,0.00,0.00,0.00,,0.00,0,0
69,,05154/25-26,Demo-JB-WO-CA-SH-FS-RF-01278-0326,Woven,Style fashion,28/03/26,178.00,1800,0,0,0,Yes,True,538200.00,,Samim Hossain,15/06/26,0,1,,No,No,,0,,1800,0,0,0,-,-,-,-,-,-,-,,-,-,-,-,-,-,-,-,-,-,-,-,-,-,-,-,-,-,-,-,-,-,-,-,-,-,-,-,-,-,-,-,-,-,-,-,-,-,-,-,-,-,-,-,-,-,-,-,-,-,-,-,-,-,-,-,-,-,-,-,-,-,-,-,-,-,-,-,-,-,-,0,0,0,0,0,0.00,0.00,0.00,,0.00,0,0
13,,05168/25-26,Demo-JB-WO-CA-SH-HS-RF-01282-0326,Woven,market lmtd,30/03/26,199.00,1200,0,0,0,Yes,True,146400.00,,Ananya Ghosh,20/04/26,0,1,1,No,Yes,1,0,,1200,0,0,0,-,-,-,-,-,-,-,,-,-,-,-,-,-,-,-,-,-,-,-,-,-,-,-,-,-,-,-,-,-,-,-,-,-,-,-,-,-,-,-,-,-,-,-,-,-,-,-,-,-,-,-,-,-,-,-,-,-,-,-,-,-,-,-,-,-,-,-,-,-,-,-,-,-,-,-,-,-,-,0,7,0,0,0,0.00,0.00,0.00,,0.00,0,0
13,,05174/25-26,Demo-JB-WO-CA-SH-HS-RF-01288-0326,Woven,market lmtd,30/03/26,199.00,1000,0,0,0,Yes,True,122000.00,,Ananya Ghosh,20/04/26,0,1,1,No,Yes,1,0,,1000,0,0,0,-,-,-,-,-,-,-,,-,-,-,-,-,-,-,-,-,-,-,-,-,-,-,-,-,-,-,-,-,-,-,-,-,-,-,-,-,-,-,-,-,-,-,-,-,-,-,-,-,-,-,-,-,-,-,-,-,-,-,-,-,-,-,-,-,-,-,-,-,-,-,-,-,-,-,-,-,-,-,0,7,0,0,0,0.00,0.00,0.00,,0.00,0,0
13,,05171/25-26,Demo-JB-WO-CA-SH-HS-RF-01285-0326,Woven,market lmtd,30/03/26,199.00,2000,0,0,0,Yes,True,244000.00,,Ananya Ghosh,20/04/26,0,1,1,No,Yes,1,0,,2000,0,0,0,-,-,-,-,-,-,-,,-,-,-,-,-,-,-,-,-,-,-,-,-,-,-,-,-,-,-,-,-,-,-,-,-,-,-,-,-,-,-,-,-,-,-,-,-,-,-,-,-,-,-,-,-,-,-,-,-,-,-,-,-,-,-,-,-,-,-,-,-,-,-,-,-,-,-,-,-,-,-,0,7,0,0,0,0.00,0.00,0.00,,0.00,0,0
13,,05172/25-26,Demo-JB-WO-CA-SH-HS-RF-01286-0326,Woven,market lmtd,30/03/26,199.00,800,0,0,0,Yes,True,97600.00,,Ananya Ghosh,20/04/26,0,1,1,No,Yes,1,0,,800,0,0,0,-,-,-,-,-,-,-,,-,-,-,-,-,-,-,-,-,-,-,-,-,-,-,-,-,-,-,-,-,-,-,-,-,-,-,-,-,-,-,-,-,-,-,-,-,-,-,-,-,-,-,-,-,-,-,-,-,-,-,-,-,-,-,-,-,-,-,-,-,-,-,-,-,-,-,-,-,-,-,0,7,0,0,0,0.00,0.00,0.00,,0.00,0,0
54,,05175/25-26,Demo-UP-HS-3870-0326,Knits - Kids,Raju mega amrt,30/03/26,109.00,6000,0,0,0,Yes,True,390720.00,,SUBHAJIT PATRA,31/05/26,0,1,,No,No,,0,,6000,0,0,0,-,-,-,-,-,-,-,,-,-,-,-,-,-,-,-,-,-,-,-,-,-,-,-,-,-,-,-,-,-,-,-,-,-,-,-,-,-,-,-,-,-,-,-,-,-,-,-,-,-,-,-,-,-,-,-,-,-,-,-,-,-,-,-,-,-,-,-,-,-,-,-,-,-,-,-,-,-,-,0,0,0,0,0,0.00,0.00,0.00,,49.26,0,0
13,,05169/25-26,Demo-JB-WO-CA-SH-HS-RF-01283-0326,Woven,market lmtd,30/03/26,199.00,4000,0,0,0,Yes,True,488000.00,,Ananya Ghosh,20/04/26,0,1,1,No,Yes,1,0,,4000,0,0,0,-,-,-,-,-,-,-,,-,-,-,-,-,-,-,-,-,-,-,-,-,-,-,-,-,-,-,-,-,-,-,-,-,-,-,-,-,-,-,-,-,-,-,-,-,-,-,-,-,-,-,-,-,-,-,-,-,-,-,-,-,-,-,-,-,-,-,-,-,-,-,-,-,-,-,-,-,-,-,0,7,0,0,0,0.00,0.00,0.00,,0.00,0,0
54,,05176/25-26,Demo-UP-HS-3871-0326,Knits - Kids,Raju mega amrt,30/03/26,113.00,6996,0,0,0,Yes,True,790548.00,,SUBHAJIT PATRA,31/05/26,0,1,1,Yes,Yes,1,1,,6996,0,0,0,-,-,-,-,-,-,-,,-,-,-,-,-,-,-,-,-,-,-,-,-,-,-,-,-,-,-,-,-,-,-,-,-,-,-,-,-,-,-,-,-,-,-,-,-,-,-,-,-,-,-,-,-,-,-,-,-,-,-,-,-,-,-,-,-,-,-,-,-,-,-,-,-,-,-,-,-,-,-,0,0,0,0,0,0.00,0.00,0.00,,104.98,0,0
13,,05173/25-26,Demo-JB-WO-CA-SH-HS-RF-01287-0326,Woven,market lmtd,30/03/26,199.00,1700,0,0,0,Yes,True,207400.00,,Ananya Ghosh,20/04/26,0,1,1,No,Yes,1,0,,1700,0,0,0,-,-,-,-,-,-,-,,-,-,-,-,-,-,-,-,-,-,-,-,-,-,-,-,-,-,-,-,-,-,-,-,-,-,-,-,-,-,-,-,-,-,-,-,-,-,-,-,-,-,-,-,-,-,-,-,-,-,-,-,-,-,-,-,-,-,-,-,-,-,-,-,-,-,-,-,-,-,-,0,7,0,0,0,0.00,0.00,0.00,,0.00,0,0
13,,05170/25-26,Demo-JB-WO-CA-SH-HS-RF-01284-0326,Woven,market lmtd,30/03/26,199.00,700,0,0,0,Yes,True,85400.00,,Ananya Ghosh,20/04/26,0,1,1,No,Yes,1,0,,700,0,0,0,-,-,-,-,-,-,-,,-,-,-,-,-,-,-,-,-,-,-,-,-,-,-,-,-,-,-,-,-,-,-,-,-,-,-,-,-,-,-,-,-,-,-,-,-,-,-,-,-,-,-,-,-,-,-,-,-,-,-,-,-,-,-,-,-,-,-,-,-,-,-,-,-,-,-,-,-,-,-,0,7,0,0,0,0.00,0.00,0.00,,0.00,0,0
13,,05167/25-26,Demo-JB-WO-CA-SH-HS-RF-01281-0326,Woven,market lmtd,30/03/26,199.00,2000,0,0,0,Yes,True,244000.00,,Ananya Ghosh,20/04/26,0,1,1,No,Yes,1,0,,2000,0,0,0,-,-,-,-,-,-,-,,-,-,-,-,-,-,-,-,-,-,-,-,-,-,-,-,-,-,-,-,-,-,-,-,-,-,-,-,-,-,-,-,-,-,-,-,-,-,-,-,-,-,-,-,-,-,-,-,-,-,-,-,-,-,-,-,-,-,-,-,-,-,-,-,-,-,-,-,-,-,-,0,7,0,0,0,0.00,0.00,0.00,,0.00,0,0
89,,05177/25-26,Demo-MU-KN-CA-TS-FS-RF-0190-0326,Knits - Men,C2 ltd,31/03/26,375.00,5598,0,0,0,Yes,True,1371510.00,,KARTIK DAS,05/07/26,0,1,-12,Yes,No,-12,-12,,5598,0,0,0,-,-,-,-,-,-,-,,-,-,-,-,-,-,-,-,-,-,-,-,-,-,-,-,-,-,-,-,-,-,-,-,-,-,-,-,-,-,-,-,-,-,-,-,-,-,-,-,-,-,-,-,-,-,-,-,-,-,-,-,-,-,-,-,-,-,-,-,-,-,-,-,-,-,-,-,-,-,-,0,0,0,0,0,0.00,0.00,0.00,,0.00,0,0
151,,05180/25-26,Demo-MU-KN-CA-TS-FS-RF-0193-0326,Knits - Men,C2 ltd,31/03/26,375.00,6902,0,0,0,Yes,True,1690990.00,,KARTIK DAS,05/09/26,0,1,-12,Yes,No,-12,-12,,6902,0,0,0,-,-,-,-,-,-,-,,-,-,-,-,-,-,-,-,-,-,-,-,-,-,-,-,-,-,-,-,-,-,-,-,-,-,-,-,-,-,-,-,-,-,-,-,-,-,-,-,-,-,-,-,-,-,-,-,-,-,-,-,-,-,-,-,-,-,-,-,-,-,-,-,-,-,-,-,-,-,-,0,0,0,0,0,0.00,0.00,0.00,,0.00,0,0
85,,05183/25-26,Demo-LU-KN-CA-TS-HS-SF-0196-0336,Knits - Men,g mart,31/03/26,249.00,6256,0,0,0,Yes,True,769488.00,,KARTIK DAS,01/07/26,0,1,1,Yes,No,1,1,,6256,0,0,0,-,-,-,-,-,-,-,,-,-,-,-,-,-,-,-,-,-,-,-,-,-,-,-,-,-,-,-,-,-,-,-,-,-,-,-,-,-,-,-,-,-,-,-,-,-,-,-,-,-,-,-,-,-,-,-,-,-,-,-,-,-,-,-,-,-,-,-,-,-,-,-,-,-,-,-,-,-,-,0,0,0,0,0,0.00,0.00,0.00,,0.00,0,0
85,,05186/25-26,Demo-LU-KN-CA-TS-HS-SF-0199-0336,Knits - Men,g mart,31/03/26,249.00,6256,0,0,0,Yes,True,769488.00,,KARTIK DAS,01/07/26,0,1,1,Yes,No,1,1,,6256,0,0,0,-,-,-,-,-,-,-,,-,-,-,-,-,-,-,-,-,-,-,-,-,-,-,-,-,-,-,-,-,-,-,-,-,-,-,-,-,-,-,-,-,-,-,-,-,-,-,-,-,-,-,-,-,-,-,-,-,-,-,-,-,-,-,-,-,-,-,-,-,-,-,-,-,-,-,-,-,-,-,0,0,0,0,0,0.00,0.00,0.00,,0.00,0,0
120,,05179/25-26,Demo-MU-KN-CA-TS-FS-RF-0192-0326,Knits - Men,C2 ltd,31/03/26,375.00,4900,0,0,0,Yes,True,1200500.00,,KARTIK DAS,05/08/26,0,1,-12,Yes,No,-12,-12,,4900,0,0,0,-,-,-,-,-,-,-,,-,-,-,-,-,-,-,-,-,-,-,-,-,-,-,-,-,-,-,-,-,-,-,-,-,-,-,-,-,-,-,-,-,-,-,-,-,-,-,-,-,-,-,-,-,-,-,-,-,-,-,-,-,-,-,-,-,-,-,-,-,-,-,-,-,-,-,-,-,-,-,0,0,0,0,0,0.00,0.00,0.00,,0.00,0,0
120,,05182/25-26,Demo-MU-KN-CA-TS-FS-RF-0195-0336,Knits - Men,C2 ltd,31/03/26,375.00,5600,0,0,0,Yes,True,1372000.00,,KARTIK DAS,05/08/26,0,1,-12,Yes,No,-12,-12,,5600,0,0,0,-,-,-,-,-,-,-,,-,-,-,-,-,-,-,-,-,-,-,-,-,-,-,-,-,-,-,-,-,-,-,-,-,-,-,-,-,-,-,-,-,-,-,-,-,-,-,-,-,-,-,-,-,-,-,-,-,-,-,-,-,-,-,-,-,-,-,-,-,-,-,-,-,-,-,-,-,-,-,0,0,0,0,0,0.00,0.00,0.00,,0.00,0,0
85,,05185/25-26,Demo-LU-KN-CA-TS-HS-SF-0198-0336,Knits - Men,g mart,31/03/26,249.00,6256,0,0,0,Yes,True,769488.00,,KARTIK DAS,01/07/26,0,1,1,Yes,No,1,1,,6256,0,0,0,-,-,-,-,-,-,-,,-,-,-,-,-,-,-,-,-,-,-,-,-,-,-,-,-,-,-,-,-,-,-,-,-,-,-,-,-,-,-,-,-,-,-,-,-,-,-,-,-,-,-,-,-,-,-,-,-,-,-,-,-,-,-,-,-,-,-,-,-,-,-,-,-,-,-,-,-,-,-,0,0,0,0,0,0.00,0.00,0.00,,0.00,0,0
151,,05181/25-26,Demo-MU-KN-CA-TS-FS-RF-0194-0336,Knits - Men,C2 ltd,31/03/26,375.00,5598,0,0,0,Yes,True,1371510.00,,KARTIK DAS,05/09/26,0,1,-12,Yes,No,-12,-12,,5598,0,0,0,-,-,-,-,-,-,-,,-,-,-,-,-,-,-,-,-,-,-,-,-,-,-,-,-,-,-,-,-,-,-,-,-,-,-,-,-,-,-,-,-,-,-,-,-,-,-,-,-,-,-,-,-,-,-,-,-,-,-,-,-,-,-,-,-,-,-,-,-,-,-,-,-,-,-,-,-,-,-,0,0,0,0,0,0.00,0.00,0.00,,0.00,0,0
89,,05178/25-26,Demo-MU-KN-CA-TS-FS-RF-0191-0326,Knits - Men,C2 ltd,31/03/26,375.00,2802,0,0,0,Yes,True,1050750.00,,KARTIK DAS,05/07/26,0,1,-12,Yes,No,-12,-12,,2802,0,0,0,-,-,-,-,-,-,-,,-,-,-,-,-,-,-,-,-,-,-,-,-,-,-,-,-,-,-,-,-,-,-,-,-,-,-,-,-,-,-,-,-,-,-,-,-,-,-,-,-,-,-,-,-,-,-,-,-,-,-,-,-,-,-,-,-,-,-,-,-,-,-,-,-,-,-,-,-,-,-,0,0,0,0,0,0.00,0.00,0.00,,0.00,0,0
85,,05184/25-26,Demo-LU-KN-CA-TS-HS-SF-0197-0336,Knits - Men,g mart,31/03/26,249.00,6256,0,0,0,Yes,True,769488.00,,KARTIK DAS,01/07/26,0,1,1,Yes,No,1,1,,6256,0,0,0,-,-,-,-,-,-,-,,-,-,-,-,-,-,-,-,-,-,-,-,-,-,-,-,-,-,-,-,-,-,-,-,-,-,-,-,-,-,-,-,-,-,-,-,-,-,-,-,-,-,-,-,-,-,-,-,-,-,-,-,-,-,-,-,-,-,-,-,-,-,-,-,-,-,-,-,-,-,-,0,0,0,0,0,0.00,0.00,0.00,,0.00,0,0
84,,00025/26-27,Demo-Demo-WO-CA-SH-HS-RF-01294-0426,Woven,Style fashion,01/04/26,299.00,2400,0,0,0,Yes,True,372000.00,,Samim Hossain,30/06/26,0,1,,No,No,,0,,2400,0,0,0,-,-,-,-,-,-,-,,-,-,-,-,-,-,-,-,-,-,-,-,-,-,-,-,-,-,-,-,-,-,-,-,-,-,-,-,-,-,-,-,-,-,-,-,-,-,-,-,-,-,-,-,-,-,-,-,-,-,-,-,-,-,-,-,-,-,-,-,-,-,-,-,-,-,-,-,-,-,-,0,0,0,0,0,0.00,0.00,0.00,,0.00,0,0
84,,00022/26-27,Demo-Demo-WO-CA-SH-FS-RF-01291-0426,Woven,Style fashion,01/04/26,249.00,3000,0,0,0,Yes,True,405000.00,,Samim Hossain,30/06/26,0,1,,No,No,,0,,3000,0,0,0,-,-,-,-,-,-,-,,-,-,-,-,-,-,-,-,-,-,-,-,-,-,-,-,-,-,-,-,-,-,-,-,-,-,-,-,-,-,-,-,-,-,-,-,-,-,-,-,-,-,-,-,-,-,-,-,-,-,-,-,-,-,-,-,-,-,-,-,-,-,-,-,-,-,-,-,-,-,-,0,0,0,0,0,0.00,0.00,0.00,,0.00,0,0
74,,00008/26-27,Demo-jB-UP-HS-3690-0326,Knits - Kids,market lmtd,01/04/26,199.00,2500,0,0,0,Yes,True,300000.00,,Ananya Sen,20/06/26,0,1,,No,No,,0,,2500,0,0,0,-,-,-,-,-,-,-,,-,-,-,-,-,-,-,-,-,-,-,-,-,-,-,-,-,-,-,-,-,-,-,-,-,-,-,-,-,-,-,-,-,-,-,-,-,-,-,-,-,-,-,-,-,-,-,-,-,-,-,-,-,-,-,-,-,-,-,-,-,-,-,-,-,-,-,-,-,-,-,0,0,0,0,0,0.00,0.00,0.00,,0.00,0,0
115,,00002/26-27,Demo-JB-WO-CA-SH-HS-RF-01290-0426,Woven,Raju mega amrt,01/04/26,199.00,8000,0,0,0,Yes,True,896000.00,,MD SAMIM SK,31/07/26,0,1,,No,No,,0,,8000,0,0,0,-,-,-,-,-,-,-,,-,-,-,-,-,-,-,-,-,-,-,-,-,-,-,-,-,-,-,-,-,-,-,-,-,-,-,-,-,-,-,-,-,-,-,-,-,-,-,-,-,-,-,-,-,-,-,-,-,-,-,-,-,-,-,-,-,-,-,-,-,-,-,-,-,-,-,-,-,-,-,0,0,0,0,0,0.00,0.00,0.00,,0.00,0,0
74,,00014/26-27,Demo-JB-SET-HS-3814-0326,Knits - Kids,market lmtd,01/04/26,249.00,2000,0,0,0,Yes,True,282000.00,,Ananya Sen,20/06/26,0,2,,No,No,,0,,2000,0,0,0,-,-,-,-,-,-,-,,-,-,-,-,-,-,-,-,-,-,-,-,-,-,-,-,-,-,-,-,-,-,-,-,-,-,-,-,-,-,-,-,-,-,-,-,-,-,-,-,-,-,-,-,-,-,-,-,-,-,-,-,-,-,-,-,-,-,-,-,-,-,-,-,-,-,-,-,-,-,-,0,0,0,0,0,0.00,0.00,0.00,,0.00,0,0
74,,00005/26-27,Demo-Demo-UP-HS-3687-0326,Knits - Kids,market lmtd,01/04/26,249.00,2500,0,0,0,Yes,True,380000.00,,Ananya Sen,20/06/26,0,1,,No,No,,0,,2500,0,0,0,-,-,-,-,-,-,-,,-,-,-,-,-,-,-,-,-,-,-,-,-,-,-,-,-,-,-,-,-,-,-,-,-,-,-,-,-,-,-,-,-,-,-,-,-,-,-,-,-,-,-,-,-,-,-,-,-,-,-,-,-,-,-,-,-,-,-,-,-,-,-,-,-,-,-,-,-,-,-,0,0,0,0,0,0.00,0.00,0.00,,0.00,0,0
74,,00011/26-27,Demo-Demo-UP-HS-3918-0326,Knits - Kids,market lmtd,01/04/26,249.00,2500,0,0,0,Yes,True,380000.00,,Ananya Sen,20/06/26,0,1,,No,No,,0,,2500,0,0,0,-,-,-,-,-,-,-,,-,-,-,-,-,-,-,-,-,-,-,-,-,-,-,-,-,-,-,-,-,-,-,-,-,-,-,-,-,-,-,-,-,-,-,-,-,-,-,-,-,-,-,-,-,-,-,-,-,-,-,-,-,-,-,-,-,-,-,-,-,-,-,-,-,-,-,-,-,-,-,0,0,0,0,0,0.00,0.00,0.00,,0.00,0,0
74,,00009/26-27,Demo-jB-UP-HS-3691-0326,Knits - Kids,market lmtd,01/04/26,199.00,2500,0,0,0,Yes,True,300000.00,,Ananya Sen,20/06/26,0,1,,No,No,,0,,2500,0,0,0,-,-,-,-,-,-,-,,-,-,-,-,-,-,-,-,-,-,-,-,-,-,-,-,-,-,-,-,-,-,-,-,-,-,-,-,-,-,-,-,-,-,-,-,-,-,-,-,-,-,-,-,-,-,-,-,-,-,-,-,-,-,-,-,-,-,-,-,-,-,-,-,-,-,-,-,-,-,-,0,0,0,0,0,0.00,0.00,0.00,,0.00,0,0
74,,00006/26-27,Demo-Demo-UP-HS-3688-0326,Knits - Kids,market lmtd,01/04/26,249.00,2500,0,0,0,Yes,True,380000.00,,Ananya Sen,20/06/26,0,1,,No,No,,0,,2500,0,0,0,-,-,-,-,-,-,-,,-,-,-,-,-,-,-,-,-,-,-,-,-,-,-,-,-,-,-,-,-,-,-,-,-,-,-,-,-,-,-,-,-,-,-,-,-,-,-,-,-,-,-,-,-,-,-,-,-,-,-,-,-,-,-,-,-,-,-,-,-,-,-,-,-,-,-,-,-,-,-,0,0,0,0,0,0.00,0.00,0.00,,0.00,0,0
84,,00023/26-27,Demo-Demo-WO-CA-SH-FS-RF-01292-0426,Woven,Style fashion,01/04/26,135.00,3000,0,0,0,Yes,True,747000.00,,Samim Hossain,30/06/26,0,1,,No,No,,0,,3000,0,0,0,-,-,-,-,-,-,-,,-,-,-,-,-,-,-,-,-,-,-,-,-,-,-,-,-,-,-,-,-,-,-,-,-,-,-,-,-,-,-,-,-,-,-,-,-,-,-,-,-,-,-,-,-,-,-,-,-,-,-,-,-,-,-,-,-,-,-,-,-,-,-,-,-,-,-,-,-,-,-,0,0,0,0,0,0.00,0.00,0.00,,0.00,0,0
74,,00003/26-27,Demo-Demo-UP-HS-3685-0326,Knits - Kids,market lmtd,01/04/26,249.00,2500,0,0,0,Yes,True,380000.00,,Ananya Sen,20/06/26,0,1,,No,No,,0,,2500,0,0,0,-,-,-,-,-,-,-,,-,-,-,-,-,-,-,-,-,-,-,-,-,-,-,-,-,-,-,-,-,-,-,-,-,-,-,-,-,-,-,-,-,-,-,-,-,-,-,-,-,-,-,-,-,-,-,-,-,-,-,-,-,-,-,-,-,-,-,-,-,-,-,-,-,-,-,-,-,-,-,0,0,0,0,0,0.00,0.00,0.00,,0.00,0,0
74,,00017/26-27,Demo-JB-SET-HS-3817-0326,Knits - Kids,market lmtd,01/04/26,249.00,2000,0,0,0,Yes,True,282000.00,,Ananya Sen,20/06/26,0,2,,No,No,,0,,2000,0,0,0,-,-,-,-,-,-,-,,-,-,-,-,-,-,-,-,-,-,-,-,-,-,-,-,-,-,-,-,-,-,-,-,-,-,-,-,-,-,-,-,-,-,-,-,-,-,-,-,-,-,-,-,-,-,-,-,-,-,-,-,-,-,-,-,-,-,-,-,-,-,-,-,-,-,-,-,-,-,-,0,0,0,0,0,0.00,0.00,0.00,,0.00,0,0
74,,00020/26-27,Demo-JB-SET-HS-3820-0326,Knits - Kids,market lmtd,01/04/26,249.00,2000,0,0,0,Yes,True,282000.00,,Ananya Sen,20/06/26,0,2,,No,No,,0,,2000,0,0,0,-,-,-,-,-,-,-,,-,-,-,-,-,-,-,-,-,-,-,-,-,-,-,-,-,-,-,-,-,-,-,-,-,-,-,-,-,-,-,-,-,-,-,-,-,-,-,-,-,-,-,-,-,-,-,-,-,-,-,-,-,-,-,-,-,-,-,-,-,-,-,-,-,-,-,-,-,-,-,0,0,0,0,0,0.00,0.00,0.00,,0.00,0,0
74,,00007/26-27,Demo-jB-UP-HS-3689-0326,Knits - Kids,market lmtd,01/04/26,199.00,2500,0,0,0,Yes,True,300000.00,,Ananya Sen,20/06/26,0,1,,No,No,,0,,2500,0,0,0,-,-,-,-,-,-,-,,-,-,-,-,-,-,-,-,-,-,-,-,-,-,-,-,-,-,-,-,-,-,-,-,-,-,-,-,-,-,-,-,-,-,-,-,-,-,-,-,-,-,-,-,-,-,-,-,-,-,-,-,-,-,-,-,-,-,-,-,-,-,-,-,-,-,-,-,-,-,-,0,0,0,0,0,0.00,0.00,0.00,,0.00,0,0
74,,00010/26-27,Demo-jB-UP-HS-3692-0326,Knits - Kids,market lmtd,01/04/26,199.00,2500,0,0,0,Yes,True,300000.00,,Ananya Sen,20/06/26,0,1,,No,No,,0,,2500,0,0,0,-,-,-,-,-,-,-,,-,-,-,-,-,-,-,-,-,-,-,-,-,-,-,-,-,-,-,-,-,-,-,-,-,-,-,-,-,-,-,-,-,-,-,-,-,-,-,-,-,-,-,-,-,-,-,-,-,-,-,-,-,-,-,-,-,-,-,-,-,-,-,-,-,-,-,-,-,-,-,0,0,0,0,0,0.00,0.00,0.00,,0.00,0,0
74,,00013/26-27,Demo-JB-SET-HS-3812-0326,Knits - Kids,market lmtd,01/04/26,249.00,2000,0,0,0,Yes,True,282000.00,,Ananya Sen,20/06/26,0,2,,No,No,,0,,2000,0,0,0,-,-,-,-,-,-,-,,-,-,-,-,-,-,-,-,-,-,-,-,-,-,-,-,-,-,-,-,-,-,-,-,-,-,-,-,-,-,-,-,-,-,-,-,-,-,-,-,-,-,-,-,-,-,-,-,-,-,-,-,-,-,-,-,-,-,-,-,-,-,-,-,-,-,-,-,-,-,-,0,0,0,0,0,0.00,0.00,0.00,,0.00,0,0
74,,00019/26-27,Demo-JB-SET-HS-3819-0326,Knits - Kids,market lmtd,01/04/26,249.00,2000,0,0,0,Yes,True,282000.00,,Ananya Sen,20/06/26,0,2,,No,No,,0,,2000,0,0,0,-,-,-,-,-,-,-,,-,-,-,-,-,-,-,-,-,-,-,-,-,-,-,-,-,-,-,-,-,-,-,-,-,-,-,-,-,-,-,-,-,-,-,-,-,-,-,-,-,-,-,-,-,-,-,-,-,-,-,-,-,-,-,-,-,-,-,-,-,-,-,-,-,-,-,-,-,-,-,0,0,0,0,0,0.00,0.00,0.00,,0.00,0,0
74,,00016/26-27,Demo-JB-SET-HS-3816-0326,Knits - Kids,market lmtd,01/04/26,249.00,2000,0,0,0,Yes,True,282000.00,,Ananya Sen,20/06/26,0,2,,No,No,,0,,2000,0,0,0,-,-,-,-,-,-,-,,-,-,-,-,-,-,-,-,-,-,-,-,-,-,-,-,-,-,-,-,-,-,-,-,-,-,-,-,-,-,-,-,-,-,-,-,-,-,-,-,-,-,-,-,-,-,-,-,-,-,-,-,-,-,-,-,-,-,-,-,-,-,-,-,-,-,-,-,-,-,-,0,0,0,0,0,0.00,0.00,0.00,,0.00,0,0
84,,00001/26-27,Demo-Demo-WO-CA-SH-FS-RF-01289-0426,Woven,Raju mega amrt,01/04/26,499.00,5400,0,0,0,Yes,True,1306800.00,,MD SAMIM SK,30/06/26,0,1,0,Yes,No,0,0,,5400,0,0,0,-,-,-,-,-,-,-,,-,-,-,-,-,-,-,-,-,-,-,-,-,-,-,-,-,-,-,-,-,-,-,-,-,-,-,-,-,-,-,-,-,-,-,-,-,-,-,-,-,-,-,-,-,-,-,-,-,-,-,-,-,-,-,-,-,-,-,-,-,-,-,-,-,-,-,-,-,-,-,0,0,0,0,0,0.00,0.00,0.00,,0.00,0,0
74,,00015/26-27,Demo-JB-SET-HS-3815-0326,Knits - Kids,market lmtd,01/04/26,249.00,2000,0,0,0,Yes,True,282000.00,,Ananya Sen,20/06/26,0,2,,No,No,,0,,2000,0,0,0,-,-,-,-,-,-,-,,-,-,-,-,-,-,-,-,-,-,-,-,-,-,-,-,-,-,-,-,-,-,-,-,-,-,-,-,-,-,-,-,-,-,-,-,-,-,-,-,-,-,-,-,-,-,-,-,-,-,-,-,-,-,-,-,-,-,-,-,-,-,-,-,-,-,-,-,-,-,-,0,0,0,0,0,0.00,0.00,0.00,,0.00,0,0
74,,00004/26-27,Demo-Demo-UP-HS-3686-0326,Knits - Kids,market lmtd,01/04/26,249.00,2500,0,0,0,Yes,True,380000.00,,Ananya Sen,20/06/26,0,1,,No,No,,0,,2500,0,0,0,-,-,-,-,-,-,-,,-,-,-,-,-,-,-,-,-,-,-,-,-,-,-,-,-,-,-,-,-,-,-,-,-,-,-,-,-,-,-,-,-,-,-,-,-,-,-,-,-,-,-,-,-,-,-,-,-,-,-,-,-,-,-,-,-,-,-,-,-,-,-,-,-,-,-,-,-,-,-,0,0,0,0,0,0.00,0.00,0.00,,0.00,0,0
74,,00012/26-27,Demo-Demo-UP-HS-3919-0326,Knits - Kids,market lmtd,01/04/26,249.00,2500,0,0,0,Yes,True,380000.00,,Ananya Sen,20/06/26,0,1,,No,No,,0,,2500,0,0,0,-,-,-,-,-,-,-,,-,-,-,-,-,-,-,-,-,-,-,-,-,-,-,-,-,-,-,-,-,-,-,-,-,-,-,-,-,-,-,-,-,-,-,-,-,-,-,-,-,-,-,-,-,-,-,-,-,-,-,-,-,-,-,-,-,-,-,-,-,-,-,-,-,-,-,-,-,-,-,0,0,0,0,0,0.00,0.00,0.00,,0.00,0,0
74,,00018/26-27,Demo-JB-SET-HS-3818-0326,Knits - Kids,market lmtd,01/04/26,249.00,2000,0,0,0,Yes,True,282000.00,,Ananya Sen,20/06/26,0,2,,No,No,,0,,2000,0,0,0,-,-,-,-,-,-,-,,-,-,-,-,-,-,-,-,-,-,-,-,-,-,-,-,-,-,-,-,-,-,-,-,-,-,-,-,-,-,-,-,-,-,-,-,-,-,-,-,-,-,-,-,-,-,-,-,-,-,-,-,-,-,-,-,-,-,-,-,-,-,-,-,-,-,-,-,-,-,-,0,0,0,0,0,0.00,0.00,0.00,,0.00,0,0
74,,00021/26-27,Demo-JB-SET-HS-3821-0326,Knits - Kids,market lmtd,01/04/26,249.00,2000,0,0,0,Yes,True,282000.00,,Ananya Sen,20/06/26,0,2,,No,No,,0,,2000,0,0,0,-,-,-,-,-,-,-,,-,-,-,-,-,-,-,-,-,-,-,-,-,-,-,-,-,-,-,-,-,-,-,-,-,-,-,-,-,-,-,-,-,-,-,-,-,-,-,-,-,-,-,-,-,-,-,-,-,-,-,-,-,-,-,-,-,-,-,-,-,-,-,-,-,-,-,-,-,-,-,0,0,0,0,0,0.00,0.00,0.00,,0.00,0,0
84,,00024/26-27,Demo-Demo-WO-CA-SH-HS-RF-01293-0426,Woven,Style fashion,01/04/26,299.00,2400,0,0,0,Yes,True,372000.00,,Samim Hossain,30/06/26,0,1,,No,No,,0,,2400,0,0,0,-,-,-,-,-,-,-,,-,-,-,-,-,-,-,-,-,-,-,-,-,-,-,-,-,-,-,-,-,-,-,-,-,-,-,-,-,-,-,-,-,-,-,-,-,-,-,-,-,-,-,-,-,-,-,-,-,-,-,-,-,-,-,-,-,-,-,-,-,-,-,-,-,-,-,-,-,-,-,0,0,0,0,0,0.00,0.00,0.00,,0.00,0,0
115,,00028/26-27,Demo-JB-WO-CA-SH-FS-RF-01297-0426,Woven,Style fashion,02/04/26,299.00,1200,0,0,0,Yes,True,289200.00,,Samim Hossain,31/07/26,0,1,,No,No,,0,,1200,0,0,0,-,-,-,-,-,-,-,,-,-,-,-,-,-,-,-,-,-,-,-,-,-,-,-,-,-,-,-,-,-,-,-,-,-,-,-,-,-,-,-,-,-,-,-,-,-,-,-,-,-,-,-,-,-,-,-,-,-,-,-,-,-,-,-,-,-,-,-,-,-,-,-,-,-,-,-,-,-,-,0,0,0,0,0,0.00,0.00,0.00,,0.00,0,0
115,,00026/26-27,Demo-Demo-WO-CA-SH-FS-RF-01295-0426,Woven,Style fashion,02/04/26,499.00,1200,0,0,0,Yes,True,332400.00,,Samim Hossain,31/07/26,0,1,,No,No,,0,,1200,0,0,0,-,-,-,-,-,-,-,,-,-,-,-,-,-,-,-,-,-,-,-,-,-,-,-,-,-,-,-,-,-,-,-,-,-,-,-,-,-,-,-,-,-,-,-,-,-,-,-,-,-,-,-,-,-,-,-,-,-,-,-,-,-,-,-,-,-,-,-,-,-,-,-,-,-,-,-,-,-,-,0,0,0,0,0,0.00,0.00,0.00,,0.00,0,0
25,,00029/26-27,Demo-JB-WO-CA-SH-FS-RF-01298-0426,Woven,Style fashion,02/04/26,299.00,1200,0,0,0,Yes,True,289200.00,,Samim Hossain,02/05/26,0,1,,No,No,,0,,1200,0,0,0,-,-,-,-,-,-,-,,-,-,-,-,-,-,-,-,-,-,-,-,-,-,-,-,-,-,-,-,-,-,-,-,-,-,-,-,-,-,-,-,-,-,-,-,-,-,-,-,-,-,-,-,-,-,-,-,-,-,-,-,-,-,-,-,-,-,-,-,-,-,-,-,-,-,-,-,-,-,-,0,0,0,0,0,0.00,0.00,0.00,,0.00,0,0
115,,00027/26-27,Demo-Demo-WO-CA-SH-FS-RF-01296-0426,Woven,Style fashion,02/04/26,499.00,1201,0,0,0,Yes,True,332677.00,,Samim Hossain,31/07/26,0,1,,No,No,,0,,1201,0,0,0,-,-,-,-,-,-,-,,-,-,-,-,-,-,-,-,-,-,-,-,-,-,-,-,-,-,-,-,-,-,-,-,-,-,-,-,-,-,-,-,-,-,-,-,-,-,-,-,-,-,-,-,-,-,-,-,-,-,-,-,-,-,-,-,-,-,-,-,-,-,-,-,-,-,-,-,-,-,-,0,0,0,0,0,0.00,0.00,0.00,,0.00,0,0
59,,00036/26-27,Demo-MU-KN-CA-TS-RN-HS-RF-CS-0019-0426,Knits - Men,Dhannu life,03/04/26,,3301,0,0,0,Yes,True,346605.00,,Priya Das Chowdhury,05/06/26,0,1,1,Yes,Yes,1,1,,3301,0,0,0,-,-,-,-,-,-,-,,-,-,-,-,-,-,-,-,-,-,-,-,-,-,-,-,-,-,-,-,-,-,-,-,-,-,-,-,-,-,-,-,-,-,-,-,-,-,-,-,-,-,-,-,-,-,-,-,-,-,-,-,-,-,-,-,-,-,-,-,-,-,-,-,-,-,-,-,-,-,-,0,0,0,0,0,0.00,0.00,0.00,,0.00,0,0
59,,00033/26-27,Demo-MU-KN-CA-TS-RN-HS-RF-CS-0016-0426,Knits - Men,Dhannu life,03/04/26,,1600,0,0,0,Yes,True,168000.00,,Priya Das Chowdhury,05/06/26,0,1,1,Yes,Yes,1,1,,1600,0,0,0,-,-,-,-,-,-,-,,-,-,-,-,-,-,-,-,-,-,-,-,-,-,-,-,-,-,-,-,-,-,-,-,-,-,-,-,-,-,-,-,-,-,-,-,-,-,-,-,-,-,-,-,-,-,-,-,-,-,-,-,-,-,-,-,-,-,-,-,-,-,-,-,-,-,-,-,-,-,-,0,0,0,0,0,0.00,0.00,0.00,,0.00,0,0
59,,00031/26-27,Demo-MU-KN-CA-TS-RN-HS-RF-CS-0014-0426,Knits - Men,Dhannu life,03/04/26,,3301,0,0,0,Yes,True,346605.00,,Priya Das Chowdhury,05/06/26,0,1,1,Yes,Yes,1,1,,3301,0,0,0,-,-,-,-,-,-,-,,-,-,-,-,-,-,-,-,-,-,-,-,-,-,-,-,-,-,-,-,-,-,-,-,-,-,-,-,-,-,-,-,-,-,-,-,-,-,-,-,-,-,-,-,-,-,-,-,-,-,-,-,-,-,-,-,-,-,-,-,-,-,-,-,-,-,-,-,-,-,-,0,0,0,0,0,0.00,0.00,0.00,,0.00,0,0
59,,00034/26-27,Demo-MU-KN-CA-TS-RN-HS-RF-CS-0017-0426,Knits - Men,Dhannu life,03/04/26,,3301,0,0,0,Yes,True,346605.00,,Priya Das Chowdhury,05/06/26,0,1,1,Yes,Yes,1,1,,3301,0,0,0,-,-,-,-,-,-,-,,-,-,-,-,-,-,-,-,-,-,-,-,-,-,-,-,-,-,-,-,-,-,-,-,-,-,-,-,-,-,-,-,-,-,-,-,-,-,-,-,-,-,-,-,-,-,-,-,-,-,-,-,-,-,-,-,-,-,-,-,-,-,-,-,-,-,-,-,-,-,-,0,0,0,0,0,0.00,0.00,0.00,,0.00,0,0
59,,00037/26-27,Demo-MU-KN-CA-TS-RN-HS-RF-CS-0020-0426,Knits - Men,Dhannu life,03/04/26,,3301,0,0,0,Yes,True,346605.00,,Priya Das Chowdhury,05/06/26,0,1,1,Yes,Yes,1,1,,3301,0,0,0,-,-,-,-,-,-,-,,-,-,-,-,-,-,-,-,-,-,-,-,-,-,-,-,-,-,-,-,-,-,-,-,-,-,-,-,-,-,-,-,-,-,-,-,-,-,-,-,-,-,-,-,-,-,-,-,-,-,-,-,-,-,-,-,-,-,-,-,-,-,-,-,-,-,-,-,-,-,-,0,0,0,0,0,0.00,0.00,0.00,,0.00,0,0
59,,00030/26-27,Demo-MU-KN-CA-TS-RN-HS-RF-CS-0013-0426,Knits - Men,Dhannu life,03/04/26,,1600,0,0,0,Yes,True,168000.00,,Priya Das Chowdhury,05/06/26,0,1,1,Yes,Yes,1,1,,1600,0,0,0,-,-,-,-,-,-,-,,-,-,-,-,-,-,-,-,-,-,-,-,-,-,-,-,-,-,-,-,-,-,-,-,-,-,-,-,-,-,-,-,-,-,-,-,-,-,-,-,-,-,-,-,-,-,-,-,-,-,-,-,-,-,-,-,-,-,-,-,-,-,-,-,-,-,-,-,-,-,-,0,0,0,0,0,0.00,0.00,0.00,,0.00,0,0
59,,00035/26-27,Demo-MU-KN-CA-TS-RN-HS-RF-CS-0018-0426,Knits - Men,Dhannu life,03/04/26,,3301,0,0,0,Yes,True,346605.00,,Priya Das Chowdhury,05/06/26,0,1,1,Yes,Yes,1,1,,3301,0,0,0,-,-,-,-,-,-,-,,-,-,-,-,-,-,-,-,-,-,-,-,-,-,-,-,-,-,-,-,-,-,-,-,-,-,-,-,-,-,-,-,-,-,-,-,-,-,-,-,-,-,-,-,-,-,-,-,-,-,-,-,-,-,-,-,-,-,-,-,-,-,-,-,-,-,-,-,-,-,-,0,0,0,0,0,0.00,0.00,0.00,,0.00,0,0
59,,00032/26-27,Demo-MU-KN-CA-TS-RN-HS-RF-CS-0015-0426,Knits - Men,Dhannu life,03/04/26,,1600,0,0,0,Yes,True,168000.00,,Priya Das Chowdhury,05/06/26,0,1,1,Yes,Yes,1,1,,1600,0,0,0,-,-,-,-,-,-,-,,-,-,-,-,-,-,-,-,-,-,-,-,-,-,-,-,-,-,-,-,-,-,-,-,-,-,-,-,-,-,-,-,-,-,-,-,-,-,-,-,-,-,-,-,-,-,-,-,-,-,-,-,-,-,-,-,-,-,-,-,-,-,-,-,-,-,-,-,-,-,-,0,0,0,0,0,0.00,0.00,0.00,,0.00,0,0
59,,00049/26-27,Demo-MU-KN-CA-TS-RN-HS-RF-CS-0008-0426,Knits - Men,Dhannu life,04/04/26,,3301,0,0,0,Yes,True,389518.00,,Priya Das Chowdhury,05/06/26,0,1,0,Yes,Yes,0,0,,3301,0,0,0,-,-,-,-,-,-,-,,-,-,-,-,-,-,-,-,-,-,-,-,-,-,-,-,-,-,-,-,-,-,-,-,-,-,-,-,-,-,-,-,-,-,-,-,-,-,-,-,-,-,-,-,-,-,-,-,-,-,-,-,-,-,-,-,-,-,-,-,-,-,-,-,-,-,-,-,-,-,-,0,0,0,0,0,0.00,0.00,0.00,,0.00,0,0
59,,00043/26-27,Demo-MU-KN-CA-TS-RN-HS-RF-CS-0002-0426,Knits - Men,Dhannu life,04/04/26,,3301,0,0,0,Yes,True,389518.00,,Priya Das Chowdhury,05/06/26,0,1,0,Yes,Yes,0,0,,3301,0,0,0,-,-,-,-,-,-,-,,-,-,-,-,-,-,-,-,-,-,-,-,-,-,-,-,-,-,-,-,-,-,-,-,-,-,-,-,-,-,-,-,-,-,-,-,-,-,-,-,-,-,-,-,-,-,-,-,-,-,-,-,-,-,-,-,-,-,-,-,-,-,-,-,-,-,-,-,-,-,-,0,0,0,0,0,0.00,0.00,0.00,,0.00,0,0
23,,00054/26-27,Demo-IB-UP-HS-3920-0426.,Knits - Kids,bangur client,04/04/26,79.00,2001,2001,0,0,Yes,True,109054.50,,Titly Paul,30/04/26,1,1,,No,No,,0,,2001,0,0,0,-,-,-,-,-,-,-,,-,-,-,-,-,-,-,-,-,-,-,-,-,-,-,-,-,-,-,-,-,-,-,-,-,-,-,-,-,-,-,-,-,-,-,-,-,-,-,-,-,-,-,-,-,-,-,-,-,-,-,-,-,-,-,-,-,-,-,-,-,-,-,-,-,-,-,-,-,-,-,0,0,0,0,0,0.00,0.00,0.00,,0.00,0,0
59,,00039/26-27,Demo-MU-KN-CA-TS-RN-HS-RF-CS-0022-0426,Knits - Men,Dhannu life,04/04/26,,1600,0,0,0,Yes,True,168000.00,,Priya Das Chowdhury,05/06/26,0,1,0,Yes,Yes,0,0,,1600,0,0,0,-,-,-,-,-,-,-,,-,-,-,-,-,-,-,-,-,-,-,-,-,-,-,-,-,-,-,-,-,-,-,-,-,-,-,-,-,-,-,-,-,-,-,-,-,-,-,-,-,-,-,-,-,-,-,-,-,-,-,-,-,-,-,-,-,-,-,-,-,-,-,-,-,-,-,-,-,-,-,0,0,0,0,0,0.00,0.00,0.00,,0.00,0,0
23,,00057/26-27,Demo-IB-UP-HS-3923-0426.,Knits - Kids,bangur client,04/04/26,79.00,2001,2001,0,0,Yes,True,109054.50,,Titly Paul,30/04/26,1,1,,No,No,,0,,2001,0,0,0,-,-,-,-,-,-,-,,-,-,-,-,-,-,-,-,-,-,-,-,-,-,-,-,-,-,-,-,-,-,-,-,-,-,-,-,-,-,-,-,-,-,-,-,-,-,-,-,-,-,-,-,-,-,-,-,-,-,-,-,-,-,-,-,-,-,-,-,-,-,-,-,-,-,-,-,-,-,-,0,0,0,0,0,0.00,0.00,0.00,,0.00,0,0
59,,00046/26-27,Demo-MU-KN-CA-TS-RN-HS-RF-CS-0005-0426,Knits - Men,Dhannu life,04/04/26,,3301,0,0,0,Yes,True,389518.00,,Priya Das Chowdhury,05/06/26,0,1,0,Yes,Yes,0,0,,3301,0,0,0,-,-,-,-,-,-,-,,-,-,-,-,-,-,-,-,-,-,-,-,-,-,-,-,-,-,-,-,-,-,-,-,-,-,-,-,-,-,-,-,-,-,-,-,-,-,-,-,-,-,-,-,-,-,-,-,-,-,-,-,-,-,-,-,-,-,-,-,-,-,-,-,-,-,-,-,-,-,-,0,0,0,0,0,0.00,0.00,0.00,,0.00,0,0
59,,00040/26-27,Demo-MU-KN-CA-TS-RN-HS-RF-CS-0023-0426,Knits - Men,Dhannu life,04/04/26,,1600,0,0,0,Yes,True,168000.00,,Priya Das Chowdhury,05/06/26,0,1,0,Yes,Yes,0,0,,1600,0,0,0,-,-,-,-,-,-,-,,-,-,-,-,-,-,-,-,-,-,-,-,-,-,-,-,-,-,-,-,-,-,-,-,-,-,-,-,-,-,-,-,-,-,-,-,-,-,-,-,-,-,-,-,-,-,-,-,-,-,-,-,-,-,-,-,-,-,-,-,-,-,-,-,-,-,-,-,-,-,-,0,0,0,0,0,0.00,0.00,0.00,,0.00,0,0
59,,00052/26-27,Demo-MU-KN-CA-TS-RN-HS-RF-CS-0011-0426,Knits - Men,Dhannu life,04/04/26,,1600,0,0,0,Yes,True,188800.00,,Priya Das Chowdhury,05/06/26,0,1,0,Yes,Yes,0,0,,1600,0,0,0,-,-,-,-,-,-,-,,-,-,-,-,-,-,-,-,-,-,-,-,-,-,-,-,-,-,-,-,-,-,-,-,-,-,-,-,-,-,-,-,-,-,-,-,-,-,-,-,-,-,-,-,-,-,-,-,-,-,-,-,-,-,-,-,-,-,-,-,-,-,-,-,-,-,-,-,-,-,-,0,0,0,0,0,0.00,0.00,0.00,,0.00,0,0
74,,00060/26-27,Demo-JB-SET-HS-3926-0426,Knits - Kids,Raju mega amrt,04/04/26,199.00,8799,0,0,0,Yes,True,1152669.00,,SUBHAJIT PATRA,20/06/26,0,2,,No,No,,0,,8799,0,0,0,-,-,-,-,-,-,-,,-,-,-,-,-,-,-,-,-,-,-,-,-,-,-,-,-,-,-,-,-,-,-,-,-,-,-,-,-,-,-,-,-,-,-,-,-,-,-,-,-,-,-,-,-,-,-,-,-,-,-,-,-,-,-,-,-,-,-,-,-,-,-,-,-,-,-,-,-,-,-,0,0,0,0,0,0.00,0.00,0.00,,113.67,0,0
59,,00045/26-27,Demo-MU-KN-CA-TS-RN-HS-RF-CS-0004-0426,Knits - Men,Dhannu life,04/04/26,,1600,0,0,0,Yes,True,188800.00,,Priya Das Chowdhury,05/06/26,0,1,0,Yes,Yes,0,0,,1600,0,0,0,-,-,-,-,-,-,-,,-,-,-,-,-,-,-,-,-,-,-,-,-,-,-,-,-,-,-,-,-,-,-,-,-,-,-,-,-,-,-,-,-,-,-,-,-,-,-,-,-,-,-,-,-,-,-,-,-,-,-,-,-,-,-,-,-,-,-,-,-,-,-,-,-,-,-,-,-,-,-,0,0,0,0,0,0.00,0.00,0.00,,0.00,0,0
59,,00042/26-27,Demo-MU-KN-CA-TS-RN-HS-RF-CS-0001-0426,Knits - Men,Dhannu life,04/04/26,,1600,0,0,0,Yes,True,188800.00,,Priya Das Chowdhury,05/06/26,0,1,0,Yes,Yes,0,0,,1600,0,0,0,-,-,-,-,-,-,-,,-,-,-,-,-,-,-,-,-,-,-,-,-,-,-,-,-,-,-,-,-,-,-,-,-,-,-,-,-,-,-,-,-,-,-,-,-,-,-,-,-,-,-,-,-,-,-,-,-,-,-,-,-,-,-,-,-,-,-,-,-,-,-,-,-,-,-,-,-,-,-,0,0,0,0,0,0.00,0.00,0.00,,0.00,0,0
59,,00038/26-27,Demo-MU-KN-CA-TS-RN-HS-RF-CS-0021-0426,Knits - Men,Dhannu life,04/04/26,,1600,0,0,0,Yes,True,168000.00,,Priya Das Chowdhury,05/06/26,0,1,0,Yes,Yes,0,0,,1600,0,0,0,-,-,-,-,-,-,-,,-,-,-,-,-,-,-,-,-,-,-,-,-,-,-,-,-,-,-,-,-,-,-,-,-,-,-,-,-,-,-,-,-,-,-,-,-,-,-,-,-,-,-,-,-,-,-,-,-,-,-,-,-,-,-,-,-,-,-,-,-,-,-,-,-,-,-,-,-,-,-,0,0,0,0,0,0.00,0.00,0.00,,0.00,0,0
59,,00041/26-27,Demo-MU-KN-CA-TS-RN-HS-RF-CS-0024-0426,Knits - Men,Dhannu life,04/04/26,,1600,0,0,0,Yes,True,168000.00,,Priya Das Chowdhury,05/06/26,0,1,0,Yes,Yes,0,0,,1600,0,0,0,-,-,-,-,-,-,-,,-,-,-,-,-,-,-,-,-,-,-,-,-,-,-,-,-,-,-,-,-,-,-,-,-,-,-,-,-,-,-,-,-,-,-,-,-,-,-,-,-,-,-,-,-,-,-,-,-,-,-,-,-,-,-,-,-,-,-,-,-,-,-,-,-,-,-,-,-,-,-,0,0,0,0,0,0.00,0.00,0.00,,0.00,0,0
59,,00051/26-27,Demo-MU-KN-CA-TS-RN-HS-RF-CS-0010-0426,Knits - Men,Dhannu life,04/04/26,,1600,0,0,0,Yes,True,188800.00,,Priya Das Chowdhury,05/06/26,0,1,0,Yes,Yes,0,0,,1600,0,0,0,-,-,-,-,-,-,-,,-,-,-,-,-,-,-,-,-,-,-,-,-,-,-,-,-,-,-,-,-,-,-,-,-,-,-,-,-,-,-,-,-,-,-,-,-,-,-,-,-,-,-,-,-,-,-,-,-,-,-,-,-,-,-,-,-,-,-,-,-,-,-,-,-,-,-,-,-,-,-,0,0,0,0,0,0.00,0.00,0.00,,0.00,0,0
59,,00048/26-27,Demo-MU-KN-CA-TS-RN-HS-RF-CS-0007-0426,Knits - Men,Dhannu life,04/04/26,,3301,0,0,0,Yes,True,389518.00,,Priya Das Chowdhury,05/06/26,0,1,0,Yes,Yes,0,0,,3301,0,0,0,-,-,-,-,-,-,-,,-,-,-,-,-,-,-,-,-,-,-,-,-,-,-,-,-,-,-,-,-,-,-,-,-,-,-,-,-,-,-,-,-,-,-,-,-,-,-,-,-,-,-,-,-,-,-,-,-,-,-,-,-,-,-,-,-,-,-,-,-,-,-,-,-,-,-,-,-,-,-,0,0,0,0,0,0.00,0.00,0.00,,0.00,0,0
23,,00059/26-27,Demo-IB-UP-HS-3925-0426.,Knits - Kids,bangur client,04/04/26,79.00,2001,2001,0,0,Yes,True,109054.50,,Titly Paul,30/04/26,1,1,,No,No,,0,,2001,0,0,0,-,-,-,-,-,-,-,,-,-,-,-,-,-,-,-,-,-,-,-,-,-,-,-,-,-,-,-,-,-,-,-,-,-,-,-,-,-,-,-,-,-,-,-,-,-,-,-,-,-,-,-,-,-,-,-,-,-,-,-,-,-,-,-,-,-,-,-,-,-,-,-,-,-,-,-,-,-,-,0,0,0,0,0,0.00,0.00,0.00,,0.00,0,0
23,,00056/26-27,Demo-IB-UP-HS-3922-0426.,Knits - Kids,bangur client,04/04/26,79.00,2001,2001,0,0,Yes,True,109054.50,,Titly Paul,30/04/26,1,1,,No,No,,0,,2001,0,0,0,-,-,-,-,-,-,-,,-,-,-,-,-,-,-,-,-,-,-,-,-,-,-,-,-,-,-,-,-,-,-,-,-,-,-,-,-,-,-,-,-,-,-,-,-,-,-,-,-,-,-,-,-,-,-,-,-,-,-,-,-,-,-,-,-,-,-,-,-,-,-,-,-,-,-,-,-,-,-,0,0,0,0,0,0.00,0.00,0.00,,0.00,0,0
23,,00055/26-27,Demo-IB-UP-HS-3921-0426.,Knits - Kids,bangur client,04/04/26,79.00,2001,2001,0,0,Yes,True,109054.50,,Titly Paul,30/04/26,1,1,,No,No,,0,,2001,0,0,0,-,-,-,-,-,-,-,,-,-,-,-,-,-,-,-,-,-,-,-,-,-,-,-,-,-,-,-,-,-,-,-,-,-,-,-,-,-,-,-,-,-,-,-,-,-,-,-,-,-,-,-,-,-,-,-,-,-,-,-,-,-,-,-,-,-,-,-,-,-,-,-,-,-,-,-,-,-,-,0,0,0,0,0,0.00,0.00,0.00,,0.00,0,0
59,,00044/26-27,Demo-MU-KN-CA-TS-RN-HS-RF-CS-0003-0426,Knits - Men,Dhannu life,04/04/26,,1600,0,0,0,Yes,True,188800.00,,Priya Das Chowdhury,05/06/26,0,1,0,Yes,Yes,0,0,,1600,0,0,0,-,-,-,-,-,-,-,,-,-,-,-,-,-,-,-,-,-,-,-,-,-,-,-,-,-,-,-,-,-,-,-,-,-,-,-,-,-,-,-,-,-,-,-,-,-,-,-,-,-,-,-,-,-,-,-,-,-,-,-,-,-,-,-,-,-,-,-,-,-,-,-,-,-,-,-,-,-,-,0,0,0,0,0,0.00,0.00,0.00,,0.00,0,0
59,,00047/26-27,Demo-MU-KN-CA-TS-RN-HS-RF-CS-0006-0426,Knits - Men,Dhannu life,04/04/26,,3301,0,0,0,Yes,True,389518.00,,Priya Das Chowdhury,05/06/26,0,1,0,Yes,Yes,0,0,,3301,0,0,0,-,-,-,-,-,-,-,,-,-,-,-,-,-,-,-,-,-,-,-,-,-,-,-,-,-,-,-,-,-,-,-,-,-,-,-,-,-,-,-,-,-,-,-,-,-,-,-,-,-,-,-,-,-,-,-,-,-,-,-,-,-,-,-,-,-,-,-,-,-,-,-,-,-,-,-,-,-,-,0,0,0,0,0,0.00,0.00,0.00,,0.00,0,0
74,,00061/26-27,Demo-JB-SET-HS-3927-0426,Knits - Kids,Raju mega amrt,04/04/26,199.00,8799,0,0,0,Yes,True,1152669.00,,SUBHAJIT PATRA,20/06/26,0,2,,No,No,,0,,8799,0,0,0,-,-,-,-,-,-,-,,-,-,-,-,-,-,-,-,-,-,-,-,-,-,-,-,-,-,-,-,-,-,-,-,-,-,-,-,-,-,-,-,-,-,-,-,-,-,-,-,-,-,-,-,-,-,-,-,-,-,-,-,-,-,-,-,-,-,-,-,-,-,-,-,-,-,-,-,-,-,-,0,0,0,0,0,0.00,0.00,0.00,,115.21,0,0
23,,00058/26-27,Demo-IB-UP-HS-3924-0426.,Knits - Kids,bangur client,04/04/26,79.00,2001,2001,0,0,Yes,True,109054.50,,Titly Paul,30/04/26,1,1,,No,No,,0,,2001,0,0,0,-,-,-,-,-,-,-,,-,-,-,-,-,-,-,-,-,-,-,-,-,-,-,-,-,-,-,-,-,-,-,-,-,-,-,-,-,-,-,-,-,-,-,-,-,-,-,-,-,-,-,-,-,-,-,-,-,-,-,-,-,-,-,-,-,-,-,-,-,-,-,-,-,-,-,-,-,-,-,0,0,0,0,0,0.00,0.00,0.00,,0.00,0,0
59,,00050/26-27,Demo-MU-KN-CA-TS-RN-HS-RF-CS-0009-0426,Knits - Men,Dhannu life,04/04/26,,1600,0,0,0,Yes,True,188800.00,,Priya Das Chowdhury,05/06/26,0,1,0,Yes,Yes,0,0,,1600,0,0,0,-,-,-,-,-,-,-,,-,-,-,-,-,-,-,-,-,-,-,-,-,-,-,-,-,-,-,-,-,-,-,-,-,-,-,-,-,-,-,-,-,-,-,-,-,-,-,-,-,-,-,-,-,-,-,-,-,-,-,-,-,-,-,-,-,-,-,-,-,-,-,-,-,-,-,-,-,-,-,0,0,0,0,0,0.00,0.00,0.00,,0.00,0,0
59,,00053/26-27,Demo-MU-KN-CA-TS-RN-HS-RF-CS-0012-0426,Knits - Men,Dhannu life,04/04/26,,1600,0,0,0,Yes,True,188800.00,,Priya Das Chowdhury,05/06/26,0,1,0,Yes,Yes,0,0,,1600,0,0,0,-,-,-,-,-,-,-,,-,-,-,-,-,-,-,-,-,-,-,-,-,-,-,-,-,-,-,-,-,-,-,-,-,-,-,-,-,-,-,-,-,-,-,-,-,-,-,-,-,-,-,-,-,-,-,-,-,-,-,-,-,-,-,-,-,-,-,-,-,-,-,-,-,-,-,-,-,-,-,0,0,0,0,0,0.00,0.00,0.00,,0.00,0,0
115,,00063/26-27,Demo-Demo-WO-CA-SH-FS-RF-01300-0426,Woven,Style fashion,06/04/26,299.00,3000,0,0,0,Yes,True,519000.00,,Samim Hossain,31/07/26,0,1,,No,No,,0,,3000,0,0,0,-,-,-,-,-,-,-,,-,-,-,-,-,-,-,-,-,-,-,-,-,-,-,-,-,-,-,-,-,-,-,-,-,-,-,-,-,-,-,-,-,-,-,-,-,-,-,-,-,-,-,-,-,-,-,-,-,-,-,-,-,-,-,-,-,-,-,-,-,-,-,-,-,-,-,-,-,-,-,0,0,0,0,0,0.00,0.00,0.00,,0.00,0,0
115,,00062/26-27,Demo-Demo-WO-CA-SH-FS-RF-01299-0426,Others,Style fashion,06/04/26,299.00,3000,0,0,0,Yes,True,519000.00,,Samim Hossain,31/07/26,0,1,,No,No,,0,,3000,0,0,0,-,-,-,-,-,-,-,,-,-,-,-,-,-,-,-,-,-,-,-,-,-,-,-,-,-,-,-,-,-,-,-,-,-,-,-,-,-,-,-,-,-,-,-,-,-,-,-,-,-,-,-,-,-,-,-,-,-,-,-,-,-,-,-,-,-,-,-,-,-,-,-,-,-,-,-,-,-,-,0,0,0,0,0,0.00,0.00,0.00,,0.00,0,0
115,,00064/26-27,Demo-Demo-WO-CA-SH-FS-RF-01301-0426,Woven,Style fashion,06/04/26,299.00,3000,0,0,0,Yes,True,519000.00,,Samim Hossain,31/07/26,0,1,,No,No,,0,,3000,0,0,0,-,-,-,-,-,-,-,,-,-,-,-,-,-,-,-,-,-,-,-,-,-,-,-,-,-,-,-,-,-,-,-,-,-,-,-,-,-,-,-,-,-,-,-,-,-,-,-,-,-,-,-,-,-,-,-,-,-,-,-,-,-,-,-,-,-,-,-,-,-,-,-,-,-,-,-,-,-,-,0,0,0,0,0,0.00,0.00,0.00,,0.00,0,0
74,,00068/26-27,Demo-JB-SET-HS-3931-0426,Knits - Kids,Raju mega amrt,07/04/26,199.00,8802,0,0,0,Yes,True,1153062.00,,SUBHAJIT PATRA,20/06/26,0,2,,No,No,,0,,8802,0,0,0,-,-,-,-,-,-,-,,-,-,-,-,-,-,-,-,-,-,-,-,-,-,-,-,-,-,-,-,-,-,-,-,-,-,-,-,-,-,-,-,-,-,-,-,-,-,-,-,-,-,-,-,-,-,-,-,-,-,-,-,-,-,-,-,-,-,-,-,-,-,-,-,-,-,-,-,-,-,-,0,0,0,0,0,0.00,0.00,0.00,,125.96,0,0
74,,00065/26-27,Demo-JB-SET-HS-3928-0426,Knits - Kids,Raju mega amrt,07/04/26,199.00,8802,0,0,0,Yes,True,1153062.00,,SUBHAJIT PATRA,20/06/26,0,2,,No,No,,0,,8802,0,0,0,-,-,-,-,-,-,-,,-,-,-,-,-,-,-,-,-,-,-,-,-,-,-,-,-,-,-,-,-,-,-,-,-,-,-,-,-,-,-,-,-,-,-,-,-,-,-,-,-,-,-,-,-,-,-,-,-,-,-,-,-,-,-,-,-,-,-,-,-,-,-,-,-,-,-,-,-,-,-,0,0,0,0,0,0.00,0.00,0.00,,122.94,0,0
74,,00069/26-27,Demo-JB-SET-HS-3932-0426,Knits - Kids,Raju mega amrt,07/04/26,199.00,8802,0,0,0,Yes,True,1153062.00,,SUBHAJIT PATRA,20/06/26,0,2,,No,No,,0,,8802,0,0,0,-,-,-,-,-,-,-,,-,-,-,-,-,-,-,-,-,-,-,-,-,-,-,-,-,-,-,-,-,-,-,-,-,-,-,-,-,-,-,-,-,-,-,-,-,-,-,-,-,-,-,-,-,-,-,-,-,-,-,-,-,-,-,-,-,-,-,-,-,-,-,-,-,-,-,-,-,-,-,0,0,0,0,0,0.00,0.00,0.00,,118.86,0,0
74,,00066/26-27,Demo-JB-SET-HS-3929-0426,Knits - Kids,Raju mega amrt,07/04/26,199.00,8802,0,0,0,Yes,True,1153062.00,,SUBHAJIT PATRA,20/06/26,0,2,,No,No,,0,,8802,0,0,0,-,-,-,-,-,-,-,,-,-,-,-,-,-,-,-,-,-,-,-,-,-,-,-,-,-,-,-,-,-,-,-,-,-,-,-,-,-,-,-,-,-,-,-,-,-,-,-,-,-,-,-,-,-,-,-,-,-,-,-,-,-,-,-,-,-,-,-,-,-,-,-,-,-,-,-,-,-,-,0,0,0,0,0,0.00,0.00,0.00,,118.18,0,0
74,,00067/26-27,Demo-JB-SET-HS-3930-0426,Knits - Kids,Raju mega amrt,07/04/26,199.00,8802,0,0,0,Yes,True,1153062.00,,SUBHAJIT PATRA,20/06/26,0,2,,No,No,,0,,8802,0,0,0,-,-,-,-,-,-,-,,-,-,-,-,-,-,-,-,-,-,-,-,-,-,-,-,-,-,-,-,-,-,-,-,-,-,-,-,-,-,-,-,-,-,-,-,-,-,-,-,-,-,-,-,-,-,-,-,-,-,-,-,-,-,-,-,-,-,-,-,-,-,-,-,-,-,-,-,-,-,-,0,0,0,0,0,0.00,0.00,0.00,,121.86,0,0
